overall_approval_rate,approval_rate_2nd,Curricular units 2nd sem (approved),approval_rate_1st,total_approved,grade_per_evaluation_2nd,Curricular units 2nd sem (grade),grade_per_evaluation_1st,Curricular units 1st sem (grade),Course,Admission grade,Tuition fees up to date,Curricular units 1st sem (approved),Mother's occupation,Previous qualification (grade),grade_improvement,Father's occupation,Application mode,Age at enrollment,Mother's qualification,Father's qualification,evaluation_intensity_2nd,evaluation_intensity_1st,parent_avg_qualification,Curricular units 1st sem (evaluations),Curricular units 2nd sem (evaluations),total_enrolled,GDP,economic_condition,Unemployment rate,Inflation rate,Nacionality,parent_qualification_gap,Curricular units 2nd sem (enrolled),parent_max_qualification,Curricular units 1st sem (enrolled),Scholarship holder,no_financial_stress,Application order,financial_risk,is_traditional_student,Debtor,parent_same_occupation,is_very_mature,Gender,credited_ratio_2nd,is_mature_student,Displaced,credited_ratio_1st,is_first_application
0.0,0.0,0,0.0,0,0.0,0.0,0.0,0.0,0.6712665406427221,147.7,1,0,1.2821204371076491,148.0,0.0,1.197718162195498,1.152445652173913,18,1.1213355347642635,1.277410022972858,1.0,1.0,11.0,5,5,10,-3.12,-11.719999999999999,9.4,-0.8,1.1758672525439406,16,5,19,5,1,1,1,0,1,0,0,0,1,0.0,0,0,0.0,1
0.6666666666666666,0.3333333333333333,2,1.0,8,1.4444444444444444,13.0,1.9166666666666667,11.5,1.1542253521126762,122.9,0,6,1.1939285714285715,132.0,1.5,1.148233215547703,1.225164113785558,20,1.2932721712538227,1.0974803149606298,1.5,1.0,37.5,6,9,12,1.74,-10.46,10.8,1.4,1.1876220053238686,1,6,38,6,0,0,1,0,1,0,1,0,1,0.0,0,0,0.0,1
0.9166666666666666,0.8333333333333334,5,1.0,11,1.575,12.6,1.41666666625,11.33333333,1.0189981096408318,130.9,1,6,1.2011857707509879,127.0,1.2666666699999993,1.1663749294184076,1.4102055872516233,18,1.1436586685910157,1.2799644037630307,1.3333333333333333,1.3333333333333333,11.0,8,8,12,-3.12,-11.719999999999999,9.4,-0.8,1.1584500394906667,16,6,19,6,0,0,2,0,1,0,0,0,0,0.0,0,1,0.0,0
0.75,0.8333333333333334,5,0.6666666666666666,9,1.26,12.6,0.9583333333333334,11.5,1.3096192836224372,116.5,1,4,1.192080745341615,128.0,1.0999999999999996,1.271562304971916,1.4334342940889107,18,1.302210510906163,1.3335857352222766,1.6666666666666667,2.0,38.0,12,10,12,1.74,-10.46,10.8,1.4,1.1758672525439406,0,6,38,6,1,1,1,0,1,0,0,0,1,0.0,0,0,0.0,1
0.42857142857142855,0.42857142857142855,3,0.42857142857142855,6,1.2962962966666667,11.66666667,1.1212121209090908,12.33333333,1.5796068796068796,140.0,0,3,1.2388505747126437,130.0,-0.6666666600000006,1.2795454545454545,0.748,30,1.2868092691622104,1.2365750528541226,1.2857142857142858,1.5714285714285714,1.0,11,9,14,0.79,-12.809999999999999,13.9,-0.3,1.1876220053238686,0,7,1,7,0,0,1,1,0,1,0,1,0,0.42857142857142855,1,0,0.42857142857142855,1
0.0,0.0,0,0.0,0,0.0,0.0,0.0,0.0,1.0663372859025033,134.9,1,0,1.1803307676305388,131.0,0.0,1.151400966183575,1.4334342940889107,20,1.2576025080438908,1.277410022972858,0.0,0.0,19.0,0,0,0,-0.92,-17.42,16.2,0.3,1.1758672525439406,0,0,19,0,0,0,1,0,1,1,1,0,0,0.0,0,1,0.0,1
1.0,1.0,8,1.0,16,1.679375,13.435,1.679375,13.435,1.543190537084399,126.3,1,8,1.154390451832907,139.0,0.0,1.2639209009952854,1.4102055872516233,18,1.2919274890242176,1.0880586922712827,1.0,1.0,37.5,8,8,16,-3.12,-11.719999999999999,9.4,-0.8,1.1584500394906667,1,8,38,8,1,1,5,0,1,0,1,0,0,0.0,0,1,0.0,0
0.0,0.0,0,0.0,0,0.0,0.0,0.0,0.0,0.8455652173913043,114.6,1,0,0.664626945786366,110.0,0.0,0.7802142407057341,0.73904412557989,46,0.584463768115942,0.6530292230933714,1.0,1.0,34.0,5,5,10,0.32,-9.879999999999999,7.6,2.6,1.1819062506030606,0,5,34,5,0,0,1,0,0,0,1,1,0,0.0,1,1,0.0,1
1.0,1.0,6,1.0,12,2.0952380957142855,14.66666667,2.3061224485714287,16.14285714,1.2130202278539874,160.0,1,6,1.2099177438307875,130.0,-1.4761904700000006,0.9590062111801242,0.73904412557989,27,1.100568702990277,1.061625708884688,1.1666666666666667,1.1666666666666667,2.5,7,7,12,0.79,-12.809999999999999,13.9,-0.3,1.1819062506030606,1,6,3,6,0,0,1,0,0,0,0,1,0,0.0,1,1,0.0,1
0.0,0.0,0,0.0,0,0.0,0.0,0.0,0.0,0.8310789049919485,134.0,1,0,1.2127443159154367,139.0,0.0,1.1672994488671158,1.1219620958751393,21,1.2647449755785092,1.1916457060725836,0.0,0.0,1.0,0,0,12,1.79,-11.11,12.4,0.5,1.1758672525439406,0,6,1,6,0,0,1,0,0,0,0,0,0,0.0,0,0,0.0,1
0.0,0.0,0,0.0,0,0.0,0.0,0.0,0.0,1.5568619113426172,128.0,0,0,1.1803307676305388,133.1,0.0,1.151400966183575,0.7234823625922888,32,1.302210510906163,1.277410022972858,0.0,0.0,28.5,0,0,15,-0.92,-17.42,16.2,0.3,1.1758672525439406,19,8,38,7,0,0,1,0,0,0,1,1,1,0.0,1,1,0.0,1
0.9,1.0,5,0.8,9,1.4,12.6,1.0909090909090908,12.0,0.8011627906976745,122.5,1,4,1.2388505747126437,130.0,0.5999999999999996,1.2994236311239193,1.225164113785558,19,1.2662162162162163,1.3434108527131783,1.8,2.2,28.5,11,9,10,-3.12,-11.719999999999999,9.4,-0.8,1.1876220053238686,19,5,38,5,0,0,1,0,1,0,0,0,1,0.0,0,0,0.0,1
0.8666666666666667,0.875,7,0.8571428571428571,13,1.2022727272727272,13.225,1.198,11.98,1.5568619113426172,113.2,1,6,1.2821204371076491,117.0,1.2449999999999992,1.271562304971916,1.4334342940889107,18,1.1213355347642635,1.1916457060725836,1.375,1.4285714285714286,2.0,10,11,15,-0.92,-17.42,16.2,0.3,1.1758672525439406,2,8,3,7,0,0,1,0,1,0,1,0,0,0.0,0,0,0.0,1
0.9166666666666666,0.8333333333333334,5,1.0,11,1.283333333,12.83333333,1.3968253966666666,12.57142857,0.8092753623188406,120.0,1,6,1.1990645264164983,114.0,0.2619047600000002,1.139830755763058,0.73904412557989,24,1.3338955940090156,1.339986123959297,1.6666666666666667,1.5,38.0,9,10,12,2.02,-9.68,11.1,0.6,1.1819062506030606,0,6,38,6,0,0,1,0,0,0,0,0,0,0.0,1,0,0.0,1
0.8947368421052632,0.9,9,0.8888888888888888,17,1.0925925925,13.11111111,1.0256410253846153,13.33333333,1.0140521739130435,128.2,1,8,1.0813995369179317,120.0,-0.2222222200000008,1.201176855181432,1.086482213438735,24,1.1213355347642635,1.1916457060725836,1.2,1.4444444444444444,2.0,13,12,19,-0.92,-17.42,16.2,0.3,1.1758672525439406,2,10,3,9,0,0,1,0,0,0,0,0,1,0.5,1,1,0.4444444444444444,1
0.4166666666666667,0.0,0,0.8333333333333334,5,0.0,0.0,1.5,12.0,1.331363224637681,154.4,0,5,1.2011857707509879,154.4,-12.0,1.1622608695652175,1.2718670076726344,18,1.233967927278964,1.2767270531400965,0.0,1.3333333333333333,28.5,8,0,12,1.74,-10.46,10.8,1.4,1.174782608695652,19,6,38,6,0,0,2,0,1,0,0,0,0,0.0,0,1,0.0,0
0.6,0.6,3,0.6,6,1.80952381,12.66666667,2.8,14.0,1.2067357512953367,118.9,1,3,1.0786585365853658,123.0,-1.3333333300000003,1.148233215547703,1.225164113785558,18,1.1182648401826485,1.3042389210019267,1.4,1.0,11.0,5,7,10,0.32,-9.879999999999999,7.6,2.6,1.1876220053238686,16,5,19,5,0,0,2,0,1,0,0,0,1,0.0,0,0,0.0,0
1.0,1.0,6,1.0,12,2.3611111116666668,14.16666667,1.578125,12.625,1.4912388027091983,110.0,1,6,1.2127443159154367,133.1,1.5416666699999997,1.1672994488671158,1.4334342940889107,23,1.2647449755785092,1.1916457060725836,1.0,1.3333333333333333,1.0,8,6,12,-1.7,-18.099999999999998,12.7,3.7,1.1758672525439406,0,6,1,6,0,0,1,0,0,1,0,0,0,0.0,0,0,0.0,1
0.9333333333333333,1.0,8,0.8571428571428571,14,1.7296875,13.8375,1.65625,13.25,1.5717231848623365,119.6,1,6,1.2542082169924211,122.0,0.5875000000000004,1.189437963944857,1.4304347826086956,21,1.2470369797307752,1.2050514162006132,1.0,1.1428571428571428,1.0,8,8,15,0.79,-12.809999999999999,13.9,-0.3,1.1819062506030606,0,8,1,7,0,0,6,0,0,0,1,0,0,0.0,0,1,0.0,0
1.0,1.0,7,1.0,14,1.80357142875,14.42857143,1.3968253966666666,12.57142857,0.880909090909091,131.8,1,7,1.2521505376344086,130.0,1.8571428599999997,1.3345945945945945,1.4512849162011174,18,1.2662162162162163,1.3042389210019267,1.1428571428571428,1.2857142857142858,19.0,9,8,14,2.02,-9.68,11.1,0.6,1.1876220053238686,0,7,19,7,0,0,1,0,1,0,0,0,0,0.0,0,0,0.0,1
0.0,0.0,0,0.0,0,0.0,0.0,0.0,0.0,1.331363224637681,127.0,0,0,1.1081088290210723,120.0,0.0,1.1622608695652175,1.184466819221968,18,1.25372234935164,1.2179619565217392,0.0,1.0,1.0,6,0,12,3.51,-6.790000000000001,8.9,1.4,1.1584500394906667,0,6,1,6,0,0,2,0,1,0,0,0,1,0.0,0,1,0.0,0
1.0,1.0,5,1.0,10,1.144444444,11.44444444,2.56,12.8,1.0138095238095237,130.0,1,5,1.1939285714285715,131.0,-1.3555555600000009,1.148233215547703,1.4512849162011174,19,1.2932721712538227,1.3042389210019267,2.0,1.0,28.5,5,10,10,1.74,-10.46,10.8,1.4,1.1876220053238686,19,5,38,5,0,0,1,0,1,0,1,0,1,0.0,0,1,0.0,1
1.0,1.0,6,1.0,12,1.8888888883333335,11.33333333,1.259259258888889,11.33333333,1.2413610586011343,97.0,1,6,1.2821204371076491,160.0,0.0,1.1051039697542533,0.7234823625922888,35,1.0986103210077205,1.1281060708036075,1.0,1.5,37.0,9,6,12,-4.06,-22.36,15.5,2.8,1.1758672525439406,0,6,37,6,1,1,1,0,0,0,0,1,0,0.0,1,0,0.0,1
1.0,1.0,5,1.0,10,2.84,14.2,2.84,14.2,0.640366132723112,143.4,0,5,1.2099177438307875,150.0,0.0,1.264619822790027,1.4304347826086956,18,1.2470369797307752,1.2050514162006132,1.0,1.0,1.0,5,5,10,3.51,-6.790000000000001,8.9,1.4,1.1819062506030606,0,5,1,5,1,0,1,0,1,0,1,0,1,0.0,0,0,0.0,1
0.8275862068965517,0.8461538461538461,11,0.8125,24,0.8811188807692307,11.45454545,0.6826923075,10.92307692,1.2413610586011343,112.3,1,13,1.251728743136964,121.0,0.5314685299999997,1.355244411692459,1.1219620958751393,22,1.2647449755785092,1.3335857352222766,1.0,1.0,19.5,16,13,29,-0.92,-17.42,16.2,0.3,1.1758672525439406,37,13,38,16,0,0,1,0,0,0,0,0,0,1.0,0,0,0.875,1
0.1,0.0,0,0.2,1,0.0,0.0,1.25,10.0,0.640366132723112,106.8,1,1,1.1990645264164983,110.0,-10.0,1.204451156505842,0.73904412557989,34,1.117896865520728,1.1229617418778761,1.8,1.6,37.0,8,9,10,3.51,-6.790000000000001,8.9,1.4,1.1819062506030606,0,5,37,5,0,0,1,0,0,0,1,1,1,0.0,1,0,0.0,1
0.7333333333333333,0.75,6,0.7142857142857143,11,1.0530303027272727,11.58333333,0.7999999999999999,11.2,1.095283714075166,131.5,1,5,1.0242050616482803,135.0,0.383333330000001,1.0402415458937198,1.4102055872516233,21,1.25372234935164,1.2179619565217392,1.375,2.0,1.0,14,11,15,-0.92,-17.42,16.2,0.3,1.1584500394906667,0,8,1,7,1,1,1,0,0,0,1,0,1,0.0,0,0,0.0,1
0.75,0.8333333333333334,5,0.6666666666666666,9,1.8333333333333333,11.0,1.4722222222222223,13.25,1.140246768507638,95.0,0,4,1.251728743136964,95.0,-2.25,1.225328614762386,1.4334342940889107,21,1.0986103210077205,1.1281060708036075,1.0,1.5,37.0,9,6,12,-1.7,-18.099999999999998,12.7,3.7,1.1758672525439406,0,6,37,6,0,0,1,0,0,0,0,0,1,0.0,0,0,0.0,1
0.6666666666666666,0.8333333333333334,5,0.5,8,1.3125,13.125,1.80952381,12.66666667,1.1767016491754123,115.2,0,3,1.2013971665852468,126.0,0.4583333300000003,1.2639209009952854,1.184466819221968,19,1.25372234935164,1.2179619565217392,1.6666666666666667,1.1666666666666667,1.0,7,10,12,1.74,-10.46,10.8,1.4,1.1584500394906667,0,6,1,6,0,0,4,0,1,0,0,0,0,0.0,0,0,0.0,0
0.0,0.0,0,0.0,0,0.0,0.0,0.0,0.0,0.9982473879339401,137.1,1,0,1.3003910743041178,135.0,0.0,1.1782208343342142,1.4404225006140996,18,1.2643147284489245,1.2742242031788749,0.0,0.0,10.0,0,0,0,-1.7,-18.099999999999998,12.7,3.7,1.1743905726499018,18,0,19,0,0,0,1,0,1,0,0,0,0,0.0,0,1,0.0,1
1.0,1.0,5,1.0,10,2.1999999999999997,13.2,2.0571428571428574,14.4,1.1621118012422362,143.2,1,5,1.225732834939996,133.0,-1.200000000000001,1.1559857057772485,1.4404225006140996,19,1.2643147284489245,1.1019750589821369,1.2,1.4,19.0,7,6,10,0.32,-9.879999999999999,7.6,2.6,1.1743905726499018,36,5,37,5,0,0,1,0,1,0,0,0,0,0.0,0,0,0.0,1
0.6,0.6,3,0.6,6,1.1746031744444445,10.57142857,1.1111111111111112,10.0,1.0296727924697446,119.1,0,3,1.251728743136964,132.0,0.5714285700000001,1.355244411692459,1.152445652173913,20,1.1213355347642635,1.146645195920558,1.8,1.8,3.0,9,9,10,1.74,-10.46,10.8,1.4,1.1758672525439406,0,5,3,5,0,0,2,1,1,1,0,0,0,0.0,0,1,0.0,0
1.0,1.0,6,1.0,12,1.8979591842857142,13.28571429,1.9166666666666667,11.5,1.2359420289855074,133.4,1,6,1.1933908806863316,130.0,1.7857142899999996,1.1782208343342142,1.1581913043478262,21,1.2643147284489245,1.2742242031788749,1.1666666666666667,1.0,10.0,6,7,12,1.79,-11.11,12.4,0.5,1.1743905726499018,18,6,19,6,1,1,1,0,0,0,1,0,0,0.3333333333333333,0,0,0.5,1
0.75,0.6666666666666666,4,0.8333333333333334,9,1.0454545454545454,11.5,1.7428571428571427,12.2,1.331363224637681,112.3,0,5,1.1081088290210723,121.0,-0.6999999999999993,0.9459469417833456,1.4102055872516233,18,1.1436586685910157,1.0820586694604504,1.8333333333333333,1.1666666666666667,3.0,7,11,12,2.02,-9.68,11.1,0.6,1.1584500394906667,0,6,3,6,0,0,1,1,1,1,1,0,0,0.0,0,1,0.0,1
0.68,0.75,9,0.6153846153846154,17,0.5438596489473685,10.33333333,0.65625,10.5,0.7509316770186336,122.5,1,8,1.1939285714285715,120.0,-0.16666666999999968,1.3345945945945945,0.9358381502890174,29,1.0831439393939393,1.0974803149606298,1.5833333333333333,1.2307692307692308,37.0,16,19,25,-3.12,-11.719999999999999,9.4,-0.8,1.1876220053238686,0,12,37,13,0,0,1,0,0,0,0,1,0,0.6666666666666666,1,1,0.6153846153846154,1
0.8666666666666667,0.75,6,1.0,13,0.9916666666666667,11.9,1.4006944444444445,12.60625,1.5796068796068796,108.5,1,7,1.2783606557377047,133.1,-0.7062499999999989,1.196590909090909,1.4512849162011174,19,1.2662162162162163,1.3042389210019267,1.5,1.2857142857142858,19.0,9,12,15,1.79,-11.11,12.4,0.5,1.1876220053238686,0,8,19,7,0,0,3,0,1,0,1,0,0,0.0,0,1,0.0,0
0.875,0.875,7,0.875,14,1.208181818181818,13.29,1.208181818181818,13.29,1.5796068796068796,120.0,1,7,1.2783606557377047,130.0,0.0,1.2994236311239193,0.748,25,1.2932721712538227,1.0974803149606298,1.375,1.375,37.5,11,11,16,-3.12,-11.719999999999999,9.4,-0.8,1.1876220053238686,1,8,38,8,1,1,1,0,0,0,0,0,0,0.0,1,1,0.0,1
0.75,0.6666666666666666,4,0.8333333333333334,9,1.5238095233333333,13.71428571,1.9666666666666668,11.8,1.1767016491754123,114.2,1,5,1.2239130434782608,124.0,1.9142857099999997,1.245065950170982,1.184466819221968,18,1.0449937888198757,1.2799644037630307,1.5,1.0,28.0,6,9,12,1.74,-10.46,10.8,1.4,1.1584500394906667,18,6,37,6,0,0,1,0,1,1,0,0,0,0.0,0,1,0.0,1
0.0,0.0,0,0.0,0,0.0,0.0,0.0,0.0,1.545408163265306,118.9,1,0,0.6161764705882353,129.0,0.0,1.196590909090909,0.9358381502890174,22,0.5958333333333333,1.2416666666666665,2.0,1.8333333333333333,32.0,11,10,11,-3.12,-11.719999999999999,9.4,-0.8,1.1876220053238686,4,5,34,6,0,0,2,0,0,0,0,0,1,0.0,0,1,0.0,0
0.0,0.0,0,0.0,0,0.0,0.0,0.0,0.0,1.1767016491754123,106.5,0,0,1.2239130434782608,110.0,0.0,1.245065950170982,1.184466819221968,20,0.8976284584980238,1.0820586694604504,1.5,1.0,7.5,6,9,12,1.74,-10.46,10.8,1.4,1.1584500394906667,9,6,12,6,0,0,1,1,1,1,0,0,0,0.0,0,1,0.0,1
1.0,1.0,6,1.0,12,1.625,13.0,2.194444445,13.16666667,1.4912388027091983,130.0,1,6,1.2127443159154367,133.1,-0.16666666999999968,1.201176855181432,0.7234823625922888,31,1.2647449755785092,1.0399209486166008,1.3333333333333333,1.0,1.5,6,8,12,-3.12,-11.719999999999999,9.4,-0.8,1.1758672525439406,1,6,2,6,0,0,1,0,0,0,0,1,0,0.0,1,0,0.0,1
0.8666666666666667,0.7142857142857143,5,1.0,13,0.9333333333333332,11.2,1.453125,11.625,1.1767016491754123,110.0,1,8,1.1973403408186016,150.0,-0.4250000000000007,1.1663210702341136,0.9867874396135266,40,1.0449937888198757,1.0880586922712827,1.7142857142857142,1.0,37.0,8,12,15,-3.12,-11.719999999999999,9.4,-0.8,1.1584500394906667,0,7,37,8,0,0,1,0,0,0,0,1,0,0.42857142857142855,1,0,0.5,1
0.875,0.875,7,0.875,14,1.74642857125,13.97142857,1.74642857125,13.97142857,1.5568619113426172,136.3,1,7,1.1803307676305388,145.0,0.0,1.355244411692459,1.4334342940889107,18,1.2576025080438908,1.3335857352222766,1.0,1.0,28.5,8,8,16,-1.7,-18.099999999999998,12.7,3.7,1.1758672525439406,19,8,38,8,1,1,3,0,1,0,0,0,0,0.0,0,1,0.0,0
0.5833333333333334,0.6666666666666666,4,0.5,7,0.8214285714285714,11.5,0.6481481483333333,11.66666667,1.0411544227886058,140.0,1,3,1.442391304347826,140.0,-0.16666666999999968,1.2816864295125163,1.1581913043478262,19,1.2357226792009401,1.3033971014492753,2.3333333333333335,3.0,38.0,18,14,12,-4.06,-22.36,15.5,2.8,1.1743905726499018,0,6,38,6,0,0,1,0,1,0,0,0,0,0.0,0,0,0.0,1
0.9333333333333333,0.875,7,1.0,14,1.0634259258333334,12.76111111,1.4283950622222223,12.85555556,1.547589908749329,123.9,1,7,1.1933908806863316,127.0,-0.09444445000000101,1.3083536883243772,1.4404225006140996,18,1.2693138979643126,1.1019750589821369,1.5,1.2857142857142858,28.0,9,12,15,-4.06,-22.36,15.5,2.8,1.1743905726499018,18,8,37,7,1,1,1,0,1,0,0,0,0,0.0,0,1,0.0,1
0.0,0.0,0,0.0,0,0.0,0.0,0.0,0.0,1.0411544227886058,130.0,1,0,1.2125797101449276,130.0,0.0,1.1782208343342142,0.7131609870740305,27,1.2643147284489245,1.2742242031788749,1.6666666666666667,1.3333333333333333,10.0,8,10,12,-0.92,-17.42,16.2,0.3,1.1743905726499018,18,6,19,6,0,0,1,0,0,0,0,1,1,0.0,1,0,0.0,1
0.6666666666666666,0.3333333333333333,2,1.0,8,1.9166666666666667,11.5,1.266666667,12.66666667,1.545408163265306,125.8,0,6,1.2783606557377047,137.0,-1.1666666699999997,1.3345945945945945,1.225164113785558,18,1.2868092691622104,1.3434108527131783,1.0,1.6666666666666667,19.5,10,6,12,-1.7,-18.099999999999998,12.7,3.7,1.1876220053238686,37,6,38,6,1,0,1,0,1,0,0,0,0,0.0,0,0,0.0,1
0.75,0.8333333333333334,5,0.6666666666666666,9,2.1,12.6,1.5625,12.5,1.3096192836224372,126.5,1,4,1.2821204371076491,130.0,0.09999999999999964,1.151400966183575,1.4334342940889107,18,1.2576025080438908,1.3335857352222766,1.0,1.3333333333333333,28.5,8,6,12,-1.7,-18.099999999999998,12.7,3.7,1.1758672525439406,19,6,38,6,0,0,2,0,1,0,0,0,0,0.0,0,1,0.0,0
1.0,1.0,6,1.0,12,1.4625,14.625,2.0,16.0,1.2130202278539874,150.9,1,6,1.2099177438307875,156.0,-1.375,1.318361688720857,1.4304347826086956,18,1.1889855072463769,1.0642140468227426,1.6666666666666667,1.3333333333333333,40.0,8,10,12,2.02,-9.68,11.1,0.6,1.1819062506030606,0,6,40,6,0,0,2,0,1,0,0,0,0,0.0,0,1,0.0,0
0.8333333333333334,0.8333333333333334,5,0.8333333333333334,10,1.7428571428571427,12.2,1.45833333375,11.66666667,1.0138998682476945,123.7,1,5,1.1990645264164983,131.0,0.5333333299999996,1.204451156505842,1.4304347826086956,19,1.2275607958732497,1.1229617418778761,1.1666666666666667,1.3333333333333333,28.0,8,7,12,3.51,-6.790000000000001,8.9,1.4,1.1819062506030606,18,6,37,6,1,1,5,0,1,0,1,0,0,0.0,0,0,0.0,0
0.9333333333333333,1.0,8,0.8571428571428571,14,1.1876033054545454,13.06363636,1.5833333333333333,14.25,1.5796068796068796,138.6,1,6,1.2145569620253165,140.0,-1.1863636399999997,1.2994236311239193,0.9358381502890174,19,1.2662162162162163,1.3042389210019267,1.375,1.2857142857142858,19.0,9,11,15,-0.92,-17.42,16.2,0.3,1.1876220053238686,0,8,19,7,1,1,1,0,1,0,1,0,0,0.0,0,0,0.0,1
1.0,1.0,8,1.0,15,1.3660999999999999,13.661,1.378,13.78,1.547589908749329,125.1,1,7,1.225732834939996,130.0,-0.11899999999999977,1.2816864295125163,1.4404225006140996,18,1.2643147284489245,1.2414858951680476,1.25,1.4285714285714286,1.0,10,10,15,-4.06,-22.36,15.5,2.8,1.1743905726499018,0,8,1,7,0,0,2,0,1,0,0,0,0,0.0,0,1,0.0,0
0.7857142857142857,0.8571428571428571,6,0.7142857142857143,11,1.69375,13.55,1.4460000000000002,14.46,1.5717231848623365,107.8,1,5,1.257707509881423,113.0,-0.9100000000000001,1.3195652173913044,1.4304347826086956,20,1.100568702990277,1.2050514162006132,1.1428571428571428,1.4285714285714286,2.0,10,8,14,1.79,-11.11,12.4,0.5,1.1819062506030606,2,7,3,7,1,1,3,0,1,0,0,0,0,0.0,0,1,0.0,0
0.0,0.0,0,0.0,0,0.0,0.0,0.0,0.0,0.9622563718140928,119.1,1,0,1.1081088290210723,124.0,0.0,0.9459469417833456,1.4102055872516233,18,1.1436586685910157,1.0820586694604504,0.0,0.0,3.0,0,0,0,-0.92,-17.42,16.2,0.3,1.1584500394906667,0,0,3,0,0,0,1,0,1,0,1,0,1,0.0,0,1,0.0,1
0.0,0.0,0,0.0,0,0.0,0.0,0.0,0.0,0.9177633108579399,102.5,0,0,1.1973403408186016,133.1,0.0,1.1624045504129656,0.7491078753076292,26,1.233967927278964,1.2767270531400965,0.0,1.0,28.5,4,0,9,-1.7,-18.099999999999998,12.7,3.7,1.1584500394906667,19,5,38,4,0,0,2,0,0,0,1,1,1,0.0,1,0,0.0,0
1.0,1.0,5,1.0,14,2.56,12.8,1.5802469133333334,14.22222222,0.7911983032873808,130.0,1,9,1.1803307676305388,130.0,-1.42222222,1.151400966183575,0.7327294685990338,31,1.0986103210077205,1.1281060708036075,1.0,1.0,37.0,9,5,14,-1.7,-18.099999999999998,12.7,3.7,1.1758672525439406,0,5,37,9,0,0,1,0,0,0,1,1,1,1.0,1,0,1.0,1
1.0,1.0,6,1.0,12,2.3333333333333335,14.0,1.9761904757142859,13.83333333,1.49416149068323,139.2,1,6,1.1933908806863316,136.0,0.16666666999999968,1.2021125030704987,1.4404225006140996,18,1.0901394585726005,1.3033971014492753,1.0,1.1666666666666667,37.5,7,6,12,-3.12,-11.719999999999999,9.4,-0.8,1.1743905726499018,1,6,38,6,0,0,2,0,1,0,0,0,0,0.0,0,1,0.0,0
0.0,0.0,0,0.0,0,0.0,0.0,0.0,0.0,1.0972332015810278,176.0,1,0,1.1990645264164983,169.0,0.0,1.318361688720857,1.4304347826086956,18,1.2275607958732497,1.1229617418778761,0.0,0.0,28.0,0,0,0,1.79,-11.11,12.4,0.5,1.1819062506030606,18,0,37,0,1,1,1,0,1,0,0,0,0,0.0,0,1,0.0,1
0.8,0.8,4,0.8,8,0.9545454545454546,10.5,0.8653846153846154,11.25,1.2021517302573204,130.0,1,4,1.1973403408186016,130.0,-0.75,1.2639209009952854,0.7491078753076292,28,1.0449937888198757,1.2799644037630307,2.2,2.6,28.0,13,11,10,-1.7,-18.099999999999998,12.7,3.7,1.1584500394906667,18,5,37,5,0,0,1,0,0,0,0,1,0,0.0,1,1,0.0,1
0.5833333333333334,0.5,3,0.6666666666666666,7,1.0606060609090908,11.66666667,1.15,11.5,1.0138998682476945,138.6,1,4,0.664626945786366,138.6,0.16666666999999968,0.7802142407057341,1.0228260869565218,20,0.584463768115942,0.6530292230933714,1.8333333333333333,1.6666666666666667,34.0,10,11,12,0.32,-9.879999999999999,7.6,2.6,1.1819062506030606,0,6,34,6,0,0,1,0,1,0,1,0,1,0.0,0,1,0.0,1
1.0,1.0,8,1.0,15,1.8703125,14.9625,2.0989795914285714,14.69285714,1.5568619113426172,117.1,1,7,1.1803307676305388,129.0,0.26964286000000115,1.151400966183575,1.4334342940889107,30,1.0986103210077205,1.1281060708036075,1.0,1.0,37.0,7,8,15,1.79,-11.11,12.4,0.5,1.1758672525439406,0,8,37,7,0,0,4,0,0,0,1,1,0,0.0,1,1,0.0,0
0.7333333333333333,0.8333333333333334,10,0.6666666666666666,22,0.9533333333333334,14.3,0.401785714375,12.85714286,0.7812111801242235,150.0,1,12,1.2011857707509879,150.0,1.442857140000001,1.1663210702341136,1.2388849929873773,22,1.25701394585726,1.2179619565217392,1.25,1.7777777777777777,1.5,32,15,30,-0.92,-17.42,16.2,0.3,1.1584500394906667,1,12,2,18,0,0,1,0,0,0,0,0,1,0.6666666666666666,0,1,0.6111111111111112,1
0.0,0.0,0,0.0,0,0.0,0.0,0.0,0.0,1.0296727924697446,120.0,1,0,1.1803307676305388,133.1,0.0,1.151400966183575,0.7234823625922888,25,1.0986103210077205,1.1281060708036075,0.0,0.0,37.0,0,0,10,-3.12,-11.719999999999999,9.4,-0.8,1.1758672525439406,0,5,37,5,0,0,1,0,0,0,1,0,0,0.0,1,0,0.0,1
1.0,1.0,6,1.0,12,2.1111111116666668,12.66666667,2.1388888883333332,12.83333333,1.49416149068323,124.2,1,6,1.225732834939996,134.0,-0.16666666000000063,1.1782208343342142,1.4404225006140996,19,1.2643147284489245,1.2414858951680476,1.0,1.0,1.0,6,6,12,-3.12,-11.719999999999999,9.4,-0.8,1.1743905726499018,0,6,1,6,1,0,1,0,1,1,0,0,0,0.0,0,1,0.0,1
0.75,0.8333333333333334,5,0.6666666666666666,9,0.8846153846153846,11.5,0.9772727272727273,10.75,1.545408163265306,113.2,1,4,1.1939285714285715,123.0,0.75,1.148233215547703,1.225164113785558,20,1.2868092691622104,1.2365750528541226,2.1666666666666665,1.8333333333333333,1.0,11,13,12,-4.06,-22.36,15.5,2.8,1.1876220053238686,0,6,1,6,1,1,1,0,1,0,1,0,0,0.0,0,0,0.0,1
1.0,1.0,6,1.0,12,2.3888888883333332,14.33333333,1.93877551,13.57142857,1.168944099378882,122.3,1,6,1.1990645264164983,137.0,0.7619047600000002,1.204451156505842,1.4304347826086956,18,1.3338955940090156,1.1229617418778761,1.0,1.1666666666666667,37.5,7,6,12,1.79,-11.11,12.4,0.5,1.1819062506030606,1,6,38,6,1,1,1,0,1,0,1,0,1,0.0,0,0,0.0,1
0.0,0.0,0,0.0,0,0.0,0.0,0.0,0.0,1.0663372859025033,143.3,1,0,1.2127443159154367,137.0,0.0,1.0612395929694727,1.2294441386901487,18,1.2647449755785092,1.1916457060725836,0.0,0.0,1.0,0,0,0,-3.12,-11.719999999999999,9.4,-0.8,1.1758672525439406,0,0,1,0,0,0,2,0,1,0,0,0,0,0.0,0,1,0.0,0
1.0,1.0,8,1.0,16,1.3053750000000002,13.05375,1.3053750000000002,13.05375,1.547589908749329,129.8,1,8,1.0673369565217392,151.0,0.0,1.0542490118577075,1.4404225006140996,18,1.1418478260869565,1.2414858951680476,1.25,1.25,2.0,10,10,16,-3.12,-11.719999999999999,9.4,-0.8,1.1743905726499018,2,8,3,8,0,0,6,0,1,0,0,0,1,0.0,0,1,0.0,0
0.875,0.875,7,0.875,14,1.249350649090909,13.74285714,1.249350649090909,13.74285714,1.5568619113426172,150.0,1,7,1.2127443159154367,150.0,0.0,1.151400966183575,0.7327294685990338,29,1.0986103210077205,1.1281060708036075,1.375,1.375,37.0,11,11,16,-1.7,-18.099999999999998,12.7,3.7,1.1758672525439406,0,8,37,8,0,0,1,0,0,0,0,1,0,0.125,1,0,0.125,1
1.0,1.0,6,1.0,12,2.040816327142857,14.28571429,2.305555555,13.83333333,1.168944099378882,125.5,0,6,1.1990645264164983,123.0,0.4523809599999993,1.2806596701649176,1.4304347826086956,19,1.2275607958732497,1.2921636019934695,1.1666666666666667,1.0,19.0,6,7,12,3.51,-6.790000000000001,8.9,1.4,1.1819062506030606,0,6,19,6,1,0,1,0,1,0,0,0,0,0.0,0,0,0.0,1
0.4,0.2,1,0.6,4,1.3,13.0,0.9444444441666667,11.33333333,0.8409172126265634,130.0,0,3,1.225732834939996,130.0,1.6666666699999997,1.1782208343342142,1.1581913043478262,21,1.2643147284489245,1.1019750589821369,2.0,2.4,19.0,12,10,10,-4.06,-22.36,15.5,2.8,1.1743905726499018,36,5,37,5,0,0,1,0,0,0,0,0,0,0.0,0,0,0.0,1
1.0,1.0,8,1.0,15,1.77890625,14.23125,1.8336734700000001,12.83571429,1.543190537084399,98.1,1,7,1.1081088290210723,97.0,1.395535709999999,1.2639209009952854,1.4102055872516233,21,1.25372234935164,1.2799644037630307,1.0,1.0,10.0,7,8,15,2.02,-9.68,11.1,0.6,1.1584500394906667,18,8,19,7,0,0,2,0,0,0,0,0,0,0.0,0,1,0.0,0
1.0,1.0,6,1.0,12,2.3611111116666668,14.16666667,2.4722222216666667,14.83333333,1.331363224637681,133.3,1,6,1.2239130434782608,135.0,-0.6666666600000006,1.245065950170982,1.4102055872516233,18,1.2919274890242176,1.2767270531400965,1.0,1.0,38.0,6,6,12,3.51,-6.790000000000001,8.9,1.4,1.1584500394906667,0,6,38,6,1,1,3,0,1,0,0,0,0,0.0,0,1,0.0,0
0.5833333333333334,0.6666666666666666,4,0.5,7,1.0227272727272727,11.25,1.0909090909090908,12.0,1.0588932806324112,124.9,1,3,1.1933908806863316,134.0,-0.75,1.1697181559973782,1.2069998195922786,19,1.2693138979643126,1.2414858951680476,1.8333333333333333,1.8333333333333333,10.0,11,11,12,0.32,-9.879999999999999,7.6,2.6,1.1743905726499018,18,6,19,6,0,0,1,0,1,0,0,0,0,0.0,0,1,0.0,1
1.0,1.0,6,1.0,12,2.6388888883333332,15.83333333,2.163265305714286,15.14285714,1.4912388027091983,159.7,1,6,1.3066447908121412,153.0,0.69047619,1.355244411692459,1.2294441386901487,18,1.302210510906163,1.3335857352222766,1.0,1.1666666666666667,38.0,7,6,12,-1.7,-18.099999999999998,12.7,3.7,1.1758672525439406,0,6,38,6,1,1,1,0,1,0,1,0,0,0.0,0,1,0.0,1
0.5,0.5,3,0.5,6,0.8333333335714286,11.66666667,1.233333333,12.33333333,1.2292035398230086,111.0,1,3,1.2783606557377047,100.0,-0.6666666600000006,1.196590909090909,0.748,26,1.0831439393939393,1.0974803149606298,2.3333333333333335,1.6666666666666667,37.0,10,14,12,0.32,-9.879999999999999,7.6,2.6,1.1876220053238686,0,6,37,6,1,1,1,0,0,0,1,1,0,0.0,1,1,0.0,1
0.0,0.0,0,0.0,0,0.0,0.0,0.0,0.0,0.8455652173913043,161.9,1,0,1.1224184782608695,100.0,0.0,1.1004459308807135,0.73904412557989,59,1.117896865520728,1.1229617418778761,1.4,1.4,37.0,7,7,10,-0.92,-17.42,16.2,0.3,1.1819062506030606,0,5,37,5,0,0,1,0,0,0,1,1,1,0.0,1,0,0.0,1
0.3,0.2,1,0.4,3,1.0833333333333333,13.0,1.0,10.0,1.0296727924697446,113.7,0,2,1.1803307676305388,121.0,3.0,1.151400966183575,1.4334342940889107,20,1.2647449755785092,1.277410022972858,2.4,2.0,10.0,10,12,10,0.32,-9.879999999999999,7.6,2.6,1.1758672525439406,18,5,19,5,0,0,2,0,1,0,1,0,0,0.0,0,1,0.0,0
0.4,0.6,3,0.2,4,1.7777777783333333,10.66666667,1.375,11.0,1.1767016491754123,100.0,0,1,0.6219486642221058,133.1,-0.3333333300000003,0.772524154589372,0.7491078753076292,27,0.5682898550724638,0.6546057479734708,1.2,1.6,34.0,8,6,10,0.32,-9.879999999999999,7.6,2.6,1.1584500394906667,0,5,34,5,0,0,2,0,0,0,1,1,1,0.0,1,1,0.0,0
0.8333333333333334,0.8333333333333334,5,0.8333333333333334,10,1.22,12.2,1.1800000000000002,11.8,1.0605978260869566,130.4,1,5,1.2127443159154367,122.0,0.3999999999999986,1.271562304971916,1.2294441386901487,18,1.2647449755785092,1.277410022972858,1.6666666666666667,1.6666666666666667,10.0,10,10,12,2.02,-9.68,11.1,0.6,1.1758672525439406,18,6,19,6,0,0,1,0,1,0,0,0,0,0.0,0,1,0.0,1
0.35714285714285715,0.0,0,0.7142857142857143,5,0.0,0.0,1.0083333333333333,12.1,1.218035426731079,117.1,1,5,1.225732834939996,122.0,-12.1,1.1803969095591578,1.2069998195922786,19,1.2643147284489245,1.2414858951680476,0.0,1.7142857142857142,1.0,12,0,14,0.79,-12.809999999999999,13.9,-0.3,1.1743905726499018,0,7,1,7,0,0,6,0,1,0,0,0,0,0.0,0,1,0.0,0
1.0,1.0,6,1.0,12,1.8571428571428572,13.0,2.1666666666666665,13.0,1.331363224637681,135.8,1,6,1.1973403408186016,140.0,0.0,1.1663210702341136,1.4102055872516233,19,1.233967927278964,1.0880586922712827,1.1666666666666667,1.0,28.0,6,7,12,1.74,-10.46,10.8,1.4,1.1584500394906667,18,6,37,6,1,1,1,0,1,0,0,0,0,0.0,0,1,0.0,1
0.9166666666666666,1.0,6,0.8333333333333334,11,1.944444445,11.66666667,0.7857142857142857,11.0,1.4912388027091983,126.9,1,5,0.5853708439897698,143.0,0.6666666699999997,1.355244411692459,1.2294441386901487,18,1.0986103210077205,1.3335857352222766,1.0,2.3333333333333335,37.5,14,6,12,0.32,-9.879999999999999,7.6,2.6,1.1758672525439406,1,6,38,6,0,0,3,0,1,0,0,0,0,0.0,0,1,0.0,0
0.875,0.875,7,0.875,14,1.8,14.4,1.8,14.4,1.543190537084399,139.8,1,7,1.154390451832907,141.0,0.0,1.1624045504129656,1.4102055872516233,19,1.233967927278964,1.2799644037630307,1.0,1.0,19.0,8,8,16,-1.7,-18.099999999999998,12.7,3.7,1.1584500394906667,0,8,19,8,1,1,1,0,1,0,0,0,0,0.0,0,0,0.0,1
1.0,1.0,5,1.0,10,2.96,14.8,3.16,15.8,0.8455652173913043,139.0,1,5,1.1990645264164983,140.0,-1.0,1.204451156505842,0.73904412557989,27,1.2470369797307752,1.2921636019934695,1.0,1.0,10.0,5,5,10,3.51,-6.790000000000001,8.9,1.4,1.1819062506030606,18,5,19,5,0,0,1,0,0,0,1,1,0,0.0,1,0,0.0,1
0.9166666666666666,0.8333333333333334,5,1.0,11,2.0,14.0,2.0277777783333333,12.16666667,1.2830584707646178,118.3,1,6,1.194817160955946,120.0,1.8333333300000003,1.189437963944857,1.0228260869565218,20,1.3338955940090156,1.2921636019934695,1.1666666666666667,1.0,28.5,6,7,12,-1.7,-18.099999999999998,12.7,3.7,1.1819062506030606,19,6,38,6,0,0,1,0,1,0,0,0,0,0.0,0,0,0.3333333333333333,1
1.0,1.0,6,1.0,12,2.1111111116666668,12.66666667,2.194444445,13.16666667,1.3541407867494824,126.3,1,6,1.154390451832907,128.0,-0.5,1.3025204788909892,1.4102055872516233,19,1.233967927278964,1.0345050878815911,1.0,1.0,10.5,6,6,12,-4.06,-22.36,15.5,2.8,1.1584500394906667,17,6,19,6,0,0,1,0,1,0,0,0,0,0.0,0,1,0.0,1
0.875,0.875,7,0.875,14,1.59303571375,12.74428571,1.59303571375,12.74428571,1.547589908749329,120.8,1,7,1.2125797101449276,129.0,0.0,1.1803969095591578,1.4404225006140996,20,1.2357226792009401,1.3033971014492753,1.0,1.0,38.0,8,8,16,1.74,-10.46,10.8,1.4,1.1743905726499018,0,8,38,8,1,1,1,0,1,0,1,0,0,0.0,0,1,0.0,1
0.6470588235294118,0.5,4,0.7777777777777778,11,0.8166666666666667,12.25,0.8061224492857143,11.28571429,1.0140521739130435,120.0,1,7,1.0813995369179317,120.0,0.9642857100000004,1.201176855181432,1.156304347826087,21,1.1213355347642635,1.0399209486166008,1.875,1.5555555555555556,2.5,14,15,17,-1.7,-18.099999999999998,12.7,3.7,1.1758672525439406,1,8,3,9,0,0,1,0,0,0,0,0,1,0.25,0,1,0.4444444444444444,1
1.0,1.0,5,1.0,10,1.6857142857142857,11.8,1.380952381111111,12.42857143,0.7509316770186336,127.5,1,5,1.2388505747126437,145.0,-0.6285714299999992,1.148233215547703,1.4512849162011174,22,1.2428571428571429,1.0974803149606298,1.4,1.8,19.5,9,7,10,0.32,-9.879999999999999,7.6,2.6,1.1876220053238686,35,5,37,5,0,0,1,0,0,0,0,0,1,0.0,0,1,0.0,1
0.0,0.0,0,0.0,0,0.0,0.0,0.0,0.0,1.1542253521126762,119.2,1,0,1.2783606557377047,129.0,0.0,1.196590909090909,1.225164113785558,21,1.2868092691622104,1.3042389210019267,0.0,0.0,10.0,0,0,12,3.51,-6.790000000000001,8.9,1.4,1.1876220053238686,18,6,19,6,0,0,2,0,0,0,1,0,0,0.0,0,1,0.0,0
0.6666666666666666,0.6666666666666666,4,0.6666666666666666,8,0.8,12.0,0.8307692307692308,10.8,1.2531772575250835,123.0,1,4,1.2013971665852468,137.0,1.1999999999999993,1.3025204788909892,1.0364130434782608,20,1.25372234935164,1.2179619565217392,2.5,2.1666666666666665,1.0,13,15,12,-0.92,-17.42,16.2,0.3,1.1584500394906667,0,6,1,6,0,0,1,0,1,1,0,0,0,0.0,0,0,0.0,1
0.9285714285714286,1.0,7,0.8571428571428571,13,1.8979591842857142,13.28571429,1.3,13.0,0.8310789049919485,108.0,1,6,1.1803307676305388,115.0,0.2857142899999996,1.151400966183575,1.4334342940889107,19,1.2576025080438908,1.3335857352222766,1.0,1.4285714285714286,28.5,10,7,14,1.79,-11.11,12.4,0.5,1.1758672525439406,19,7,38,7,1,1,1,0,1,0,1,0,0,0.0,0,0,0.0,1
1.0,1.0,7,1.0,14,1.6938775514285713,11.85714286,1.3174603177777777,11.85714286,0.8927536231884058,112.9,1,7,1.0673369565217392,122.0,0.0,1.2816864295125163,1.4404225006140996,18,1.1418478260869565,1.2742242031788749,1.0,1.2857142857142858,11.0,9,7,14,-0.92,-17.42,16.2,0.3,1.1743905726499018,16,7,19,7,0,0,1,0,1,0,0,0,0,0.0,0,0,0.0,1
0.9375,0.8571428571428571,6,1.0,15,1.5416666666666667,13.875,1.1212121208333332,13.45454545,0.6712665406427221,133.6,1,9,1.2821204371076491,136.0,0.42045455000000054,1.197718162195498,1.1219620958751393,20,1.2647449755785092,1.277410022972858,1.2857142857142858,1.3333333333333333,10.0,12,9,16,2.02,-9.68,11.1,0.6,1.1758672525439406,18,7,19,9,0,0,1,0,1,0,0,0,1,0.2857142857142857,0,1,0.4444444444444444,1
1.0,1.0,8,1.0,16,1.638125,13.105,1.638125,13.105,1.5796068796068796,123.0,1,8,1.2521505376344086,123.0,0.0,1.2770334928229667,1.1977777777777778,21,1.0831439393939393,1.0974803149606298,1.0,1.0,37.0,8,8,16,-3.12,-11.719999999999999,9.4,-0.8,1.1876220053238686,0,8,37,8,1,1,1,0,0,0,1,0,0,0.0,0,1,0.0,1
0.8,0.6,3,1.0,8,1.08,10.8,1.116666667,11.16666667,0.6201419698314108,117.0,1,5,1.3003910743041178,133.1,-0.366666669999999,1.2816864295125163,1.2069998195922786,21,1.2643147284489245,1.1505314009661836,2.0,2.0,1.5,10,10,10,1.79,-11.11,12.4,0.5,1.1743905726499018,1,5,2,5,0,0,2,0,0,0,1,0,1,0.0,0,1,0.0,0
1.0,1.0,8,1.0,15,1.9828125,15.8625,1.8484375,14.7875,1.543190537084399,132.7,1,7,1.1973403408186016,142.0,1.075000000000001,1.2639209009952854,1.4102055872516233,19,1.0449937888198757,1.0880586922712827,1.0,1.1428571428571428,37.0,8,8,15,0.79,-12.809999999999999,13.9,-0.3,1.1584500394906667,0,8,37,7,1,1,2,0,1,0,0,0,0,0.0,0,1,0.0,0
0.25,0.0,0,0.5,3,0.0,0.0,1.8888888883333335,11.33333333,1.3309782608695653,115.7,0,3,1.1939285714285715,116.0,-11.33333333,1.3345945945945945,1.225164113785558,19,1.0831439393939393,1.2365750528541226,1.0,1.0,19.0,6,6,12,1.79,-11.11,12.4,0.5,1.1876220053238686,36,6,37,6,0,0,1,1,1,1,0,0,0,0.0,0,1,0.0,1
0.8666666666666667,0.875,7,0.8571428571428571,13,1.369047618888889,12.32142857,1.4412962966666667,12.97166667,1.5717231848623365,115.2,1,6,1.2550901378579005,118.0,-0.6502380999999993,1.318361688720857,1.4304347826086956,19,1.3338955940090156,1.339986123959297,1.125,1.2857142857142858,38.0,9,9,15,2.02,-9.68,11.1,0.6,1.1819062506030606,0,8,38,7,0,0,1,0,1,0,1,0,0,0.0,0,1,0.0,1
0.0,0.0,0,0.0,0,0.0,0.0,0.0,0.0,1.2840579710144928,120.0,1,0,1.2542082169924211,133.1,0.0,1.264619822790027,1.08159111933395,27,1.2275607958732497,1.0758893280632411,2.0,2.0,12.5,8,10,9,-3.12,-11.719999999999999,9.4,-0.8,1.1819062506030606,13,5,19,4,0,0,1,0,0,0,0,1,1,0.0,1,0,0.0,1
0.4166666666666667,0.0,0,0.8333333333333334,5,0.0,0.0,1.542857142857143,10.8,1.3541407867494824,133.3,1,5,1.2239130434782608,134.0,-10.8,0.772524154589372,1.184466819221968,18,1.25372234935164,1.2179619565217392,1.0,1.1666666666666667,1.0,7,6,12,0.32,-9.879999999999999,7.6,2.6,1.1584500394906667,0,6,1,6,0,0,1,0,1,0,0,0,1,0.0,0,1,0.0,1
0.2,0.0,0,0.4,2,0.0,0.0,2.2,11.0,0.8409172126265634,128.2,0,2,1.2125797101449276,120.0,-11.0,1.1803969095591578,0.7313379542113002,31,1.2693138979643126,1.1019750589821369,0.0,1.0,28.0,5,0,10,-1.7,-18.099999999999998,12.7,3.7,1.1743905726499018,18,5,37,5,0,0,1,0,0,0,1,1,1,0.0,1,0,0.0,1
0.5833333333333334,0.5,3,0.6666666666666666,7,1.1388888891666666,13.66666667,1.0681818181818181,11.75,1.2067357512953367,100.0,1,4,1.0786585365853658,127.0,1.9166666699999997,1.196590909090909,0.9358381502890174,21,1.1182648401826485,1.124342105263158,2.0,1.8333333333333333,3.0,11,12,12,0.79,-12.809999999999999,13.9,-0.3,1.1876220053238686,0,6,3,6,0,0,1,0,0,0,0,0,0,0.0,0,0,0.0,1
0.9166666666666666,0.8333333333333334,5,1.0,11,1.8,14.4,2.1111111116666668,12.66666667,1.2768658451522903,129.9,1,6,0.7749734888653234,132.0,1.7333333300000007,1.1697181559973782,1.4404225006140996,18,0.8416337285902503,1.326482213438735,1.3333333333333333,1.0,12.0,6,8,12,0.32,-9.879999999999999,7.6,2.6,1.2521739130434784,0,6,12,6,0,0,4,0,1,0,0,0,0,0.0,0,1,0.0,0
0.967741935483871,0.9230769230769231,12,1.0,30,0.9166666666666666,13.75,0.5494736844,13.73684211,1.0067868504772004,120.0,1,18,1.2550901378579005,130.0,0.01315789000000045,1.318361688720857,0.73904412557989,32,1.3338955940090156,1.1229617418778761,1.1538461538461537,1.3888888888888888,37.5,25,15,31,-4.06,-22.36,15.5,2.8,1.1819062506030606,1,13,38,18,0,0,1,0,0,0,1,1,1,0.7692307692307693,1,0,0.6666666666666666,1
0.9,1.0,5,0.8,9,1.625,13.0,1.3333333333333333,12.0,1.1776659038901602,132.2,1,4,1.1803307676305388,149.0,1.0,1.151400966183575,1.152445652173913,18,1.2647449755785092,1.1916457060725836,1.6,1.8,1.0,9,8,10,1.74,-10.46,10.8,1.4,1.0687747035573123,0,5,1,5,1,1,3,0,1,0,1,0,0,0.0,0,1,0.0,0
0.8,1.0,5,0.6,8,1.45,11.6,0.8809523807142857,12.33333333,1.2021517302573204,121.0,1,3,1.2013971665852468,135.0,-0.7333333300000007,1.3025204788909892,1.4102055872516233,18,1.1436586685910157,1.0345050878815911,1.6,2.8,2.5,14,8,10,-3.12,-11.719999999999999,9.4,-0.8,1.1584500394906667,1,5,3,5,0,0,3,0,1,0,0,0,0,0.0,0,1,0.0,0
0.5,0.4,2,0.6,5,1.0571428571428572,14.8,1.33333333375,10.66666667,1.0288695652173914,101.0,0,3,1.1933908806863316,150.0,4.133333330000001,1.3083536883243772,0.7313379542113002,29,1.2693138979643126,1.1019750589821369,2.8,1.6,28.0,8,14,10,1.74,-10.46,10.8,1.4,1.1743905726499018,18,5,37,5,0,0,2,1,0,1,0,1,0,0.0,1,0,0.0,0
0.0,0.0,0,0.0,0,0.0,0.0,0.0,0.0,0.9982473879339401,119.7,1,0,1.225732834939996,120.0,0.0,1.3083536883243772,1.4404225006140996,21,1.1418478260869565,1.2742242031788749,0.0,0.0,11.0,0,0,0,3.51,-6.790000000000001,8.9,1.4,1.1743905726499018,16,0,19,0,0,0,2,0,0,0,0,0,0,0.0,0,1,0.0,0
0.9166666666666666,0.8333333333333334,5,1.0,11,1.775,14.2,2.194444445,13.16666667,1.3096192836224372,134.2,1,6,0.5853708439897698,137.0,1.0333333299999996,0.8821256038647343,1.4334342940889107,18,1.0986103210077205,1.1281060708036075,1.3333333333333333,1.0,37.0,6,8,12,1.74,-10.46,10.8,1.4,1.1758672525439406,0,6,37,6,0,0,4,0,1,0,0,0,0,0.0,0,1,0.0,0
0.8333333333333334,0.8333333333333334,5,0.8333333333333334,10,1.7142857142857142,12.0,1.675,13.4,0.8927536231884058,121.2,1,5,1.2242311770943797,118.0,-1.4000000000000004,1.3083536883243772,1.2069998195922786,18,1.2357226792009401,1.3033971014492753,1.1666666666666667,1.3333333333333333,38.0,8,7,12,0.32,-9.879999999999999,7.6,2.6,1.1743905726499018,0,6,38,6,0,0,3,0,1,0,1,0,0,0.0,0,1,0.0,0
0.5,0.5,3,0.5,6,0.68627451,11.66666667,0.6666666666666666,12.0,1.0140521739130435,150.0,1,3,1.2127443159154367,150.0,-0.3333333300000003,1.151400966183575,1.156304347826087,20,1.2647449755785092,1.3335857352222766,2.8333333333333335,3.0,19.5,18,17,12,-4.06,-22.36,15.5,2.8,1.1758672525439406,37,6,38,6,1,1,1,0,1,0,0,0,1,0.0,0,0,0.0,1
0.8333333333333334,0.8333333333333334,5,0.8333333333333334,10,0.8846153846153846,11.5,1.3,13.0,1.0140521739130435,120.0,1,5,1.0813995369179317,120.0,-1.5,1.0307911617961512,0.7234823625922888,27,1.1213355347642635,1.0501863354037266,2.1666666666666665,1.6666666666666667,3.5,10,13,12,-0.92,-17.42,16.2,0.3,1.1758672525439406,1,6,4,6,0,0,1,0,0,0,1,1,1,0.0,1,0,0.0,1
1.0,1.0,5,1.0,10,1.525,12.2,1.9333333333333333,11.6,1.0138095238095237,139.4,1,5,1.1939285714285715,133.1,0.5999999999999996,1.2994236311239193,0.748,41,1.0831439393939393,1.0974803149606298,1.6,1.2,37.0,6,8,10,0.32,-9.879999999999999,7.6,2.6,1.1876220053238686,0,5,37,5,0,0,1,0,0,1,0,1,0,0.0,1,0,0.0,1
0.8333333333333334,0.8333333333333334,5,0.8333333333333334,10,1.2000000000000002,10.8,1.2,12.0,0.8792181890706022,119.1,1,5,1.194817160955946,132.0,-1.1999999999999993,1.183961352657005,1.2130434782608694,19,1.117896865520728,1.339986123959297,1.5,1.6666666666666667,37.5,10,9,12,-3.12,-11.719999999999999,9.4,-0.8,1.1819062506030606,1,6,38,6,1,1,5,0,1,0,0,0,0,0.0,0,1,0.0,0
1.0,1.0,8,1.0,15,1.6928125,13.5425,1.3397999999999999,13.398,1.5796068796068796,124.6,1,7,1.2388505747126437,137.0,0.14450000000000074,1.2770334928229667,1.4512849162011174,18,1.2868092691622104,1.124342105263158,1.0,1.4285714285714286,2.0,10,8,15,-4.06,-22.36,15.5,2.8,1.1876220053238686,2,8,3,7,0,0,2,0,1,0,0,0,0,0.0,0,0,0.0,0
0.0,0.0,0,0.0,0,0.0,0.0,0.0,0.0,1.0663372859025033,127.3,1,0,1.3066447908121412,136.0,0.0,1.355244411692459,1.2294441386901487,19,1.302210510906163,1.3335857352222766,0.0,0.0,38.0,0,0,0,-4.06,-22.36,15.5,2.8,1.1758672525439406,0,0,38,0,0,0,1,0,1,0,1,0,0,0.0,0,1,0.0,1
0.875,0.875,7,0.875,14,1.78,14.24,1.78,14.24,1.5717231848623365,130.5,1,7,1.194817160955946,145.0,0.0,1.204451156505842,1.2130434782608694,18,1.2275607958732497,1.1229617418778761,1.0,1.0,28.0,8,8,16,1.74,-10.46,10.8,1.4,1.1819062506030606,18,8,37,8,0,0,2,0,1,0,0,0,0,0.0,0,1,0.0,0
0.75,0.6666666666666666,4,0.8333333333333334,9,1.3055555555555556,11.75,1.3555555555555554,12.2,1.3309782608695653,129.5,0,5,1.2783606557377047,126.0,-0.4499999999999993,1.196590909090909,1.225164113785558,18,1.0831439393939393,1.3434108527131783,1.5,1.5,37.5,9,9,12,1.74,-10.46,10.8,1.4,1.1876220053238686,1,6,38,6,0,0,2,1,1,1,1,0,0,0.0,0,1,0.0,0
0.8666666666666667,0.875,7,0.8571428571428571,13,1.5753968255555555,14.17857143,1.73291666625,13.86333333,1.5717231848623365,131.5,1,6,1.1990645264164983,136.0,0.3152381000000002,1.204451156505842,1.4304347826086956,20,1.2470369797307752,1.2921636019934695,1.125,1.1428571428571428,10.0,8,9,15,2.02,-9.68,11.1,0.6,1.1819062506030606,18,8,19,7,1,1,1,0,1,0,1,0,0,0.0,0,0,0.0,1
0.8,0.875,7,0.7142857142857143,12,1.4674603177777776,13.20714286,1.4817777777777779,13.336,1.5717231848623365,104.5,1,5,1.1990645264164983,101.0,-0.12885714000000092,1.204451156505842,1.4304347826086956,21,1.3338955940090156,1.339986123959297,1.125,1.2857142857142858,38.0,9,9,15,2.02,-9.68,11.1,0.6,1.1819062506030606,0,8,38,7,1,1,5,0,0,0,1,0,0,0.0,0,1,0.0,0
0.6470588235294118,0.8571428571428571,6,0.5,11,0.8974358976923077,11.66666667,0.5428571428571429,11.4,1.0663865546218485,130.0,1,5,1.2521505376344086,130.0,0.26666666999999933,1.2170068027210885,1.2134920634920636,22,1.2868092691622104,1.2365750528541226,1.8571428571428572,2.1,1.0,21,13,17,-4.06,-22.36,15.5,2.8,1.1876220053238686,0,7,1,10,0,0,1,0,0,0,0,0,1,0.2857142857142857,0,0,0.4,1
0.5714285714285714,0.5714285714285714,4,0.5714285714285714,8,1.1931818181818181,13.125,0.9249999999999999,12.95,1.1606324110671935,105.0,1,4,1.2550901378579005,133.1,0.1750000000000007,1.139830755763058,0.73904412557989,25,1.2275607958732497,1.2050514162006132,1.5714285714285714,2.0,10.0,14,11,14,-4.06,-22.36,15.5,2.8,1.1819062506030606,18,7,19,7,0,0,1,0,0,0,0,0,1,0.0,1,0,0.0,1
1.0,1.0,8,1.0,15,1.8625,14.9,1.9795918371428571,13.85714286,1.547589908749329,132.6,1,7,1.2125797101449276,137.0,1.0428571400000006,1.1803969095591578,1.2069998195922786,18,1.2643147284489245,1.2414858951680476,1.0,1.0,1.0,7,8,15,0.79,-12.809999999999999,13.9,-0.3,1.1743905726499018,0,8,1,7,1,1,5,0,1,0,1,0,0,0.0,0,1,0.0,0
1.0,1.0,6,1.0,12,2.1388888883333332,12.83333333,1.6428571425,13.14285714,0.8310789049919485,153.7,1,6,1.1803307676305388,153.0,-0.30952380999999995,1.151400966183575,1.4334342940889107,18,1.2576025080438908,1.1281060708036075,1.0,1.3333333333333333,28.0,8,6,12,-4.06,-22.36,15.5,2.8,1.1758672525439406,18,6,37,6,1,1,1,0,1,0,1,0,0,0.0,0,0,0.0,1
0.6,0.6,3,0.6,6,1.5714285714285714,11.0,1.3333333333333333,12.0,1.0296727924697446,115.6,0,3,1.1803307676305388,124.0,-1.0,1.271562304971916,1.4334342940889107,20,1.2576025080438908,1.277410022972858,1.4,1.8,19.0,9,7,10,-3.12,-11.719999999999999,9.4,-0.8,1.1758672525439406,0,5,19,5,0,0,1,0,1,0,0,0,1,0.0,0,1,0.0,1
1.0,1.0,5,1.0,10,1.4920634922222222,13.42857143,2.066666666666667,12.4,0.7509316770186336,131.4,1,5,1.2521505376344086,130.0,1.0285714299999995,1.148233215547703,1.4512849162011174,34,1.2428571428571429,1.0974803149606298,1.8,1.2,19.5,6,9,10,0.79,-12.809999999999999,13.9,-0.3,1.1876220053238686,35,5,37,5,0,0,1,0,0,0,0,1,1,0.0,1,0,0.0,1
0.9166666666666666,1.0,6,0.8333333333333334,11,1.6428571428571428,11.5,1.3111111111111111,11.8,1.4763186934451555,131.4,1,5,1.2099177438307875,137.0,-0.3000000000000007,1.264619822790027,1.4304347826086956,20,1.2470369797307752,1.2050514162006132,1.1666666666666667,1.5,1.0,9,7,12,0.32,-9.879999999999999,7.6,2.6,1.1819062506030606,0,6,1,6,0,0,3,0,1,0,1,0,0,0.0,0,1,0.0,0
0.8571428571428571,0.8571428571428571,6,0.8571428571428571,12,2.0380952385714286,14.26666667,2.0380952385714286,14.26666667,1.5568619113426172,135.0,1,6,1.1803307676305388,130.0,0.0,1.201176855181432,1.4334342940889107,19,1.2576025080438908,1.277410022972858,1.0,1.0,19.0,7,7,14,0.32,-9.879999999999999,7.6,2.6,1.1758672525439406,0,7,19,7,0,0,1,0,1,0,0,0,0,0.0,0,0,0.0,1
1.0,1.0,6,1.0,12,2.1111111116666668,12.66666667,2.1388888883333332,12.83333333,1.3309782608695653,115.0,1,6,1.2388505747126437,133.1,-0.16666666000000063,1.196590909090909,1.225164113785558,19,1.1182648401826485,1.2365750528541226,1.0,1.0,2.0,6,6,12,-0.92,-17.42,16.2,0.3,1.1876220053238686,2,6,3,6,0,0,2,0,1,0,0,0,0,0.0,0,1,0.0,0
0.0,0.0,0,0.0,0,0.0,0.0,0.0,0.0,0.6712665406427221,128.0,1,0,1.251728743136964,120.0,0.0,1.197718162195498,0.7234823625922888,30,1.0986103210077205,1.1281060708036075,1.0,1.0,37.0,2,2,4,0.32,-9.879999999999999,7.6,2.6,1.1758672525439406,0,2,37,2,0,0,2,0,0,0,1,1,1,0.0,1,0,0.0,0
1.0,1.0,5,1.0,10,2.6388888883333332,15.83333333,2.6944444450000002,16.16666667,0.7812111801242235,125.6,1,5,1.2239130434782608,134.0,-0.33333334000000114,1.1622608695652175,1.4102055872516233,20,1.25372234935164,1.2799644037630307,1.2,1.2,10.0,6,6,10,-1.7,-18.099999999999998,12.7,3.7,1.2759057971014494,18,5,19,5,0,0,1,0,1,0,1,0,0,0.0,0,1,0.0,1
0.0,0.0,0,0.0,0,0.0,0.0,0.0,0.0,1.129933110367893,169.2,0,0,1.2127443159154367,133.1,0.0,1.1051039697542533,0.7234823625922888,54,1.1213355347642635,1.146645195920558,2.0,1.0,3.0,7,10,12,1.79,-11.11,12.4,0.5,1.097584541062802,0,5,3,7,0,0,1,1,0,1,1,1,0,0.0,1,0,0.0,1
0.75,0.75,6,0.75,12,1.135606060909091,12.49166667,1.135606060909091,12.49166667,1.547589908749329,122.0,1,6,1.0673369565217392,122.0,0.0,1.039782608695652,1.1110212335692617,20,1.1418478260869565,1.0992070002734482,1.375,1.375,3.0,11,11,16,-1.7,-18.099999999999998,12.7,3.7,1.1743905726499018,0,8,3,8,0,0,1,0,1,0,1,0,0,0.0,0,1,0.0,1
1.0,1.0,8,1.0,15,1.7965432100000003,16.16888889,1.67962963,15.11666667,1.547589908749329,154.4,1,7,1.225732834939996,160.0,1.0522222200000009,1.1782208343342142,1.4404225006140996,18,1.2693138979643126,1.2742242031788749,1.125,1.2857142857142858,19.0,9,9,15,-4.06,-22.36,15.5,2.8,1.1743905726499018,0,8,19,7,1,1,1,0,1,0,0,0,0,0.0,0,0,0.0,1
1.0,1.0,5,1.0,10,1.6285714285714286,11.4,2.4,12.0,0.7367809883877936,160.0,1,5,1.1973403408186016,160.0,-0.5999999999999996,1.1624045504129656,1.2388849929873773,26,1.0449937888198757,1.0880586922712827,1.4,1.0,37.0,5,7,10,-1.7,-18.099999999999998,12.7,3.7,1.1584500394906667,0,5,37,5,0,0,1,0,0,0,1,1,0,0.0,1,0,0.0,1
0.6764705882352942,0.6470588235294118,11,0.7058823529411765,23,0.5113636363636364,11.25,0.622807017368421,11.83333333,1.0663372859025033,135.5,1,12,1.1803307676305388,146.0,-0.5833333300000003,1.151400966183575,1.2294441386901487,22,1.2647449755785092,1.3335857352222766,1.2941176470588236,1.1176470588235294,19.5,19,22,34,2.02,-9.68,11.1,0.6,1.1758672525439406,37,17,38,17,0,0,1,0,0,1,1,0,0,0.5882352941176471,0,1,0.7058823529411765,1
1.0,1.0,6,1.0,12,1.9795918371428571,13.85714286,2.3333333333333335,14.0,1.3096192836224372,124.0,1,6,1.0813995369179317,139.0,-0.14285714000000027,1.355244411692459,1.2294441386901487,20,1.1213355347642635,1.1916457060725836,1.1666666666666667,1.0,2.0,6,7,12,-4.06,-22.36,15.5,2.8,1.1758672525439406,2,6,3,6,1,1,2,0,1,0,0,0,0,0.0,0,1,0.0,0
1.0,1.0,8,1.0,15,1.725,13.8,1.2975308644444443,11.67777778,1.129933110367893,119.0,1,7,1.3066447908121412,132.0,2.122222220000001,1.355244411692459,1.4334342940889107,19,1.302210510906163,1.1281060708036075,1.0,1.2857142857142858,37.5,9,8,15,-1.7,-18.099999999999998,12.7,3.7,1.1758672525439406,1,8,38,7,0,0,3,0,1,0,1,0,0,0.0,0,1,0.0,0
1.0,1.0,6,1.0,12,2.1666666666666665,13.0,2.25,13.5,1.3096192836224372,104.0,0,6,1.1756521739130434,133.1,-0.5,1.1463768115942028,0.7234823625922888,24,1.2576025080438908,1.277410022972858,1.0,1.0,19.0,6,6,12,2.02,-9.68,11.1,0.6,1.1758672525439406,0,6,19,6,1,0,1,1,0,1,0,0,0,0.0,1,0,0.0,1
0.8,0.75,6,0.8571428571428571,12,1.0848484845454545,11.93333333,1.359833333,13.59833333,1.547589908749329,96.0,1,6,1.231159420289855,133.1,-1.665000000000001,1.384927536231884,1.4404225006140996,19,1.2693138979643126,1.3033971014492753,1.375,1.4285714285714286,28.5,10,11,15,2.02,-9.68,11.1,0.6,1.1743905726499018,19,8,38,7,0,0,2,0,1,0,1,0,0,0.0,0,1,0.0,0
0.8,0.8,4,0.8,8,2.85,14.25,2.5,12.5,1.140246768507638,132.9,1,4,1.3066447908121412,142.0,1.75,1.271562304971916,1.4334342940889107,19,1.2576025080438908,1.277410022972858,1.0,1.0,19.0,5,5,10,0.32,-9.879999999999999,7.6,2.6,1.1758672525439406,0,5,19,5,0,0,5,0,1,0,0,0,1,0.0,0,0,0.0,0
0.75,0.6666666666666666,4,0.8333333333333334,9,1.25,11.25,1.2,12.0,1.2292035398230086,100.0,1,5,1.2521505376344086,96.0,-0.75,1.148233215547703,1.4512849162011174,20,1.1182648401826485,1.2365750528541226,1.5,1.6666666666666667,2.0,10,9,12,-3.12,-11.719999999999999,9.4,-0.8,1.1876220053238686,2,6,3,6,0,0,2,0,1,0,0,0,0,0.0,0,0,0.0,0
0.4,0.8,4,0.0,4,1.4722222222222223,13.25,0.0,0.0,1.0296727924697446,126.1,1,0,1.0813995369179317,131.0,13.25,1.151400966183575,0.9819806763285025,18,1.1213355347642635,1.277410022972858,1.8,1.0,11.0,5,9,10,-0.92,-17.42,16.2,0.3,1.1758672525439406,16,5,19,5,0,0,1,0,1,0,0,0,0,0.0,0,0,0.0,1
1.0,1.0,8,1.0,15,1.484297520909091,16.32727273,2.104081632857143,14.72857143,1.543190537084399,128.6,1,7,1.1973403408186016,130.0,1.5987013,0.9459469417833456,1.184466819221968,18,1.25372234935164,1.0820586694604504,1.375,1.0,2.0,7,11,15,-0.92,-17.42,16.2,0.3,1.1584500394906667,2,8,3,7,0,0,1,0,1,0,0,0,0,0.0,0,1,0.0,1
0.8333333333333334,0.6666666666666666,4,1.0,10,1.1,11.0,0.8351648353846154,10.85714286,0.8011627906976745,134.9,1,6,1.0786585365853658,144.0,0.14285714000000027,1.155188679245283,1.4512849162011174,18,1.1182648401826485,1.2365750528541226,1.6666666666666667,2.1666666666666665,2.0,13,10,12,-4.06,-22.36,15.5,2.8,1.1876220053238686,2,6,3,6,0,0,1,0,1,1,0,0,0,0.0,0,1,0.0,1
0.0,0.0,0,0.0,0,0.0,0.0,0.0,0.0,1.4912388027091983,116.0,1,0,1.3066447908121412,124.0,0.0,1.1672994488671158,1.4334342940889107,19,1.2576025080438908,1.1916457060725836,1.0,1.1666666666666667,10.0,7,5,11,0.79,-12.809999999999999,13.9,-0.3,1.1758672525439406,18,5,19,6,0,0,3,0,1,1,0,0,0,0.0,0,1,0.0,0
0.875,0.875,7,0.875,14,1.88928571375,15.11428571,1.88928571375,15.11428571,1.543190537084399,130.3,1,7,1.1973403408186016,150.0,0.0,1.1624045504129656,1.184466819221968,19,1.0449937888198757,1.0880586922712827,1.0,1.0,37.0,8,8,16,-1.7,-18.099999999999998,12.7,3.7,1.1584500394906667,0,8,37,8,1,1,1,0,1,0,1,0,0,0.0,0,0,0.0,1
0.7368421052631579,0.4444444444444444,4,1.0,14,1.2777777777777777,11.5,0.9500000000000001,11.4,1.1065804935370154,128.2,1,10,0.5651100375738056,100.0,0.09999999999999964,0.701041028781384,1.0102538326212618,32,0.5295313382269904,0.5608695652173913,1.0,1.2,34.0,12,9,19,0.32,-9.879999999999999,7.6,2.6,1.1743905726499018,0,9,34,10,0,0,1,0,0,0,1,1,1,0.4444444444444444,1,0,0.6,1
0.0,0.0,0,0.0,0,0.0,0.0,0.0,0.0,0.9622563718140928,136.8,1,0,1.2013971665852468,141.0,0.0,1.245065950170982,1.4102055872516233,18,1.25372234935164,1.2767270531400965,0.0,0.0,19.5,0,0,0,0.79,-12.809999999999999,13.9,-0.3,1.1584500394906667,37,0,38,0,1,1,1,0,1,0,0,0,0,0.0,0,1,0.0,1
0.3,0.6,3,0.0,3,1.0606060609090908,11.66666667,0.0,0.0,1.2130202278539874,120.0,1,0,1.1990645264164983,160.0,11.66666667,1.318361688720857,1.0228260869565218,21,1.117896865520728,1.1229617418778761,2.2,2.2,37.0,11,11,10,-3.12,-11.719999999999999,9.4,-0.8,1.1819062506030606,0,5,37,5,0,0,1,0,0,0,0,0,1,0.0,0,0,0.0,1
0.0,0.0,0,0.0,0,0.0,0.0,0.0,0.0,0.8927536231884058,130.2,1,0,1.225732834939996,133.0,0.0,1.1782208343342142,1.4404225006140996,19,1.2693138979643126,1.1019750589821369,0.0,1.0,28.0,6,0,12,-1.7,-18.099999999999998,12.7,3.7,1.1743905726499018,18,6,37,6,0,0,2,0,1,0,0,0,0,0.0,0,1,0.0,0
0.5,0.3333333333333333,2,0.6666666666666666,6,0.6764705882352942,11.5,0.9230769230769231,12.0,1.2067357512953367,102.6,1,4,1.236,105.0,-0.5,1.3345945945945945,1.4512849162011174,21,1.2662162162162163,1.0974803149606298,2.8333333333333335,2.1666666666666665,28.0,13,17,12,2.02,-9.68,11.1,0.6,1.1876220053238686,18,6,37,6,0,0,1,0,0,0,1,0,0,0.0,0,0,0.0,1
0.9166666666666666,0.8333333333333334,5,1.0,11,2.2666666666666666,13.6,2.0,12.0,1.545408163265306,110.0,1,6,1.0786585365853658,118.0,1.5999999999999996,1.196590909090909,1.225164113785558,18,1.1182648401826485,1.2365750528541226,1.0,1.0,2.0,6,6,12,3.51,-6.790000000000001,8.9,1.4,1.1876220053238686,2,6,3,6,0,0,3,0,1,0,0,0,0,0.0,0,1,0.0,0
0.7142857142857143,0.5714285714285714,4,0.8571428571428571,10,0.8035714285714286,11.25,0.5694444444444444,10.25,1.129933110367893,150.0,0,6,1.1803307676305388,120.0,1.0,1.1051039697542533,0.7234823625922888,50,1.0986103210077205,1.1281060708036075,2.0,2.5714285714285716,37.0,18,14,14,-1.7,-18.099999999999998,12.7,3.7,1.1758672525439406,0,7,37,7,0,0,1,0,0,0,0,1,0,0.0,1,0,0.0,1
0.25,0.16666666666666666,1,0.3333333333333333,3,1.1818181818181819,13.0,1.05,10.5,1.4912388027091983,132.1,1,2,1.3066447908121412,152.0,2.5,1.197718162195498,1.2294441386901487,19,1.0986103210077205,1.1281060708036075,1.8333333333333333,1.6666666666666667,37.0,10,11,12,-3.12,-11.719999999999999,9.4,-0.8,1.1758672525439406,0,6,37,6,0,0,1,0,1,0,0,0,0,0.0,0,1,0.0,1
0.8,0.8,4,0.8,8,1.53125,12.25,1.0,11.0,0.8455652173913043,131.5,1,4,1.2542082169924211,143.0,1.25,1.189437963944857,1.4304347826086956,19,1.0333913043478262,1.2050514162006132,1.6,2.2,3.0,11,8,10,-4.06,-22.36,15.5,2.8,1.1819062506030606,4,5,5,5,0,0,2,0,1,0,1,0,1,0.0,0,0,0.0,0
0.9166666666666666,0.8333333333333334,5,1.0,11,1.525,12.2,1.3,13.0,1.0138998682476945,122.3,1,6,1.2099177438307875,150.0,-0.8000000000000007,1.189437963944857,0.73904412557989,28,1.100568702990277,1.2050514162006132,1.3333333333333333,1.6666666666666667,2.0,10,8,12,0.79,-12.809999999999999,13.9,-0.3,1.1819062506030606,2,6,3,6,0,0,1,0,0,0,0,1,1,0.0,1,0,0.0,1
1.0,1.0,6,1.0,12,1.7142857142857142,12.0,1.7142857142857142,12.0,1.433108695652174,131.9,1,6,1.1973403408186016,130.0,0.0,1.1624045504129656,1.2388849929873773,21,1.233967927278964,1.2179619565217392,1.1666666666666667,1.1666666666666667,10.0,7,7,12,0.79,-12.809999999999999,13.9,-0.3,1.1584500394906667,18,6,19,6,1,1,1,0,0,0,1,0,0,0.3333333333333333,0,0,0.5,1
0.8333333333333334,0.8333333333333334,5,0.8333333333333334,10,1.55,12.4,1.5,12.0,1.3309782608695653,128.6,1,5,1.2521505376344086,130.0,0.40000000000000036,1.196590909090909,1.4512849162011174,19,1.2868092691622104,1.3434108527131783,1.3333333333333333,1.3333333333333333,19.5,8,8,12,-3.12,-11.719999999999999,9.4,-0.8,1.1876220053238686,37,6,38,6,0,0,1,0,1,0,0,0,1,0.0,0,1,0.0,1
0.8571428571428571,0.8571428571428571,6,0.8571428571428571,12,1.9214285714285713,13.45,1.9214285714285713,13.45,1.5796068796068796,132.0,1,6,1.2388505747126437,148.0,0.0,1.3345945945945945,1.4512849162011174,18,1.2868092691622104,1.0974803149606298,1.0,1.0,19.0,7,7,14,0.32,-9.879999999999999,7.6,2.6,1.1876220053238686,36,7,37,7,0,0,4,0,1,0,0,0,0,0.0,0,1,0.0,0
0.9,1.0,5,0.8,9,2.7600000000000002,13.8,2.3333333333333335,14.0,1.0288695652173914,128.7,1,4,1.1933908806863316,143.0,-0.1999999999999993,1.1782208343342142,1.4404225006140996,23,1.2357226792009401,1.1019750589821369,1.0,1.2,37.5,6,5,10,2.02,-9.68,11.1,0.6,1.1743905726499018,1,5,38,5,0,0,6,0,0,0,1,0,1,0.0,0,1,0.0,0
1.0,1.0,6,1.0,12,1.2777777777777777,11.5,1.35416666625,10.83333333,1.2359420289855074,111.8,1,6,1.3003910743041178,117.0,0.6666666699999997,1.1697181559973782,1.1509476031215162,19,1.1418478260869565,1.2414858951680476,1.5,1.3333333333333333,2.0,8,9,12,1.74,-10.46,10.8,1.4,1.1743905726499018,2,6,3,6,1,1,2,0,1,0,0,0,0,0.0,0,1,0.0,0
1.0,1.0,5,1.0,10,1.6285714285714286,11.4,1.54166666625,12.33333333,0.9177633108579399,123.0,1,5,1.2011857707509879,130.0,-0.93333333,1.3025204788909892,1.4102055872516233,18,1.0449937888198757,1.2767270531400965,1.4,1.6,37.5,8,7,10,-4.06,-22.36,15.5,2.8,1.1584500394906667,1,5,38,5,0,0,1,0,1,0,1,0,0,0.0,0,0,0.0,1
0.5833333333333334,0.3333333333333333,2,0.8333333333333334,7,0.9166666666666666,11.0,0.8923076923076922,11.6,0.7799621928166351,150.0,1,5,1.0813995369179317,150.0,-0.5999999999999996,1.197718162195498,1.156304347826087,19,0.9906354515050168,1.1916457060725836,2.0,2.1666666666666665,3.0,13,12,12,0.79,-12.809999999999999,13.9,-0.3,1.1758672525439406,4,6,5,6,0,0,1,0,1,0,0,0,1,0.16666666666666666,0,1,0.16666666666666666,1
0.8571428571428571,0.8571428571428571,18,0.8571428571428571,36,0.4525252524242424,14.93333333,0.4525252524242424,14.93333333,1.5717231848623365,145.0,1,18,1.1990645264164983,141.0,0.0,1.189437963944857,1.08159111933395,21,1.117896865520728,1.2050514162006132,1.5714285714285714,1.5714285714285714,19.0,33,33,42,0.32,-9.879999999999999,7.6,2.6,1.1819062506030606,36,21,37,21,0,0,1,0,0,0,0,0,0,0.5714285714285714,0,0,0.5714285714285714,1
0.6,0.6,3,0.6,6,1.2962962966666667,11.66666667,1.4444444444444444,13.0,0.9177633108579399,113.4,1,3,1.2239130434782608,120.0,-1.3333333300000003,1.3025204788909892,0.9867874396135266,22,1.0449937888198757,1.0880586922712827,1.8,1.8,37.0,9,9,10,-1.7,-18.099999999999998,12.7,3.7,1.1584500394906667,0,5,37,5,0,0,1,0,0,0,0,0,1,0.0,0,0,0.0,1
0.0,0.0,0,0.0,0,0.0,0.0,0.0,0.0,0.8409172126265634,132.8,0,0,1.1933908806863316,133.1,0.0,1.1782208343342142,0.7313379542113002,45,1.0901394585726005,1.1019750589821369,2.2,1.8,37.0,9,11,10,1.79,-11.11,12.4,0.5,1.1743905726499018,0,5,37,5,0,0,1,1,0,1,1,1,1,0.0,1,0,0.0,1
1.0,1.0,6,1.0,12,1.6666666671428572,11.66666667,1.8333333328571428,12.83333333,1.331363224637681,117.9,1,6,1.154390451832907,121.0,-1.1666666600000006,1.1624045504129656,1.4102055872516233,19,1.233967927278964,1.2179619565217392,1.1666666666666667,1.1666666666666667,10.0,7,7,12,2.02,-9.68,11.1,0.6,1.1584500394906667,18,6,19,6,0,0,1,0,1,0,0,0,0,0.0,0,1,0.0,1
0.0,0.0,0,0.0,0,0.0,0.0,0.0,0.0,0.8409172126265634,110.7,1,0,0.7749734888653234,133.1,0.0,0.8041407867494824,0.7313379542113002,50,1.0901394585726005,0.5608695652173913,0.0,0.0,35.5,0,0,10,0.32,-9.879999999999999,7.6,2.6,1.1743905726499018,3,5,37,5,0,0,1,0,0,0,1,1,0,0.0,1,1,0.0,1
0.9166666666666666,0.8333333333333334,5,1.0,11,1.47916666625,11.83333333,1.81632653,12.71428571,1.3096192836224372,131.0,1,6,1.251728743136964,131.0,-0.8809523800000001,1.355244411692459,1.4334342940889107,18,1.302210510906163,1.1916457060725836,1.3333333333333333,1.1666666666666667,19.5,7,8,12,0.79,-12.809999999999999,13.9,-0.3,1.1758672525439406,37,6,38,6,1,1,1,0,1,0,0,0,1,0.0,0,1,0.0,1
0.875,0.875,7,0.875,14,1.6928571425,13.54285714,1.6928571425,13.54285714,1.5796068796068796,127.5,1,7,1.3634920634920635,144.0,0.0,1.2795454545454545,1.214864864864865,19,1.0831439393939393,1.0974803149606298,1.0,1.0,37.0,8,8,16,-1.7,-18.099999999999998,12.7,3.7,1.1876220053238686,0,8,37,8,1,1,1,0,1,0,1,0,0,0.0,0,1,0.0,1
0.5833333333333334,0.5,3,0.6666666666666666,7,0.8088235294117647,13.75,0.8214285714285714,11.5,1.1621118012422362,113.4,1,4,1.0673369565217392,120.0,2.25,1.1782208343342142,1.4404225006140996,18,1.453349001175088,1.2414858951680476,2.8333333333333335,2.3333333333333335,2.5,14,17,12,2.02,-9.68,11.1,0.6,1.1743905726499018,3,6,4,6,0,0,1,0,1,0,0,0,0,0.0,0,0,0.0,1
0.8,0.8,4,0.8,8,1.6428571428571428,11.5,1.5714285714285714,11.0,1.168944099378882,119.1,1,4,1.194817160955946,124.0,0.5,1.318361688720857,1.4304347826086956,20,1.2275607958732497,1.1229617418778761,1.4,1.4,28.0,7,7,10,-3.12,-11.719999999999999,9.4,-0.8,1.1819062506030606,18,5,37,5,1,1,1,0,1,0,0,0,1,0.0,0,0,0.0,1
0.7857142857142857,1.0,7,0.5714285714285714,11,1.5796875,12.6375,0.8515625,13.625,1.547589908749329,130.0,1,4,1.3003910743041178,130.0,-0.9875000000000007,1.2816864295125163,0.7131609870740305,32,1.0901394585726005,1.1019750589821369,1.1428571428571428,2.2857142857142856,37.0,16,8,14,1.79,-11.11,12.4,0.5,1.1743905726499018,0,7,37,7,0,0,1,0,0,0,1,1,0,0.0,1,1,0.0,1
0.9655172413793104,1.0,13,0.9375,28,0.8622448978571429,12.07142857,0.6456140352631579,12.26666667,1.4912388027091983,109.3,1,15,0.5853708439897698,117.0,-0.1952380999999992,0.6634202898550725,0.9819806763285025,30,0.4900869565217391,0.5699488491048593,1.0769230769230769,1.1875,34.0,19,14,29,-3.12,-11.719999999999999,9.4,-0.8,1.1758672525439406,0,13,34,16,0,0,1,0,0,0,1,1,0,0.8461538461538461,1,0,0.5625,1
0.9166666666666666,0.8333333333333334,5,1.0,11,2.1333333333333333,12.8,1.959183672857143,13.71428571,1.0138998682476945,124.5,1,6,1.056521739130435,133.1,-0.9142857099999997,1.264619822790027,0.73904412557989,36,1.100568702990277,1.2921636019934695,1.0,1.1666666666666667,11.0,7,6,12,-0.92,-17.42,16.2,0.3,1.1819062506030606,16,6,19,6,1,1,1,0,0,0,0,1,0,0.0,1,0,0.0,1
0.9166666666666666,1.0,6,0.8333333333333334,11,1.03030303,11.33333333,1.4375,11.5,1.0411544227886058,130.0,1,5,1.225732834939996,130.0,-0.16666666999999968,1.1968670076726344,1.1581913043478262,19,1.1418478260869565,1.2414858951680476,1.8333333333333333,1.3333333333333333,2.0,8,11,12,1.79,-11.11,12.4,0.5,1.1743905726499018,2,6,3,6,0,0,1,0,1,0,0,0,1,0.0,0,0,0.0,1
0.9,1.0,5,0.8,9,1.9333333333333333,11.6,1.9285714285714286,13.5,1.2130202278539874,110.3,1,4,0.8377574370709383,133.1,-1.9000000000000004,0.8144268774703558,0.73904412557989,33,1.117896865520728,1.1229617418778761,1.2,1.4,37.0,7,6,10,0.32,-9.879999999999999,7.6,2.6,1.1819062506030606,0,5,37,5,0,0,1,0,0,0,1,1,1,0.0,1,0,0.0,1
1.0,1.0,8,1.0,16,1.72671875,13.81375,1.72671875,13.81375,1.5796068796068796,105.7,1,8,1.1939285714285715,140.0,0.0,1.2170068027210885,0.9358381502890174,27,1.0831439393939393,1.0974803149606298,1.0,1.0,37.0,8,8,16,-3.12,-11.719999999999999,9.4,-0.8,1.1876220053238686,0,8,37,8,0,0,1,0,0,0,0,1,0,0.0,1,1,0.0,1
0.9166666666666666,1.0,6,0.8333333333333334,11,1.7142857142857142,12.0,1.018181818181818,11.2,1.3541407867494824,141.2,1,5,1.2011857707509879,137.0,0.8000000000000007,1.0402415458937198,1.3193236714975844,19,1.25372234935164,1.2179619565217392,1.1666666666666667,1.8333333333333333,1.0,11,7,12,-3.12,-11.719999999999999,9.4,-0.8,1.1584500394906667,0,6,1,6,0,0,2,0,1,1,0,0,1,0.0,0,1,0.0,0
1.0,1.0,6,1.0,14,1.7619047614285714,12.33333333,1.0795454545454546,11.875,1.2531772575250835,114.0,1,8,1.1973403408186016,133.1,0.4583333300000003,1.1624045504129656,0.7491078753076292,44,1.0449937888198757,1.2799644037630307,1.1666666666666667,1.375,28.0,11,7,14,-1.7,-18.099999999999998,12.7,3.7,1.1584500394906667,18,6,37,8,0,0,1,0,0,0,1,1,0,0.0,1,0,0.25,1
0.8,0.875,7,0.7142857142857143,12,0.8678571428571429,12.15,0.8266666666666667,12.4,1.1606324110671935,113.3,1,5,1.1990645264164983,130.0,-0.25,1.2806596701649176,0.73904412557989,24,1.2275607958732497,1.339986123959297,1.75,2.142857142857143,28.5,15,14,15,1.79,-11.11,12.4,0.5,1.1819062506030606,19,8,38,7,0,0,1,0,0,0,0,0,0,0.0,1,0,0.0,1
0.9166666666666666,1.0,6,0.8333333333333334,11,2.0277777783333333,12.16666667,1.6285714285714286,11.4,1.3746562616127835,133.7,1,5,1.2542082169924211,141.0,0.7666666699999993,1.1306197964847364,1.2130434782608694,22,1.2275607958732497,1.339986123959297,1.0,1.1666666666666667,28.5,7,6,12,0.32,-9.879999999999999,7.6,2.6,1.1819062506030606,19,6,38,6,0,0,1,0,0,0,0,0,1,0.0,0,1,0.0,1
1.0,1.0,8,1.0,15,1.66421875,13.31375,1.68359375,13.46875,1.5717231848623365,124.3,1,7,1.1990645264164983,128.0,-0.15499999999999936,1.2806596701649176,1.2130434782608694,19,1.117896865520728,1.1229617418778761,1.0,1.1428571428571428,37.0,8,8,15,-4.06,-22.36,15.5,2.8,1.1819062506030606,0,8,37,7,1,1,1,0,1,0,0,0,0,0.0,0,1,0.0,1
0.5,0.6,3,0.4,5,1.2222222222222223,11.0,1.3333333333333333,12.0,0.7509316770186336,125.7,1,2,1.2145569620253165,133.1,-1.0,1.155188679245283,0.748,26,1.2662162162162163,1.3434108527131783,1.8,1.8,28.5,9,9,10,1.74,-10.46,10.8,1.4,1.1876220053238686,19,5,38,5,0,0,1,0,0,0,0,1,0,0.0,1,0,0.0,1
1.0,1.0,8,1.0,16,1.394861111111111,12.55375,1.394861111111111,12.55375,1.543190537084399,136.0,1,8,1.154390451832907,130.0,0.0,1.123776517538332,0.9867874396135266,22,1.25372234935164,1.2179619565217392,1.125,1.125,1.0,9,9,16,-3.12,-11.719999999999999,9.4,-0.8,1.1584500394906667,0,8,1,8,0,0,1,0,0,0,0,0,1,0.0,0,1,0.0,1
1.0,1.0,6,1.0,12,1.77083333375,14.16666667,1.87755102,13.14285714,1.1065804935370154,109.0,1,6,1.225732834939996,110.0,1.0238095299999994,1.1803969095591578,1.4404225006140996,19,1.1418478260869565,1.2742242031788749,1.3333333333333333,1.1666666666666667,11.0,7,8,12,-4.06,-22.36,15.5,2.8,1.1743905726499018,16,6,19,6,1,1,1,0,1,0,0,0,1,0.0,0,0,0.0,1
0.6,0.6,3,0.6,6,1.03030303,11.33333333,1.3,13.0,1.1542253521126762,104.0,1,3,0.6161764705882353,120.0,-1.6666666699999997,0.744776119402985,0.748,24,0.5958333333333333,0.515,2.2,2.0,34.0,10,11,10,0.32,-9.879999999999999,7.6,2.6,1.1876220053238686,0,5,34,5,0,0,1,0,0,0,1,0,0,0.0,1,1,0.0,1
1.0,1.0,8,1.0,15,1.7074074077777779,15.36666667,2.108163265714286,14.75714286,1.5796068796068796,130.7,1,7,1.2388505747126437,133.0,0.6095238100000007,1.155188679245283,1.225164113785558,19,1.3909090909090909,1.059375,1.125,1.0,4.0,7,9,15,1.79,-11.11,12.4,0.5,1.1876220053238686,0,8,4,7,0,0,4,0,1,0,1,0,0,0.0,0,1,0.0,0
1.0,1.0,6,1.0,12,2.5277777783333333,15.16666667,2.444444445,14.66666667,1.433108695652174,142.7,1,6,1.2239130434782608,150.0,0.5,1.123776517538332,1.4102055872516233,18,1.233967927278964,1.0880586922712827,1.0,1.0,28.0,6,6,12,-3.12,-11.719999999999999,9.4,-0.8,1.1584500394906667,18,6,37,6,1,1,1,0,1,0,0,0,0,0.0,0,1,0.0,1
1.0,1.0,5,1.0,10,1.4285714288888889,12.85714286,1.5,12.0,0.8455652173913043,129.7,1,5,1.2180602006688963,140.0,0.8571428599999997,1.3453416149068325,0.73904412557989,35,1.2470369797307752,1.1229617418778761,1.8,1.6,19.0,8,9,10,0.79,-12.809999999999999,13.9,-0.3,1.1819062506030606,36,5,37,5,0,0,1,0,0,0,0,1,0,0.0,1,0,0.0,1
0.0,0.0,0,0.0,0,0.0,0.0,0.0,0.0,0.6712665406427221,150.0,1,0,1.0813995369179317,150.0,0.0,1.0307911617961512,0.7327294685990338,35,1.1213355347642635,1.0399209486166008,0.0,0.0,2.5,0,0,10,0.79,-12.809999999999999,13.9,-0.3,1.1758672525439406,1,5,3,5,0,0,1,0,0,0,1,1,0,0.0,1,0,0.0,1
1.0,1.0,6,1.0,12,2.25,13.5,1.7551020414285714,12.28571429,1.2768658451522903,131.3,1,6,1.2125797101449276,133.1,1.2142857100000004,1.1803969095591578,1.4404225006140996,18,1.2357226792009401,1.3033971014492753,1.0,1.1666666666666667,38.0,7,6,12,3.51,-6.790000000000001,8.9,1.4,1.1743905726499018,0,6,38,6,1,1,3,0,1,0,1,0,0,0.0,0,1,0.0,0
0.9285714285714286,1.0,7,0.8571428571428571,13,1.8306122442857142,12.81428571,1.115,11.15,1.129933110367893,119.0,1,6,1.2127443159154367,133.0,1.6642857099999997,1.151400966183575,1.2294441386901487,19,1.2647449755785092,1.3335857352222766,1.0,1.4285714285714286,19.5,10,7,14,-1.7,-18.099999999999998,12.7,3.7,1.1758672525439406,37,7,38,7,0,0,1,0,1,0,0,0,0,0.0,0,0,0.0,1
0.55,0.5,5,0.6,11,0.7294117647058824,12.4,0.575,11.5,0.8409172126265634,131.9,1,6,1.1933908806863316,141.0,0.9000000000000004,1.1782208343342142,1.0102538326212618,21,1.0901394585726005,1.1019750589821369,1.7,2.0,37.0,20,17,20,-3.12,-11.719999999999999,9.4,-0.8,1.1743905726499018,0,10,37,10,0,0,1,0,0,0,1,0,0,0.5,0,0,0.6,1
1.0,1.0,6,1.0,12,2.0277777783333333,12.16666667,2.1111111116666668,12.66666667,1.3923076923076922,145.9,1,6,1.2783606557377047,135.0,-0.5,1.148233215547703,1.225164113785558,18,1.2662162162162163,1.0974803149606298,1.0,1.0,28.0,6,6,12,-0.92,-17.42,16.2,0.3,1.1876220053238686,18,6,37,6,1,1,1,0,1,0,0,0,0,0.0,0,0,0.0,1
0.7,1.0,5,0.4,7,0.9404761908333333,11.28571429,1.125,13.5,1.2021517302573204,117.9,1,2,1.2013971665852468,128.0,-2.2142857100000004,1.1624045504129656,1.184466819221968,20,1.2919274890242176,1.0880586922712827,2.4,2.4,37.5,12,12,10,1.74,-10.46,10.8,1.4,1.1584500394906667,1,5,38,5,0,0,4,0,1,0,0,0,0,0.0,0,1,0.0,0
1.0,1.0,5,1.0,10,1.6285714285714286,11.4,1.375,11.0,0.8409172126265634,139.0,1,5,1.1933908806863316,140.0,0.40000000000000036,1.3083536883243772,1.4404225006140996,38,1.0901394585726005,1.1019750589821369,1.4,1.6,37.0,8,7,10,-3.12,-11.719999999999999,9.4,-0.8,1.1743905726499018,0,5,37,5,1,1,1,0,0,0,0,1,0,0.0,1,0,0.0,1
0.0,0.0,0,0.0,0,0.0,0.0,0.0,0.0,1.3923076923076922,126.3,0,0,1.1939285714285715,133.1,0.0,1.2170068027210885,0.748,38,1.0831439393939393,1.0974803149606298,1.3333333333333333,1.0,37.0,6,8,12,1.74,-10.46,10.8,1.4,1.1876220053238686,0,6,37,6,0,0,1,0,0,0,0,1,1,0.0,1,0,0.0,1
0.9166666666666666,1.0,6,0.8333333333333334,11,1.375,11.0,1.5,12.0,1.2292035398230086,123.8,1,5,1.1939285714285715,122.0,-1.0,1.148233215547703,1.225164113785558,20,1.0831439393939393,1.3042389210019267,1.3333333333333333,1.3333333333333333,28.0,8,8,12,1.74,-10.46,10.8,1.4,1.1876220053238686,18,6,37,6,0,0,2,0,1,0,1,0,0,0.0,0,0,0.0,0
0.9166666666666666,0.8333333333333334,5,1.0,11,1.0833333333333333,13.0,1.142857143,11.42857143,1.0663865546218485,140.0,1,6,1.1939285714285715,140.0,1.5714285700000001,1.155188679245283,1.2134920634920636,24,1.0831439393939393,1.0974803149606298,2.0,1.6666666666666667,37.0,10,12,12,1.79,-11.11,12.4,0.5,1.1876220053238686,0,6,37,6,0,0,1,0,0,0,0,0,0,0.0,1,0,0.0,1
0.8,0.6,3,1.0,8,0.9583333333333334,11.5,1.1800000000000002,11.8,0.640366132723112,111.1,1,5,1.2099177438307875,117.0,-0.3000000000000007,1.1306197964847364,1.4304347826086956,19,1.2470369797307752,1.2050514162006132,2.4,2.0,1.0,10,12,10,2.02,-9.68,11.1,0.6,1.1819062506030606,0,5,1,5,1,1,3,0,1,0,0,0,1,0.0,0,0,0.0,0
0.7142857142857143,0.7142857142857143,5,0.7142857142857143,10,1.4,11.2,1.4,11.2,1.5568619113426172,125.7,1,5,1.1803307676305388,140.0,0.0,1.355244411692459,0.9819806763285025,19,1.2576025080438908,1.3335857352222766,1.1428571428571428,1.1428571428571428,28.5,8,8,14,0.32,-9.879999999999999,7.6,2.6,1.1758672525439406,19,7,38,7,1,1,1,0,1,0,0,0,1,0.0,0,1,0.0,1
0.0,0.0,0,0.0,0,0.0,0.0,0.0,0.0,0.7367809883877936,111.9,1,0,1.2239130434782608,133.1,0.0,1.1622608695652175,0.7491078753076292,41,1.0449937888198757,1.0880586922712827,1.0,1.0,37.0,5,5,10,0.32,-9.879999999999999,7.6,2.6,1.1584500394906667,0,5,37,5,0,0,1,0,0,0,1,1,1,0.0,1,1,0.0,1
1.0,1.0,6,1.0,12,2.0833333333333335,12.5,2.194444445,13.16666667,1.3309782608695653,121.1,1,6,1.2388505747126437,127.0,-0.6666666699999997,1.196590909090909,1.4512849162011174,18,1.2932721712538227,1.2365750528541226,1.0,1.0,19.5,6,6,12,-4.06,-22.36,15.5,2.8,1.1876220053238686,37,6,38,6,0,0,5,0,1,0,0,0,0,0.0,0,1,0.0,0
0.9166666666666666,0.8333333333333334,5,1.0,11,1.475,11.8,1.9047619042857142,13.33333333,0.901159420289855,132.8,1,6,1.1973403408186016,137.0,-1.5333333299999996,1.1624045504129656,1.4102055872516233,18,1.0449937888198757,1.0880586922712827,1.3333333333333333,1.1666666666666667,37.0,7,8,12,0.32,-9.879999999999999,7.6,2.6,1.1584500394906667,0,6,37,6,0,0,1,0,1,0,1,0,0,0.0,0,1,0.0,1
0.4166666666666667,0.5,3,0.3333333333333333,5,1.0256410253846153,13.33333333,0.6888888886666666,10.33333333,1.4763186934451555,110.7,1,2,1.2542082169924211,118.0,3.0,1.139830755763058,1.2130434782608694,18,1.2470369797307752,1.2921636019934695,2.1666666666666665,2.5,10.0,15,13,12,-1.7,-18.099999999999998,12.7,3.7,1.1819062506030606,18,6,19,6,0,0,2,0,1,0,0,0,0,0.0,0,1,0.0,0
0.0,0.0,0,0.0,0,0.0,0.0,0.0,0.0,0.901159420289855,116.0,1,0,1.1973403408186016,133.1,0.0,1.123776517538332,0.7491078753076292,29,1.233967927278964,1.0794466403162055,1.0,2.0,11.5,14,6,13,2.02,-9.68,11.1,0.6,1.1584500394906667,15,6,19,7,0,0,1,0,0,0,0,1,0,0.0,1,1,0.0,1
1.0,1.0,6,1.0,12,1.375,11.0,1.78125,14.25,1.49416149068323,138.4,1,6,1.1933908806863316,151.0,-3.25,1.1782208343342142,1.4404225006140996,20,1.0901394585726005,1.2414858951680476,1.3333333333333333,1.3333333333333333,19.0,8,8,12,-1.7,-18.099999999999998,12.7,3.7,1.1743905726499018,36,6,37,6,1,1,1,0,1,0,1,0,0,0.0,0,1,0.0,1
0.8,0.75,6,0.8571428571428571,12,1.1287878790909092,12.41666667,1.45729166625,11.65833333,1.547589908749329,125.0,1,6,1.1933908806863316,126.0,0.7583333400000001,1.1782208343342142,1.4404225006140996,19,1.2693138979643126,1.2742242031788749,1.375,1.1428571428571428,19.0,8,11,15,1.79,-11.11,12.4,0.5,1.1743905726499018,0,8,19,7,0,0,4,0,1,0,1,0,0,0.0,0,1,0.0,0
1.0,1.0,8,1.0,15,1.0194444441666668,12.23333333,1.582716048888889,14.24444444,1.547589908749329,126.8,1,7,1.1933908806863316,138.0,-2.01111111,1.1782208343342142,1.4404225006140996,19,1.2357226792009401,1.3033971014492753,1.5,1.2857142857142858,38.0,9,12,15,-4.06,-22.36,15.5,2.8,1.1743905726499018,0,8,38,7,1,1,1,0,1,0,1,0,1,0.0,0,0,0.0,1
0.9166666666666666,0.8333333333333334,5,1.0,11,1.8285714285714287,12.8,1.9795918371428571,13.85714286,1.0189981096408318,126.9,1,6,1.2013971665852468,137.0,-1.057142859999999,1.1622608695652175,1.0364130434782608,20,1.233967927278964,1.2799644037630307,1.1666666666666667,1.1666666666666667,19.0,7,7,12,-0.92,-17.42,16.2,0.3,1.1584500394906667,0,6,19,6,0,0,1,0,1,0,0,0,1,0.0,0,0,0.0,1
0.16666666666666666,0.16666666666666666,1,0.16666666666666666,2,1.4166666666666667,17.0,1.4166666666666667,17.0,1.3096192836224372,117.1,1,1,1.1803307676305388,129.0,0.0,1.355244411692459,1.4334342940889107,20,1.0986103210077205,1.1281060708036075,2.0,2.0,37.0,12,12,12,-3.12,-11.719999999999999,9.4,-0.8,1.1758672525439406,0,6,37,6,0,0,2,0,1,0,0,0,0,0.0,0,1,0.0,0
1.0,1.0,8,1.0,19,1.375,11.0,1.148760330909091,12.63636364,1.2413610586011343,160.5,1,11,1.1803307676305388,110.0,-1.6363636400000008,1.151400966183575,0.7234823625922888,38,1.0986103210077205,1.1281060708036075,1.0,1.0,37.0,11,8,19,0.79,-12.809999999999999,13.9,-0.3,1.1758672525439406,0,8,37,11,0,0,1,0,0,0,1,1,0,0.625,1,0,0.7272727272727273,1
1.0,1.0,6,1.0,12,2.25,13.5,2.3611111116666668,14.16666667,1.545408163265306,147.0,1,6,1.2388505747126437,150.0,-0.6666666699999997,1.148233215547703,1.2134920634920636,19,1.1182648401826485,1.3042389210019267,1.0,1.0,11.0,6,6,12,1.79,-11.11,12.4,0.5,1.1876220053238686,16,6,19,6,0,0,2,0,1,0,0,0,0,0.3333333333333333,0,1,0.5,0
0.8333333333333334,0.6666666666666666,4,1.0,10,2.4583333333333335,14.75,1.275,12.75,1.0140521739130435,100.0,1,6,1.1803307676305388,133.1,2.0,1.151400966183575,0.7234823625922888,60,1.0986103210077205,1.1281060708036075,1.0,1.6666666666666667,37.0,10,6,12,0.79,-12.809999999999999,13.9,-0.3,1.1758672525439406,0,6,37,6,0,0,1,0,0,0,1,1,0,0.0,1,0,0.0,1
0.5714285714285714,0.5714285714285714,4,0.5714285714285714,8,0.9663461538461539,12.5625,1.0,12.0,1.547589908749329,120.9,1,4,1.1933908806863316,133.1,0.5625,1.1559857057772485,0.7313379542113002,39,1.0901394585726005,1.3033971014492753,1.8571428571428572,1.7142857142857142,37.5,12,13,14,2.02,-9.68,11.1,0.6,1.1743905726499018,1,7,38,7,0,0,1,0,0,0,0,1,0,0.0,1,1,0.0,1
0.75,0.8333333333333334,5,0.6666666666666666,9,1.4,11.2,1.0576923076923077,13.75,1.168944099378882,133.3,1,4,1.056521739130435,141.0,-2.5500000000000007,0.9590062111801242,1.0228260869565218,18,1.100568702990277,1.061625708884688,1.3333333333333333,2.1666666666666665,2.5,13,8,12,0.79,-12.809999999999999,13.9,-0.3,1.1819062506030606,1,6,3,6,0,0,1,0,1,0,1,0,1,0.0,0,1,0.0,1
0.9285714285714286,1.0,7,0.8571428571428571,13,1.6938775514285713,11.85714286,0.8351648353846154,10.85714286,1.1606324110671935,110.0,1,6,1.1990645264164983,130.0,1.0,1.2806596701649176,0.73904412557989,24,1.117896865520728,1.2921636019934695,1.0,1.8571428571428572,28.0,13,7,14,-1.7,-18.099999999999998,12.7,3.7,1.1819062506030606,18,7,37,7,1,1,2,0,0,0,0,0,1,0.0,1,0,0.0,0
0.75,0.8333333333333334,5,0.6666666666666666,9,1.02,10.2,1.0227272727272727,11.25,0.8927536231884058,112.1,1,4,1.1933908806863316,118.0,-1.0500000000000007,1.1782208343342142,1.2069998195922786,23,1.0901394585726005,1.1019750589821369,1.6666666666666667,1.8333333333333333,37.0,11,10,12,0.32,-9.879999999999999,7.6,2.6,1.1743905726499018,0,6,37,6,0,0,2,0,0,0,1,0,0,0.0,0,1,0.0,0
0.6,0.8,4,0.4,6,1.7083333333333333,10.25,2.0833333333333335,12.5,1.168944099378882,122.0,0,2,1.194817160955946,136.0,-2.25,1.1306197964847364,1.0745995423340962,18,1.2275607958732497,1.2921636019934695,1.2,1.2,19.0,6,6,10,-3.12,-11.719999999999999,9.4,-0.8,1.1819062506030606,0,5,19,5,0,0,1,1,1,1,1,0,0,0.0,0,0,0.0,1
1.0,1.0,5,1.0,10,2.555555555,15.33333333,2.56,12.8,0.7911983032873808,134.7,1,5,1.2127443159154367,170.0,2.5333333299999996,1.225328614762386,0.7234823625922888,33,1.302210510906163,1.277410022972858,1.2,1.0,28.5,5,6,10,1.74,-10.46,10.8,1.4,1.1758672525439406,19,5,38,5,0,0,1,0,0,0,0,1,0,0.0,1,0,0.0,1
0.5833333333333334,0.5,3,0.6666666666666666,7,1.0606060609090908,11.66666667,1.0,11.0,1.3096192836224372,126.9,1,4,1.1803307676305388,122.0,0.6666666699999997,1.151400966183575,1.4334342940889107,19,1.0986103210077205,1.1281060708036075,1.8333333333333333,1.8333333333333333,37.0,11,11,12,-3.12,-11.719999999999999,9.4,-0.8,1.1758672525439406,0,6,37,6,1,1,2,0,1,0,1,0,0,0.0,0,1,0.0,0
0.875,0.875,7,0.875,14,1.67678571375,13.41428571,1.67678571375,13.41428571,1.5796068796068796,124.8,1,7,1.1939285714285715,138.0,0.0,1.196590909090909,1.4512849162011174,18,1.2662162162162163,1.3042389210019267,1.0,1.0,19.0,8,8,16,-1.7,-18.099999999999998,12.7,3.7,1.1876220053238686,0,8,19,8,0,0,6,0,1,0,0,0,0,0.0,0,1,0.0,0
1.0,1.0,6,1.0,12,2.3809523814285716,16.66666667,2.346938775714286,16.42857143,1.1621118012422362,160.0,1,6,1.2125797101449276,110.0,0.23809523999999982,1.1803969095591578,0.7313379542113002,30,1.2643147284489245,1.2414858951680476,1.1666666666666667,1.1666666666666667,1.0,7,7,12,0.79,-12.809999999999999,13.9,-0.3,1.1743905726499018,0,6,1,6,0,0,1,0,0,1,1,1,0,0.0,1,1,0.0,1
1.0,1.0,6,1.0,12,1.8979591842857142,13.28571429,1.7959183671428571,12.57142857,1.4912388027091983,106.0,1,6,1.1803307676305388,133.1,0.7142857199999995,1.151400966183575,1.4334342940889107,20,1.2576025080438908,1.277410022972858,1.1666666666666667,1.1666666666666667,19.0,7,7,12,1.79,-11.11,12.4,0.5,1.1758672525439406,0,6,19,6,1,1,2,0,1,0,1,0,0,0.0,0,1,0.0,0
0.6,0.6,3,0.6,6,1.4074074077777778,12.66666667,1.5,12.0,1.0296727924697446,108.7,1,3,1.251728743136964,115.0,0.6666666699999997,1.197718162195498,1.152445652173913,21,1.2647449755785092,1.1281060708036075,1.8,1.6,19.0,8,9,10,-3.12,-11.719999999999999,9.4,-0.8,1.1758672525439406,36,5,37,5,0,0,2,0,0,0,1,0,0,0.0,0,1,0.0,0
1.0,1.0,6,1.0,12,2.1666666666666665,13.0,2.1666666666666665,13.0,1.168944099378882,128.1,1,6,1.1990645264164983,133.0,0.0,1.204451156505842,1.4304347826086956,18,1.3338955940090156,1.339986123959297,1.0,1.0,38.0,6,6,12,0.79,-12.809999999999999,13.9,-0.3,1.1819062506030606,0,6,38,6,1,1,1,0,1,0,1,0,1,0.0,0,1,0.0,1
0.8333333333333334,0.6666666666666666,4,1.0,10,1.325,13.25,1.9166666666666667,11.5,1.0138998682476945,140.0,0,6,1.1990645264164983,140.0,1.75,1.318361688720857,1.4425787106446777,21,1.2275607958732497,1.2050514162006132,1.6666666666666667,1.0,10.0,6,10,12,0.79,-12.809999999999999,13.9,-0.3,1.3070938215102976,18,6,19,6,0,0,1,0,0,0,0,0,0,0.0,0,1,0.0,1
0.9,0.8,4,1.0,9,1.55,12.4,1.6857142857142857,11.8,1.0288695652173914,123.3,1,5,1.3003910743041178,131.0,0.5999999999999996,1.1559857057772485,1.4404225006140996,19,1.1418478260869565,1.2742242031788749,1.6,1.4,11.0,7,8,10,-0.92,-17.42,16.2,0.3,1.1743905726499018,16,5,19,5,0,0,1,0,1,0,0,0,1,0.0,0,0,0.0,1
0.4,0.6,3,0.2,4,1.75,10.5,1.3333333333333333,12.0,0.6712665406427221,100.9,1,1,1.251728743136964,133.1,-1.5,1.271562304971916,0.7234823625922888,24,1.2576025080438908,1.277410022972858,1.2,1.8,19.0,9,6,10,1.74,-10.46,10.8,1.4,1.1758672525439406,0,5,19,5,0,0,1,0,0,0,0,0,1,0.0,1,1,0.0,1
0.9333333333333333,0.875,7,1.0,14,1.5269841266666666,13.74285714,1.4708333333333334,13.2375,1.547589908749329,124.9,1,7,1.2125797101449276,138.0,0.5053571399999992,1.2021125030704987,1.4404225006140996,18,1.2693138979643126,1.2742242031788749,1.125,1.2857142857142858,19.0,9,9,15,0.79,-12.809999999999999,13.9,-0.3,1.1743905726499018,0,8,19,7,1,1,3,0,1,0,0,0,0,0.0,0,1,0.0,0
0.0,0.0,0,0.0,0,0.0,0.0,0.0,0.0,1.2067357512953367,134.6,1,0,1.2388505747126437,137.0,0.0,1.2994236311239193,1.225164113785558,22,1.2868092691622104,1.2365750528541226,1.1666666666666667,2.6666666666666665,1.0,16,7,12,-0.92,-17.42,16.2,0.3,1.1876220053238686,0,6,1,6,0,0,1,0,0,0,0,0,1,0.0,0,1,0.0,1
1.0,1.0,6,1.0,12,2.4166666666666665,14.5,2.5,15.0,1.3761848805327068,123.2,1,6,1.1803307676305388,127.0,-0.5,1.151400966183575,1.4334342940889107,20,0.9073291925465838,1.277410022972858,1.0,1.0,15.5,6,6,12,2.02,-9.68,11.1,0.6,1.1758672525439406,7,6,19,6,1,1,1,0,1,0,1,0,0,0.0,0,0,0.0,1
0.2,0.0,0,0.4,2,0.0,0.0,0.9545454545454546,10.5,0.9177633108579399,118.9,1,2,1.0242050616482803,122.0,-10.5,1.2639209009952854,0.9867874396135266,21,1.25372234935164,1.2767270531400965,2.6,2.2,19.5,11,13,10,-1.7,-18.099999999999998,12.7,3.7,1.1584500394906667,37,5,38,5,0,0,1,0,0,0,0,0,1,0.0,0,0,0.0,1
0.0,0.0,0,0.0,0,0.0,0.0,0.0,0.0,1.0588932806324112,110.0,0,0,0.5651100375738056,133.1,0.0,0.701041028781384,0.7313379542113002,28,0.5295313382269904,0.5608695652173913,2.0,2.0,34.0,10,10,10,0.32,-9.879999999999999,7.6,2.6,1.1743905726499018,0,5,34,5,0,0,1,0,0,0,1,1,0,0.0,1,1,0.0,1
0.8333333333333334,0.8333333333333334,5,0.8333333333333334,10,1.5999999999999999,11.2,1.26,12.6,0.8792181890706022,121.9,1,5,1.2542082169924211,131.0,-1.4000000000000004,1.2806596701649176,1.2130434782608694,19,1.2470369797307752,1.339986123959297,1.1666666666666667,1.6666666666666667,19.5,10,7,12,1.74,-10.46,10.8,1.4,1.1819062506030606,37,6,38,6,0,0,2,0,1,0,0,0,0,0.0,0,1,0.0,0
0.6666666666666666,0.6666666666666666,4,0.6666666666666666,8,1.158730158888889,10.42857143,1.875,11.25,1.1065804935370154,133.4,1,4,1.225732834939996,140.0,-0.8214285700000001,1.2816864295125163,1.2069998195922786,24,1.2643147284489245,1.2414858951680476,1.5,1.0,1.0,6,9,12,1.74,-10.46,10.8,1.4,1.1743905726499018,0,6,1,6,0,0,1,0,0,0,0,0,1,0.0,1,0,0.0,1
0.5,0.5,3,0.5,6,1.133333333,11.33333333,0.9444444441666667,11.33333333,0.8792181890706022,118.9,1,3,0.664626945786366,133.1,0.0,0.7802142407057341,1.2130434782608694,21,0.584463768115942,0.6530292230933714,1.6666666666666667,2.0,34.0,12,10,12,0.32,-9.879999999999999,7.6,2.6,1.1819062506030606,0,6,34,6,0,0,1,0,0,0,1,0,0,0.0,0,1,0.0,1
0.0,0.0,0,0.0,0,0.0,0.0,0.0,0.0,0.7509316770186336,153.5,0,0,1.1939285714285715,100.0,0.0,1.2795454545454545,0.748,31,1.0831439393939393,1.0974803149606298,1.2,1.8,37.0,9,6,10,1.79,-11.11,12.4,0.5,1.1876220053238686,0,5,37,5,0,0,1,1,0,1,0,1,1,0.0,1,0,0.0,1
0.7142857142857143,0.7142857142857143,5,0.7142857142857143,10,1.4975,11.98,1.4975,11.98,1.5568619113426172,124.3,1,5,1.192080745341615,126.0,0.0,1.197718162195498,0.9819806763285025,18,1.302210510906163,1.1281060708036075,1.1428571428571428,1.1428571428571428,37.5,8,8,14,0.32,-9.879999999999999,7.6,2.6,1.1758672525439406,1,7,38,7,1,1,3,0,1,0,0,0,0,0.0,0,1,0.0,0
0.8,0.8,4,0.8,8,1.8333333333333333,11.0,1.5625,12.5,1.140246768507638,128.1,1,4,1.2127443159154367,127.0,-1.5,1.151400966183575,1.4334342940889107,19,1.2647449755785092,1.1281060708036075,1.2,1.6,19.0,8,6,10,0.32,-9.879999999999999,7.6,2.6,1.1758672525439406,36,5,37,5,0,0,1,0,1,0,0,0,1,0.0,0,0,0.0,1
1.0,1.0,8,1.0,15,1.9765625,15.8125,1.4506172844444445,13.05555556,1.543190537084399,128.0,1,7,1.2011857707509879,143.0,2.75694444,1.245065950170982,1.4102055872516233,18,1.25372234935164,1.0880586922712827,1.0,1.2857142857142858,19.0,9,8,15,0.79,-12.809999999999999,13.9,-0.3,1.1584500394906667,36,8,37,7,1,1,1,0,1,0,0,0,0,0.0,0,0,0.0,1
0.7,0.6,3,0.8,7,1.54166666625,12.33333333,1.8571428571428572,13.0,1.0138095238095237,147.0,1,4,1.2145569620253165,133.0,-0.6666666699999997,1.2994236311239193,1.4512849162011174,18,1.2932721712538227,1.3434108527131783,1.6,1.4,38.0,7,8,10,-3.12,-11.719999999999999,9.4,-0.8,1.1876220053238686,0,5,38,5,1,1,1,0,1,0,1,0,0,0.0,0,0,0.0,1
1.0,1.0,6,1.0,12,2.2222222216666667,13.33333333,2.5,15.0,1.2768658451522903,135.8,1,6,1.3003910743041178,133.0,-1.6666666699999997,1.2816864295125163,1.4404225006140996,19,1.2643147284489245,1.0992070002734482,1.0,1.0,2.0,6,6,12,2.02,-9.68,11.1,0.6,1.1743905726499018,2,6,3,6,0,0,1,0,1,0,1,0,0,0.0,0,1,0.0,1
1.0,1.0,6,1.0,12,2.3611111116666668,14.16666667,2.444444445,14.66666667,1.2830584707646178,156.1,1,6,1.2550901378579005,160.0,-0.5,1.318361688720857,1.1124779073877695,21,1.117896865520728,1.1229617418778761,1.0,1.0,37.0,6,6,12,0.79,-12.809999999999999,13.9,-0.3,1.1819062506030606,0,6,37,6,1,1,1,0,0,0,1,0,0,0.3333333333333333,0,0,0.5,1
1.0,1.0,6,1.0,12,2.7777777783333337,16.66666667,2.8055555549999998,16.83333333,1.3096192836224372,137.0,1,6,1.0813995369179317,124.0,-0.16666665999999708,1.151400966183575,1.4334342940889107,20,1.1213355347642635,1.1698757763975156,1.0,1.0,7.5,6,6,12,3.51,-6.790000000000001,8.9,1.4,1.1758672525439406,9,6,12,6,0,0,4,0,1,0,0,0,1,0.0,0,1,0.0,0
0.8333333333333334,0.6666666666666666,4,1.0,10,0.8533333333333334,12.8,1.8571428571428572,13.0,1.1776659038901602,140.0,1,6,1.2821204371076491,140.0,-0.1999999999999993,1.271562304971916,1.156304347826087,21,1.2647449755785092,1.277410022972858,2.5,1.1666666666666667,10.0,7,15,12,1.79,-11.11,12.4,0.5,1.1758672525439406,18,6,19,6,0,0,1,0,0,0,1,0,0,0.16666666666666666,0,1,0.3333333333333333,1
0.25,0.14285714285714285,1,0.3333333333333333,4,1.75,14.0,1.5925925922222222,14.33333333,1.0808549506759224,100.0,0,3,1.1973403408186016,140.0,-0.3333333300000003,1.1624045504129656,0.7491078753076292,29,1.25372234935164,1.2179619565217392,1.1428571428571428,1.0,1.0,9,8,16,-4.06,-22.36,15.5,2.8,1.2759057971014494,0,7,1,9,0,0,1,1,0,1,1,1,0,0.14285714285714285,1,0,0.3333333333333333,1
0.8333333333333334,0.8333333333333334,5,0.8333333333333334,10,1.6,12.8,1.7714285714285716,12.4,1.0588932806324112,120.0,1,5,1.225732834939996,130.0,0.40000000000000036,1.3083536883243772,0.7313379542113002,34,1.0901394585726005,1.1019750589821369,1.3333333333333333,1.1666666666666667,37.0,7,8,12,-3.12,-11.719999999999999,9.4,-0.8,1.1743905726499018,0,6,37,6,0,0,1,0,0,0,0,1,0,0.0,1,1,0.0,1
1.0,1.0,6,1.0,12,1.375,11.0,1.4375,11.5,1.2768658451522903,116.0,1,6,1.1933908806863316,133.1,-0.5,1.1782208343342142,1.4404225006140996,20,1.2643147284489245,1.0992070002734482,1.3333333333333333,1.3333333333333333,2.0,8,8,12,-0.92,-17.42,16.2,0.3,1.1743905726499018,2,6,3,6,0,0,1,0,1,0,1,0,1,0.0,0,0,0.0,1
0.0,0.0,0,0.0,0,0.0,0.0,0.0,0.0,1.0632,127.3,0,0,1.1939285714285715,129.0,0.0,1.2770334928229667,1.4512849162011174,19,1.2932721712538227,1.0974803149606298,0.0,0.0,37.5,0,0,0,-3.12,-11.719999999999999,9.4,-0.8,1.1876220053238686,1,0,38,0,1,0,3,1,1,1,0,0,1,0.0,0,1,0.0,0
1.0,1.0,6,1.0,12,2.1666666666666665,13.0,2.194444445,13.16666667,1.2768658451522903,129.7,1,6,0.5651100375738056,136.0,-0.16666666999999968,0.701041028781384,1.3679347826086956,21,1.2357226792009401,1.0703557312252965,1.0,1.0,26.0,6,6,12,0.32,-9.879999999999999,7.6,2.6,1.1743905726499018,24,6,38,6,0,0,6,0,0,0,1,0,0,0.0,0,1,0.0,0
0.75,0.6666666666666666,4,0.8333333333333334,9,1.175,11.75,1.511111111111111,13.6,0.8310789049919485,146.6,1,5,1.251728743136964,163.0,-1.8499999999999996,1.1672994488671158,1.4334342940889107,18,1.2576025080438908,1.1916457060725836,1.6666666666666667,1.5,10.0,9,10,12,-3.12,-11.719999999999999,9.4,-0.8,1.1758672525439406,18,6,19,6,0,0,1,0,1,1,0,0,0,0.0,0,1,0.0,1
1.0,1.0,6,1.0,12,1.53,15.3,1.8125,14.5,1.0067868504772004,170.0,1,6,1.194817160955946,170.0,0.8000000000000007,1.1306197964847364,1.1124779073877695,20,1.2275607958732497,1.2921636019934695,1.6666666666666667,1.3333333333333333,19.0,8,10,12,-0.92,-17.42,16.2,0.3,1.1819062506030606,0,6,19,6,0,0,1,0,1,0,1,0,1,0.0,0,1,0.0,1
0.3,0.0,0,0.6,3,0.0,0.0,1.066666667,10.66666667,1.0288695652173914,96.0,1,3,1.442391304347826,96.0,-10.66666667,1.1697181559973782,1.2069998195922786,19,1.2357226792009401,1.1019750589821369,1.8,2.0,37.5,10,9,10,-0.92,-17.42,16.2,0.3,1.1743905726499018,1,5,38,5,0,0,1,0,1,0,0,0,0,0.0,0,1,0.0,1
0.9,0.8,4,1.0,9,2.1142857142857143,14.8,2.2222222216666667,13.33333333,1.1776659038901602,135.8,1,5,0.8501863354037267,140.0,1.4666666700000004,0.8821256038647343,1.4334342940889107,18,0.9797101449275362,1.277410022972858,1.4,1.2,14.5,6,7,10,0.32,-9.879999999999999,7.6,2.6,1.1758672525439406,9,5,19,5,0,0,3,0,1,0,1,0,0,0.0,0,1,0.0,0
1.0,1.0,6,1.0,12,2.25,13.5,1.52083333375,12.16666667,1.0588932806324112,110.8,1,6,1.2125797101449276,116.0,1.3333333300000003,1.2021125030704987,1.4404225006140996,18,1.2357226792009401,1.3033971014492753,1.0,1.3333333333333333,38.0,8,6,12,2.02,-9.68,11.1,0.6,1.1743905726499018,0,6,38,6,0,0,1,0,1,0,0,0,0,0.0,0,1,0.0,1
1.0,1.0,6,1.0,12,2.555555555,15.33333333,2.387755101428571,16.71428571,1.1776659038901602,135.6,1,6,1.1803307676305388,147.0,-1.3809523799999983,1.0612395929694727,1.4334342940889107,20,1.2576025080438908,1.277410022972858,1.0,1.1666666666666667,19.0,7,6,12,0.79,-12.809999999999999,13.9,-0.3,1.1758672525439406,0,6,19,6,0,0,3,0,1,0,0,0,0,0.0,0,1,0.0,0
0.875,0.875,7,0.875,14,1.625,13.0,1.625,13.0,1.5717231848623365,137.8,1,7,1.1990645264164983,149.0,0.0,1.204451156505842,1.4304347826086956,18,1.2275607958732497,1.2050514162006132,1.0,1.0,10.0,8,8,16,-1.7,-18.099999999999998,12.7,3.7,1.1819062506030606,18,8,19,8,0,0,2,0,1,0,1,0,1,0.0,0,1,0.0,0
0.0,0.0,0,0.0,0,0.0,0.0,0.0,0.0,1.2067357512953367,117.6,1,0,1.1933333333333331,127.0,0.0,1.18125,1.225164113785558,18,1.2662162162162163,1.3434108527131783,0.0,0.0,28.5,0,0,12,1.79,-11.11,12.4,0.5,1.1876220053238686,19,6,38,6,0,0,1,0,1,0,0,0,0,0.0,0,0,0.0,1
1.0,1.0,8,1.0,16,1.754375,14.035,1.754375,14.035,1.5717231848623365,149.3,1,8,1.194817160955946,157.0,0.0,1.264619822790027,1.4304347826086956,18,1.2275607958732497,1.339986123959297,1.0,1.0,28.5,8,8,16,-3.12,-11.719999999999999,9.4,-0.8,1.1819062506030606,19,8,38,8,0,0,1,0,1,0,0,0,0,0.0,0,0,0.0,1
0.0,0.0,0,0.0,0,0.0,0.0,0.0,0.0,1.2292035398230086,118.5,1,0,0.6161764705882353,133.1,0.0,1.1960526315789475,0.748,31,0.5958333333333333,0.8368421052631578,0.0,2.0,19.5,12,0,12,0.32,-9.879999999999999,7.6,2.6,1.1876220053238686,29,6,34,6,0,0,1,0,0,0,0,1,0,0.0,1,1,0.0,1
0.7,0.6,3,0.8,7,1.6190476185714286,11.33333333,1.5357142857142858,10.75,0.7367809883877936,127.8,1,4,1.1973403408186016,130.0,0.5833333300000003,1.1624045504129656,0.7491078753076292,37,1.0449937888198757,1.0880586922712827,1.4,1.4,37.0,7,7,10,0.32,-9.879999999999999,7.6,2.6,1.1584500394906667,0,5,37,5,0,0,1,0,0,0,1,1,1,0.0,1,0,0.0,1
1.0,1.0,6,1.0,12,1.7380952385714286,12.16666667,2.1388888883333332,12.83333333,1.2840579710144928,129.4,1,6,1.2542082169924211,135.0,-0.6666666600000006,1.139830755763058,1.4304347826086956,18,1.2470369797307752,1.2921636019934695,1.1666666666666667,1.0,10.0,6,7,12,2.02,-9.68,11.1,0.6,1.1819062506030606,18,6,19,6,0,0,1,0,1,0,0,0,0,0.0,0,1,0.0,1
0.8333333333333334,0.6666666666666666,4,1.0,10,1.275,12.75,1.7619047614285714,12.33333333,1.4912388027091983,134.0,1,6,1.3066447908121412,120.0,0.4166666699999997,1.355244411692459,0.7234823625922888,40,1.0986103210077205,1.1281060708036075,1.6666666666666667,1.1666666666666667,37.0,7,10,12,3.51,-6.790000000000001,8.9,1.4,1.1758672525439406,0,6,37,6,1,1,1,0,0,0,1,1,1,0.0,1,0,0.0,1
0.875,0.875,7,0.875,14,1.86696428625,14.93571429,1.86696428625,14.93571429,1.5796068796068796,128.0,1,7,1.1939285714285715,132.0,0.0,1.2994236311239193,1.4512849162011174,19,1.2662162162162163,1.3042389210019267,1.0,1.0,19.0,8,8,16,1.74,-10.46,10.8,1.4,1.1876220053238686,0,8,19,8,1,1,2,0,1,0,0,0,1,0.0,0,1,0.0,0
0.0,0.0,0,0.0,0,0.0,0.0,0.0,0.0,1.5568619113426172,100.8,1,0,1.2127443159154367,133.1,0.0,1.1672994488671158,0.7234823625922888,24,1.2647449755785092,1.1916457060725836,1.0,2.5714285714285716,1.0,18,7,14,0.79,-12.809999999999999,13.9,-0.3,1.1758672525439406,0,7,1,7,0,0,1,0,0,0,0,0,1,0.0,1,0,0.0,1
0.0,0.0,0,0.0,0,0.0,0.0,0.0,0.0,0.8409172126265634,120.5,1,0,1.3003910743041178,130.0,0.0,1.2816864295125163,0.7313379542113002,28,1.1418478260869565,1.2414858951680476,1.0,1.0,2.0,5,5,10,-1.7,-18.099999999999998,12.7,3.7,1.1743905726499018,2,5,3,5,0,0,1,0,0,0,1,1,1,0.0,1,0,0.0,1
0.75,0.8333333333333334,5,0.6666666666666666,9,1.45,11.6,1.3611111111111112,12.25,0.901159420289855,132.5,1,4,1.2239130434782608,150.0,-0.6500000000000004,1.1663210702341136,1.184466819221968,22,1.0449937888198757,1.0880586922712827,1.3333333333333333,1.5,37.0,9,8,12,1.74,-10.46,10.8,1.4,1.1584500394906667,0,6,37,6,0,0,2,0,0,0,0,0,0,0.0,0,1,0.0,0
0.0,0.0,0,0.0,0,0.0,0.0,0.0,0.0,0.9982473879339401,155.3,1,0,1.225732834939996,143.0,0.0,1.0542490118577075,1.4404225006140996,18,0.8416337285902503,1.326482213438735,0.0,0.0,12.0,0,0,0,2.02,-9.68,11.1,0.6,1.1743905726499018,0,0,12,0,0,0,1,0,1,0,0,0,0,0.0,0,1,0.0,1
0.8333333333333334,0.6666666666666666,4,1.0,10,2.2083333333333335,13.25,1.4259259255555556,12.83333333,1.0189981096408318,121.0,1,6,1.2011857707509879,129.0,0.4166666699999997,1.2639209009952854,1.4102055872516233,22,1.233967927278964,1.2179619565217392,1.0,1.5,10.0,9,6,12,-0.92,-17.42,16.2,0.3,1.1584500394906667,18,6,19,6,1,1,1,0,0,0,0,0,0,0.0,0,0,0.0,1
0.0,0.0,0,0.0,0,0.0,0.0,0.0,0.0,1.1767016491754123,103.0,0,0,0.848136645962733,133.1,0.0,0.8200424178154825,0.7491078753076292,34,1.233967927278964,1.2179619565217392,1.5,1.0,10.0,6,9,12,1.74,-10.46,10.8,1.4,1.1584500394906667,18,6,19,6,0,0,2,0,0,0,1,1,1,0.0,1,0,0.0,0
0.0,0.0,0,0.0,0,0.0,0.0,0.0,0.0,1.0972332015810278,134.4,1,0,1.2550901378579005,147.0,0.0,1.318361688720857,1.4304347826086956,18,1.117896865520728,1.2921636019934695,0.0,0.0,28.0,0,0,0,1.74,-10.46,10.8,1.4,1.1819062506030606,18,0,37,0,1,1,1,0,1,0,1,0,1,0.0,0,1,0.0,1
0.0,0.0,0,0.0,0,0.0,0.0,0.0,0.0,1.0138998682476945,113.3,1,0,1.1990645264164983,115.0,0.0,1.318361688720857,1.2130434782608694,21,1.2275607958732497,1.2921636019934695,0.0,0.0,19.0,0,0,12,2.02,-9.68,11.1,0.6,1.1819062506030606,0,6,19,6,0,0,2,0,0,1,0,0,0,0.0,0,1,0.0,0
0.9166666666666666,1.0,6,0.8333333333333334,11,1.1666666666666667,10.5,1.35,10.8,1.433108695652174,116.5,1,5,1.2239130434782608,128.0,-0.3000000000000007,1.123776517538332,1.184466819221968,18,1.233967927278964,1.2799644037630307,1.5,1.3333333333333333,19.0,8,9,12,1.79,-11.11,12.4,0.5,1.1584500394906667,0,6,19,6,1,1,1,0,1,0,0,0,0,0.0,0,0,0.0,1
0.75,0.5,3,1.0,9,0.9722222225,11.66666667,1.5952380957142858,11.16666667,1.0138998682476945,122.9,1,6,1.1990645264164983,125.0,0.5,1.204451156505842,1.4304347826086956,19,1.117896865520728,1.1229617418778761,2.0,1.1666666666666667,37.0,7,12,12,1.74,-10.46,10.8,1.4,1.1819062506030606,0,6,37,6,1,1,1,0,1,0,1,0,1,0.0,0,0,0.0,1
0.25,0.0,0,0.5,3,0.0,0.0,0.75,11.25,1.2130202278539874,105.0,1,3,1.2542082169924211,133.1,-11.25,1.204451156505842,1.4304347826086956,21,1.100568702990277,1.2050514162006132,1.5,2.5,2.0,15,9,12,1.79,-11.11,12.4,0.5,1.1819062506030606,2,6,3,6,0,0,1,0,0,0,0,0,1,0.0,0,1,0.0,1
1.0,1.0,6,1.0,12,2.0833333333333335,12.5,2.1666666666666665,13.0,1.3761848805327068,132.0,1,6,1.2127443159154367,133.0,-0.5,1.1051039697542533,1.2294441386901487,17,1.2585507246376813,1.1916457060725836,1.0,1.0,2.5,6,6,12,-4.06,-22.36,15.5,2.8,1.1758672525439406,3,6,4,6,1,1,5,0,1,0,1,0,0,0.0,0,1,0.0,0
1.0,1.0,6,1.0,12,1.2,12.0,1.47,14.7,1.2130202278539874,120.4,1,6,1.1224184782608695,134.0,-2.6999999999999993,1.1004459308807135,1.2130434782608694,18,1.2275607958732497,1.2921636019934695,1.6666666666666667,1.6666666666666667,19.0,10,10,12,-0.92,-17.42,16.2,0.3,1.1819062506030606,0,6,19,6,0,0,1,0,1,0,1,0,1,0.0,0,1,0.0,1
0.875,0.875,7,0.875,14,1.2053246754545455,13.25857143,1.2053246754545455,13.25857143,1.547589908749329,120.5,1,7,1.2242311770943797,135.0,0.0,1.3083536883243772,1.4404225006140996,19,1.2643147284489245,1.1019750589821369,1.375,1.375,19.0,11,11,16,1.74,-10.46,10.8,1.4,1.1743905726499018,36,8,37,8,0,0,3,0,1,0,1,0,0,0.0,0,1,0.0,0
0.8333333333333334,0.8333333333333334,5,0.8333333333333334,10,1.8285714285714287,12.8,1.5714285714285714,11.0,1.0138998682476945,118.0,1,5,1.194817160955946,118.0,1.8000000000000007,1.189437963944857,1.2130434782608694,19,1.2470369797307752,1.2921636019934695,1.1666666666666667,1.1666666666666667,10.0,7,7,12,1.79,-11.11,12.4,0.5,1.1819062506030606,18,6,19,6,1,1,1,0,1,0,0,0,0,0.0,0,0,0.0,1
0.4166666666666667,0.5,3,0.3333333333333333,5,1.8333333333333333,11.0,1.05,10.5,1.3923076923076922,132.1,1,2,1.2145569620253165,124.0,0.5,1.148233215547703,1.4512849162011174,19,1.2662162162162163,1.3042389210019267,1.0,1.6666666666666667,19.0,10,6,12,0.32,-9.879999999999999,7.6,2.6,1.1876220053238686,0,6,19,6,0,0,1,0,1,0,0,0,0,0.0,0,1,0.0,1
0.0,0.0,0,0.0,0,0.0,0.0,0.0,0.0,1.0296727924697446,112.0,0,0,1.3066447908121412,119.0,0.0,1.355244411692459,1.152445652173913,20,1.0986103210077205,1.1281060708036075,0.0,1.0,37.0,5,0,10,-3.12,-11.719999999999999,9.4,-0.8,1.1758672525439406,0,5,37,5,0,0,1,0,1,0,1,0,1,0.0,0,1,0.0,1
0.7,0.6,3,0.8,7,1.5,12.0,0.9230769230769231,12.0,1.2130202278539874,125.9,1,4,1.2099177438307875,129.0,0.0,1.1004459308807135,1.4304347826086956,19,1.2470369797307752,1.061625708884688,1.6,2.6,1.5,13,8,10,-3.12,-11.719999999999999,9.4,-0.8,1.1819062506030606,1,5,2,5,0,0,1,0,1,0,0,0,0,0.0,0,1,0.0,1
0.36363636363636365,0.0,0,0.6666666666666666,4,0.0,0.0,2.0416666666666665,12.25,1.2830584707646178,148.5,1,4,1.1990645264164983,133.1,-12.25,1.204451156505842,0.73904412557989,34,1.117896865520728,1.339986123959297,1.0,1.0,37.5,6,5,11,2.02,-9.68,11.1,0.6,1.1819062506030606,1,5,38,6,0,0,1,0,0,0,1,1,1,0.0,1,0,0.0,1
0.4,0.4,2,0.4,4,1.3125,10.5,1.6428571428571428,11.5,1.1776659038901602,106.3,0,2,0.8501863354037267,140.0,-1.0,0.8821256038647343,0.7234823625922888,35,1.0986103210077205,1.1281060708036075,1.6,1.4,37.0,7,8,10,0.32,-9.879999999999999,7.6,2.6,1.1758672525439406,0,5,37,5,0,0,1,1,0,1,1,1,1,0.0,1,0,0.0,1
0.08333333333333333,0.0,0,0.16666666666666666,1,0.0,0.0,2.0,14.0,1.1065804935370154,105.2,1,1,1.2242311770943797,140.0,-14.0,1.3083536883243772,0.7313379542113002,29,1.2357226792009401,1.1019750589821369,1.0,1.1666666666666667,37.5,7,6,12,-0.92,-17.42,16.2,0.3,1.1743905726499018,1,6,38,6,0,0,1,0,0,0,1,1,1,0.0,1,0,0.0,1
0.4166666666666667,0.16666666666666666,1,0.6666666666666666,5,0.8333333333333334,10.0,1.25,12.5,1.168944099378882,129.7,1,4,1.1667984189723322,136.0,-2.5,1.2180602006688963,1.4304347826086956,19,1.2366956521739132,1.339986123959297,2.0,1.6666666666666667,20.0,10,12,12,-0.92,-17.42,16.2,0.3,1.1819062506030606,36,6,38,6,0,0,1,0,1,0,0,0,1,0.0,0,1,0.0,1
0.4,0.4,2,0.4,4,1.25,12.5,1.5925925922222222,14.33333333,1.0288695652173914,124.8,1,2,1.2125797101449276,116.0,-1.8333333300000003,1.2816864295125163,1.4404225006140996,20,1.0901394585726005,1.2414858951680476,2.0,1.8,19.0,9,10,10,0.32,-9.879999999999999,7.6,2.6,1.1743905726499018,36,5,37,5,0,0,2,0,1,0,0,0,1,0.0,0,1,0.0,0
0.7,0.4,2,1.0,7,1.2222222222222223,11.0,1.7666666666666666,10.6,0.7367809883877936,120.0,0,5,1.1973403408186016,140.0,0.40000000000000036,1.1624045504129656,0.7491078753076292,38,1.0449937888198757,1.0880586922712827,1.8,1.2,37.0,6,9,10,-1.7,-18.099999999999998,12.7,3.7,1.1584500394906667,0,5,37,5,0,0,1,0,0,0,1,1,0,0.0,1,0,0.0,1
0.8,0.8,4,0.8,8,2.2,11.0,2.2,11.0,1.1542253521126762,114.6,1,4,1.106153846153846,123.0,0.0,1.1960526315789475,1.225164113785558,18,1.2662162162162163,1.3042389210019267,1.0,1.0,19.0,5,5,10,-3.12,-11.719999999999999,9.4,-0.8,1.1876220053238686,0,5,19,5,0,0,1,0,1,0,1,0,0,0.0,0,0,0.0,1
0.5714285714285714,0.5714285714285714,4,0.5714285714285714,8,1.6535714285714285,11.575,1.1454545454545455,12.6,1.543190537084399,115.0,0,4,1.2011857707509879,133.1,-1.0250000000000004,1.1622608695652175,1.4102055872516233,20,1.25372234935164,1.2799644037630307,1.0,1.5714285714285714,10.0,11,7,14,-0.92,-17.42,16.2,0.3,1.1584500394906667,18,7,19,7,0,0,1,0,1,0,0,0,1,0.0,0,0,0.0,1
0.9,0.8,4,1.0,9,1.4722222222222223,13.25,2.1666666666666665,13.0,1.1776659038901602,114.5,1,5,1.2127443159154367,125.0,0.25,1.151400966183575,1.4334342940889107,24,1.2647449755785092,1.277410022972858,1.8,1.2,10.0,6,9,10,-1.7,-18.099999999999998,12.7,3.7,1.1758672525439406,18,5,19,5,0,0,1,0,0,0,0,0,0,0.0,1,1,0.0,1
0.0,0.0,0,0.0,0,0.0,0.0,0.0,0.0,1.218035426731079,110.5,1,0,1.3003910743041178,133.1,0.0,1.3083536883243772,0.7313379542113002,37,1.2521739130434784,1.2414858951680476,1.8571428571428572,2.142857142857143,21.5,15,13,14,2.02,-9.68,11.1,0.6,1.1743905726499018,41,7,42,7,0,0,1,0,0,0,0,1,1,0.0,1,0,0.0,1
0.5833333333333334,0.3333333333333333,2,0.8333333333333334,7,0.8205128207692307,10.66666667,1.171428571,11.71428571,1.4763186934451555,114.8,0,5,1.2542082169924211,120.0,-1.0476190400000007,1.1306197964847364,1.2130434782608694,19,1.2275607958732497,1.2921636019934695,2.1666666666666665,1.6666666666666667,19.0,10,13,12,-0.92,-17.42,16.2,0.3,1.1819062506030606,0,6,19,6,0,0,1,1,1,1,0,0,0,0.0,0,1,0.0,1
1.0,1.0,6,1.0,12,1.9722222216666667,11.83333333,2.0,12.0,1.3723199468967806,105.1,1,6,1.1933908806863316,110.0,-0.16666666999999968,1.1782208343342142,1.4404225006140996,20,1.2643147284489245,1.1019750589821369,1.0,1.0,19.0,6,6,12,1.79,-11.11,12.4,0.5,1.1743905726499018,36,6,37,6,1,1,1,0,1,0,1,0,0,0.0,0,1,0.0,1
0.0,0.0,0,0.0,0,0.0,0.0,0.0,0.0,0.8455652173913043,107.0,0,0,1.1990645264164983,120.0,0.0,1.204451156505842,1.0228260869565218,47,1.117896865520728,1.2921636019934695,1.0,1.0,28.0,5,5,10,-1.7,-18.099999999999998,12.7,3.7,1.1819062506030606,18,5,37,5,0,0,1,0,0,0,1,1,1,0.0,1,0,0.0,1
1.0,1.0,6,1.0,12,1.42857142875,11.42857143,1.7551020414285714,12.28571429,1.4763186934451555,110.0,1,6,1.1990645264164983,118.0,-0.8571428599999997,1.204451156505842,1.4304347826086956,18,1.2275607958732497,1.339986123959297,1.3333333333333333,1.1666666666666667,28.5,7,8,12,1.79,-11.11,12.4,0.5,1.1819062506030606,19,6,38,6,1,1,4,0,1,0,1,0,0,0.0,0,0,0.0,0
0.2,0.0,0,0.4,2,0.0,0.0,0.7692307692307693,10.0,1.0138095238095237,106.1,1,2,1.2388505747126437,112.0,-10.0,1.2770334928229667,1.4512849162011174,20,1.1583333333333332,1.19,2.0,2.6,15.5,13,10,10,-3.12,-11.719999999999999,9.4,-0.8,1.1876220053238686,13,5,22,5,0,0,1,0,1,0,0,0,0,0.0,0,0,0.0,1
1.0,1.0,8,1.0,15,1.6953125,13.5625,1.5571428575,12.45714286,1.129933110367893,108.0,1,7,1.2821204371076491,133.1,1.1053571400000006,1.1672994488671158,1.2294441386901487,20,1.0986103210077205,1.1281060708036075,1.0,1.1428571428571428,37.0,8,8,15,-4.06,-22.36,15.5,2.8,1.1758672525439406,0,8,37,7,0,0,2,0,1,0,0,0,0,0.0,0,0,0.0,0
0.9166666666666666,0.8333333333333334,5,1.0,11,1.675,13.4,1.58333333375,12.66666667,1.0138998682476945,109.4,1,6,1.2099177438307875,115.0,0.7333333300000007,1.264619822790027,1.2130434782608694,19,1.2470369797307752,1.2921636019934695,1.3333333333333333,1.3333333333333333,10.0,8,8,12,2.02,-9.68,11.1,0.6,1.1819062506030606,18,6,19,6,0,0,1,0,1,0,1,0,0,0.0,0,1,0.0,1
0.0,0.0,0,0.0,0,0.0,0.0,0.0,0.0,1.4763186934451555,159.5,1,0,1.208385093167702,170.0,0.0,1.2806596701649176,0.73904412557989,33,1.2275607958732497,1.339986123959297,1.0,1.0,28.5,6,5,11,3.51,-6.790000000000001,8.9,1.4,1.1819062506030606,19,5,38,6,0,0,1,0,0,0,1,1,1,0.0,1,0,0.0,1
0.9166666666666666,0.8333333333333334,5,1.0,11,1.9047619042857142,13.33333333,1.71428571375,13.71428571,0.7812111801242235,115.4,1,6,1.1081088290210723,121.0,-0.3809523800000001,1.1624045504129656,1.4102055872516233,18,1.1436586685910157,1.2799644037630307,1.1666666666666667,1.3333333333333333,11.0,8,7,12,-4.06,-22.36,15.5,2.8,1.1584500394906667,16,6,19,6,0,0,1,0,1,0,0,0,1,0.0,0,1,0.0,1
0.75,0.75,6,0.75,12,1.53125,12.25,1.53125,12.25,1.5717231848623365,120.0,1,6,1.2542082169924211,120.0,0.0,0.9590062111801242,0.7927536231884058,29,1.2275607958732497,1.052902889872429,1.0,1.0,11.0,8,8,16,-1.7,-18.099999999999998,12.7,3.7,1.1819062506030606,16,8,19,8,0,0,1,0,0,0,0,1,0,0.0,1,1,0.0,1
0.8,1.0,5,0.6,8,1.8857142857142857,13.2,1.7142857142857142,12.0,1.2130202278539874,127.0,1,3,0.8377574370709383,120.0,1.1999999999999993,0.8144268774703558,1.2130434782608694,19,1.3338955940090156,1.2921636019934695,1.4,1.4,28.5,7,7,10,0.32,-9.879999999999999,7.6,2.6,1.1819062506030606,19,5,38,5,0,0,1,0,1,0,1,0,0,0.0,0,0,0.0,1
1.0,1.0,8,1.0,15,1.5802469133333334,14.22222222,1.9346938771428572,13.54285714,1.5717231848623365,137.4,1,7,1.1990645264164983,144.0,0.6793650800000002,1.139830755763058,1.4304347826086956,19,1.3338955940090156,1.2050514162006132,1.125,1.0,19.5,7,9,15,-0.92,-17.42,16.2,0.3,1.1819062506030606,37,8,38,7,0,0,1,0,1,0,0,0,0,0.0,0,0,0.0,1
0.1,0.0,0,0.2,1,0.0,0.0,1.8333333333333333,11.0,0.8265111346765641,150.0,1,1,0.7749734888653234,150.0,-11.0,0.8041407867494824,0.7313379542113002,34,1.1418478260869565,1.2414858951680476,1.0,1.2,2.0,6,5,10,-1.7,-18.099999999999998,12.7,3.7,1.1743905726499018,2,5,3,5,0,0,1,0,0,0,1,1,0,0.0,1,1,0.2,1
1.0,1.0,5,1.0,10,2.081632652857143,14.57142857,2.257142857142857,15.8,0.6398191993112355,121.5,1,5,1.2239130434782608,125.0,-1.2285714300000006,1.123776517538332,1.184466819221968,20,1.233967927278964,1.2179619565217392,1.4,1.4,10.0,7,7,10,2.02,-9.68,11.1,0.6,1.1584500394906667,18,5,19,5,0,0,1,0,1,0,0,0,1,0.0,0,1,0.0,1
0.7777777777777778,0.6666666666666666,6,0.8888888888888888,14,1.0,13.0,1.4583333333333333,13.125,1.2130202278539874,130.0,0,8,1.1990645264164983,130.0,-0.125,1.204451156505842,1.339799331103679,24,1.2275607958732497,1.2050514162006132,1.4444444444444444,1.0,10.0,9,13,18,3.51,-6.790000000000001,8.9,1.4,1.1819062506030606,18,9,19,9,0,0,1,1,0,1,1,0,0,0.4444444444444444,1,1,0.7777777777777778,1
0.9166666666666666,0.8333333333333334,5,1.0,11,1.16,11.6,1.1375,11.375,1.0140521739130435,120.0,1,6,1.1803307676305388,133.1,0.22499999999999964,1.1051039697542533,0.7234823625922888,30,1.302210510906163,1.1281060708036075,1.6666666666666667,1.6666666666666667,37.5,10,10,12,0.79,-12.809999999999999,13.9,-0.3,1.1758672525439406,1,6,38,6,0,0,1,0,0,0,0,1,1,0.0,1,0,0.0,1
0.0,0.0,0,0.0,0,0.0,0.0,0.0,0.0,0.9982473879339401,134.3,1,0,1.3003910743041178,136.0,0.0,1.1697181559973782,1.4404225006140996,19,1.1478260869565218,1.2414858951680476,0.0,0.0,20.0,0,0,0,1.79,-11.11,12.4,0.5,1.1743905726499018,38,0,39,0,0,0,2,0,1,1,0,0,0,0.0,0,1,0.0,0
0.6842105263157895,0.8888888888888888,8,0.5,13,0.6790123455555556,12.22222222,0.488,12.2,0.8409172126265634,140.0,1,5,1.1933908806863316,140.0,0.022222220000001514,1.1697181559973782,1.0102538326212618,34,1.0901394585726005,1.2742242031788749,2.0,2.5,28.0,25,18,19,-0.92,-17.42,16.2,0.3,1.1743905726499018,18,9,37,10,0,0,1,0,0,1,0,1,0,0.3333333333333333,1,0,0.4,1
0.8571428571428571,0.8571428571428571,6,0.8571428571428571,12,2.0809523814285713,14.56666667,2.0809523814285713,14.56666667,1.5717231848623365,120.0,1,6,1.1224184782608695,130.0,0.0,1.318361688720857,1.4304347826086956,19,1.2470369797307752,1.339986123959297,1.0,1.0,19.5,7,7,14,0.32,-9.879999999999999,7.6,2.6,1.1819062506030606,37,7,38,7,0,0,1,0,1,0,0,0,0,0.0,0,0,0.0,1
0.0,0.0,0,0.0,0,0.0,0.0,0.0,0.0,1.0138998682476945,113.1,0,0,1.1990645264164983,119.0,0.0,1.204451156505842,1.1833540372670808,22,1.117896865520728,1.1229617418778761,1.0,1.0,37.0,5,5,10,-4.06,-22.36,15.5,2.8,1.1819062506030606,0,5,37,5,0,0,4,0,0,0,1,0,1,0.0,0,1,0.0,0
0.8571428571428571,0.8571428571428571,6,0.8571428571428571,12,1.9952380957142857,13.96666667,1.9952380957142857,13.96666667,1.5796068796068796,140.0,1,6,1.1939285714285715,136.0,0.0,1.148233215547703,1.4512849162011174,20,1.2662162162162163,1.3042389210019267,1.0,1.0,19.0,7,7,14,0.32,-9.879999999999999,7.6,2.6,1.1876220053238686,0,7,19,7,0,0,2,0,1,0,1,0,0,0.0,0,1,0.0,0
0.7,0.6,3,0.8,7,1.233333333,12.33333333,1.3,13.0,0.6201419698314108,133.0,1,4,1.1933908806863316,141.0,-0.6666666699999997,1.039782608695652,1.2069998195922786,18,1.0901394585726005,1.2414858951680476,2.0,2.0,19.0,10,10,10,0.32,-9.879999999999999,7.6,2.6,1.1743905726499018,36,5,37,5,0,0,1,0,1,0,0,0,1,0.0,0,1,0.0,1
1.0,1.0,8,1.0,15,1.5641975311111112,14.07777778,2.108163265714286,14.75714286,1.5568619113426172,190.0,1,7,1.2127443159154367,130.0,-0.6793650800000002,1.1051039697542533,0.7234823625922888,27,1.2647449755785092,1.1916457060725836,1.125,1.0,1.0,7,9,15,-0.92,-17.42,16.2,0.3,1.1758672525439406,0,8,1,7,0,0,1,0,0,0,1,1,0,0.125,1,1,0.14285714285714285,1
0.9285714285714286,0.8571428571428571,6,1.0,13,1.70833333375,13.66666667,1.7321428575,13.85714286,0.8310789049919485,112.9,1,7,1.2378260869565216,122.0,-0.19047619000000005,1.1756521739130434,1.4334342940889107,19,1.302210510906163,1.1281060708036075,1.1428571428571428,1.1428571428571428,37.5,8,8,14,3.51,-6.790000000000001,8.9,1.4,1.1758672525439406,1,7,38,7,1,1,1,0,1,0,0,0,0,0.0,0,1,0.0,1
0.2,0.4,2,0.0,2,1.5,13.5,0.0,0.0,1.1621118012422362,131.5,1,0,1.1126654064272212,121.0,13.5,1.2816864295125163,1.2069998195922786,21,1.2693138979643126,1.1019750589821369,1.8,2.0,28.0,10,9,10,0.32,-9.879999999999999,7.6,2.6,1.1743905726499018,18,5,37,5,0,0,1,0,0,0,0,0,0,0.0,0,0,0.0,1
0.0,0.0,0,0.0,0,0.0,0.0,0.0,0.0,0.9982473879339401,129.0,1,0,1.2125797101449276,136.0,0.0,1.2021125030704987,1.4404225006140996,19,1.0901394585726005,1.2742242031788749,0.0,0.0,28.0,0,0,0,0.79,-12.809999999999999,13.9,-0.3,1.1743905726499018,18,0,37,0,1,1,1,0,1,0,0,0,1,0.0,0,1,0.0,1
0.6666666666666666,0.6666666666666666,4,0.6666666666666666,8,1.75,12.25,1.2291666666666667,14.75,1.3096192836224372,123.1,1,4,1.251728743136964,121.0,-2.5,1.197718162195498,1.2294441386901487,20,1.2647449755785092,1.1916457060725836,1.1666666666666667,2.0,1.0,12,7,12,-3.12,-11.719999999999999,9.4,-0.8,1.1758672525439406,0,6,1,6,0,0,2,0,1,0,1,0,1,0.0,0,1,0.0,0
0.9,1.0,5,0.8,9,1.4074074077777778,12.66666667,1.7714285714285716,12.4,1.1621118012422362,134.9,1,4,0.7749734888653234,138.0,0.26666666999999933,1.3083536883243772,1.2069998195922786,20,1.2693138979643126,0.9182608695652175,1.8,1.4,27.5,7,9,10,0.32,-9.879999999999999,7.6,2.6,1.1743905726499018,17,5,36,5,0,0,4,0,1,0,0,0,0,0.0,0,1,0.0,0
0.75,0.5,3,1.0,9,0.9166666666666666,11.0,1.0118343192307693,13.15384615,1.2130202278539874,116.1,1,6,1.2542082169924211,122.0,-2.1538461499999997,1.318361688720857,1.4304347826086956,18,1.100568702990277,1.2050514162006132,2.0,2.1666666666666665,2.0,13,12,12,-4.06,-22.36,15.5,2.8,1.1819062506030606,2,6,3,6,0,0,2,0,1,0,0,0,0,0.0,0,1,0.0,0
1.0,1.0,8,1.0,15,1.3429752063636364,14.77272727,1.9489795914285715,13.64285714,1.5568619113426172,134.9,1,7,1.251728743136964,147.0,1.1298701300000005,1.197718162195498,1.2294441386901487,18,1.2647449755785092,1.1916457060725836,1.375,1.0,1.0,7,11,15,-0.92,-17.42,16.2,0.3,1.1758672525439406,0,8,1,7,0,0,1,0,1,0,1,0,0,0.0,0,0,0.0,1
1.0,1.0,5,1.0,10,1.26,12.6,1.3,13.0,0.6398191993112355,133.5,1,5,1.2239130434782608,150.0,-0.40000000000000036,1.245065950170982,0.973494983277592,21,1.2919274890242176,1.0880586922712827,2.0,2.0,37.5,10,10,10,-3.12,-11.719999999999999,9.4,-0.8,1.1584500394906667,1,5,38,5,0,0,1,0,0,0,0,0,1,0.0,0,1,0.0,1
1.0,1.0,5,1.0,10,3.04,15.2,3.0,15.0,1.0296727924697446,133.9,1,5,1.2821204371076491,143.0,0.1999999999999993,1.271562304971916,1.4334342940889107,18,1.2647449755785092,1.277410022972858,1.0,1.0,10.0,5,5,10,-1.7,-18.099999999999998,12.7,3.7,1.1758672525439406,18,5,19,5,1,1,1,0,1,0,1,0,0,0.0,0,0,0.0,1
0.0,0.0,0,0.0,0,0.0,0.0,0.0,0.0,1.2531772575250835,95.0,0,0,1.1973403408186016,133.1,0.0,1.1624045504129656,0.7491078753076292,50,1.0449937888198757,1.0880586922712827,1.2,1.8333333333333333,37.0,11,6,11,3.51,-6.790000000000001,8.9,1.4,1.1584500394906667,0,5,37,6,0,0,1,1,0,1,1,1,0,0.0,1,0,0.0,1
0.0,0.0,0,0.0,0,0.0,0.0,0.0,0.0,1.0635714285714286,101.0,1,0,1.2388505747126437,133.1,0.0,1.1960526315789475,0.748,25,1.2662162162162163,1.2365750528541226,1.0,1.0,10.0,6,6,12,-4.06,-22.36,15.5,2.8,1.1876220053238686,18,6,19,6,0,0,1,0,0,1,0,0,0,0.0,1,0,0.0,1
0.5714285714285714,0.42857142857142855,3,0.7142857142857143,8,1.5714285714285714,11.0,0.9230769230769231,12.0,0.6201419698314108,108.6,0,5,1.2125797101449276,120.0,-1.0,1.3083536883243772,1.1110212335692617,34,1.2643147284489245,1.2414858951680476,1.0,1.8571428571428572,1.0,13,7,14,-4.06,-22.36,15.5,2.8,1.1743905726499018,0,7,1,7,0,0,1,0,0,0,0,1,1,0.2857142857142857,1,0,0.2857142857142857,1
1.0,1.0,8,1.0,15,1.80609375,14.44875,1.4368,14.368,1.547589908749329,131.6,1,7,1.1933908806863316,143.0,0.0807500000000001,1.1803969095591578,1.4404225006140996,19,1.0901394585726005,1.1019750589821369,1.0,1.4285714285714286,37.0,10,8,15,-4.06,-22.36,15.5,2.8,1.1743905726499018,0,8,37,7,1,1,5,0,1,0,0,0,0,0.0,0,1,0.0,0
1.0,1.0,8,1.0,15,1.7390625,13.9125,1.9469387757142855,13.62857143,1.5568619113426172,126.0,1,7,1.2127443159154367,130.0,0.2839285700000005,1.201176855181432,0.7234823625922888,32,1.2647449755785092,1.1916457060725836,1.0,1.0,1.0,7,8,15,0.79,-12.809999999999999,13.9,-0.3,1.1758672525439406,0,8,1,7,0,0,1,0,0,0,0,1,1,0.0,1,0,0.0,1
0.9,1.0,5,0.8,9,1.4,11.2,1.5,12.0,0.9177633108579399,117.3,1,4,1.1973403408186016,112.0,-0.8000000000000007,1.1624045504129656,1.4102055872516233,20,1.2919274890242176,1.2767270531400965,1.6,1.6,38.0,8,8,10,2.02,-9.68,11.1,0.6,1.1584500394906667,0,5,38,5,0,0,6,0,1,0,1,0,0,0.0,0,1,0.0,0
0.8666666666666667,0.875,7,0.8571428571428571,13,1.405142857,14.05142857,1.1472222225,13.76666667,1.5796068796068796,136.6,1,6,1.1939285714285715,145.0,0.28476190000000123,1.2994236311239193,1.4512849162011174,19,1.2662162162162163,1.3042389210019267,1.25,1.7142857142857142,19.0,12,10,15,-4.06,-22.36,15.5,2.8,1.1876220053238686,0,8,19,7,1,1,1,0,1,0,0,0,0,0.0,0,0,0.0,1
1.0,1.0,6,1.0,12,1.875,15.0,2.06122449,14.42857143,1.140246768507638,118.0,1,6,1.0813995369179317,125.0,0.5714285700000001,1.197718162195498,1.4334342940889107,19,1.2585507246376813,1.277410022972858,1.3333333333333333,1.1666666666666667,11.5,7,8,12,-0.92,-17.42,16.2,0.3,1.1758672525439406,15,6,19,6,0,0,4,0,1,0,0,0,0,0.0,0,1,0.0,0
1.0,1.0,5,1.0,10,1.959183672857143,13.71428571,1.8,12.6,0.7509316770186336,125.0,1,5,1.0786585365853658,160.0,1.1142857100000008,1.1960526315789475,0.9358381502890174,26,1.1182648401826485,1.124342105263158,1.4,1.4,3.0,7,7,10,0.79,-12.809999999999999,13.9,-0.3,1.1876220053238686,0,5,3,5,0,0,1,0,0,0,0,1,1,0.0,1,0,0.0,1
1.0,1.0,6,1.0,12,1.918367347142857,13.42857143,2.25,13.5,1.433108695652174,120.4,1,6,1.1973403408186016,127.0,-0.07142857000000014,1.2639209009952854,1.4102055872516233,19,1.25372234935164,1.2767270531400965,1.1666666666666667,1.0,19.5,6,7,12,2.02,-9.68,11.1,0.6,1.1584500394906667,37,6,38,6,1,1,4,0,1,0,0,0,0,0.0,0,1,0.0,0
0.9166666666666666,1.0,6,0.8333333333333334,11,2.1666666666666665,13.0,1.37037037,12.33333333,1.2531772575250835,141.5,1,5,1.1973403408186016,100.0,0.6666666699999997,1.1624045504129656,0.7491078753076292,45,1.0449937888198757,1.2767270531400965,1.0,1.5,37.5,9,6,12,0.79,-12.809999999999999,13.9,-0.3,1.1584500394906667,1,6,38,6,0,0,1,0,0,0,1,1,0,0.0,1,0,0.0,1
0.5,0.4,2,0.6,5,1.3125,10.5,1.6666666671428572,11.66666667,0.8455652173913043,113.2,0,3,1.2542082169924211,123.0,-1.1666666699999997,0.9590062111801242,1.4304347826086956,22,1.2470369797307752,1.052902889872429,1.6,1.4,2.0,7,8,10,0.32,-9.879999999999999,7.6,2.6,1.1819062506030606,2,5,3,5,0,0,2,0,0,0,0,0,1,0.0,0,0,0.0,0
1.0,1.0,5,1.0,10,2.88,14.4,2.96,14.8,0.7911983032873808,150.3,1,5,1.1803307676305388,133.1,-0.40000000000000036,1.151400966183575,0.7234823625922888,47,1.0986103210077205,1.1281060708036075,1.0,1.0,37.0,5,5,10,0.32,-9.879999999999999,7.6,2.6,1.1758672525439406,0,5,37,5,0,0,1,0,0,0,1,1,0,0.0,1,0,0.0,1
0.0,0.0,0,0.0,0,0.0,0.0,0.0,0.0,1.3746562616127835,120.0,0,0,1.2542082169924211,120.0,0.0,1.318361688720857,1.1124779073877695,20,1.2470369797307752,1.2921636019934695,2.0,1.8333333333333333,10.0,11,12,12,-0.92,-17.42,16.2,0.3,1.1819062506030606,18,6,19,6,0,0,1,1,1,1,0,0,1,0.0,0,0,0.0,1
1.0,1.0,6,1.0,12,2.1111111116666668,12.66666667,1.93877551,13.57142857,1.0067868504772004,140.0,1,6,1.2542082169924211,140.0,-0.9047619000000005,1.2806596701649176,1.1124779073877695,20,1.2470369797307752,1.2921636019934695,1.0,1.1666666666666667,10.0,7,6,12,1.79,-11.11,12.4,0.5,1.1819062506030606,18,6,19,6,0,0,1,0,1,0,0,0,1,0.0,0,0,0.0,1
0.0,0.0,0,0.0,0,0.0,0.0,0.0,0.0,1.0972332015810278,130.7,1,0,1.194817160955946,138.0,0.0,1.1004459308807135,1.4304347826086956,18,1.2275607958732497,1.2921636019934695,0.0,0.0,19.0,0,0,0,0.79,-12.809999999999999,13.9,-0.3,1.1819062506030606,0,0,19,0,0,0,1,0,1,0,0,0,0,0.0,0,1,0.0,1
0.8,0.6,3,1.0,8,1.2222222222222223,11.0,1.45,11.6,1.0296727924697446,127.6,1,5,1.2127443159154367,129.0,-0.5999999999999996,1.151400966183575,1.4555900621118012,19,1.2576025080438908,1.277410022972858,1.8,1.6,19.0,8,9,10,1.74,-10.46,10.8,1.4,1.1758672525439406,0,5,19,5,0,0,2,0,1,0,0,0,1,0.0,0,1,0.0,0
0.0,0.0,0,0.0,0,0.0,0.0,0.0,0.0,1.3096192836224372,129.3,1,0,0.5853708439897698,131.0,0.0,0.6634202898550725,1.2294441386901487,18,0.4900869565217391,0.5699488491048593,0.0,0.0,34.0,0,0,12,0.32,-9.879999999999999,7.6,2.6,1.1758672525439406,0,6,34,6,0,0,6,0,1,0,1,0,1,0.0,0,0,0.0,0
1.0,1.0,6,1.0,12,2.2222222216666667,13.33333333,2.2222222216666667,13.33333333,1.2840579710144928,145.0,1,6,1.1990645264164983,139.0,0.0,1.204451156505842,1.4304347826086956,18,1.3338955940090156,1.339986123959297,1.0,1.0,38.0,6,6,12,-3.12,-11.719999999999999,9.4,-0.8,1.1819062506030606,0,6,38,6,1,1,1,0,1,0,1,0,0,0.0,0,1,0.0,1
0.8333333333333334,1.0,6,0.6666666666666666,10,1.703125,13.625,2.25,13.5,1.3541407867494824,136.7,1,4,1.1973403408186016,136.0,0.125,1.245065950170982,1.4102055872516233,20,1.0449937888198757,1.0880586922712827,1.3333333333333333,1.0,37.0,6,8,12,1.74,-10.46,10.8,1.4,1.1584500394906667,0,6,37,6,0,0,4,0,1,0,0,0,0,0.0,0,1,0.0,0
0.9166666666666666,0.8333333333333334,5,1.0,11,1.383333333,13.83333333,1.85416666625,14.83333333,1.2130202278539874,120.0,1,6,1.1990645264164983,125.0,-1.0,1.189437963944857,1.0745995423340962,22,1.2470369797307752,1.2050514162006132,1.6666666666666667,1.3333333333333333,1.0,8,10,12,2.02,-9.68,11.1,0.6,1.1819062506030606,0,6,1,6,0,0,1,0,0,0,0,0,0,0.0,0,0,0.0,1
0.6,0.6,3,0.6,6,1.066666667,10.66666667,0.9393939390909091,10.33333333,0.9895400126023945,113.4,1,3,1.2099177438307875,120.0,0.33333333999999937,1.264619822790027,1.2130434782608694,20,1.2275607958732497,1.2921636019934695,2.0,2.2,19.0,11,10,10,1.79,-11.11,12.4,0.5,1.1819062506030606,0,5,19,5,0,0,1,0,1,0,1,0,0,0.0,0,0,0.0,1
0.6666666666666666,0.6666666666666666,4,0.6666666666666666,8,0.9500000000000001,11.4,1.0227272727272727,11.25,1.4763186934451555,124.2,1,4,1.2550901378579005,134.0,0.15000000000000036,1.318361688720857,1.2130434782608694,21,1.3338955940090156,1.2921636019934695,2.0,1.8333333333333333,28.5,11,12,12,-4.06,-22.36,15.5,2.8,1.1819062506030606,19,6,38,6,1,1,1,0,0,0,1,0,0,0.0,0,0,0.0,1
1.0,1.0,6,1.0,12,2.2777777783333333,13.66666667,2.3333333333333335,14.0,1.0189981096408318,142.5,0,6,1.2011857707509879,160.0,-0.3333333300000003,1.3025204788909892,1.4009057971014494,19,1.25372234935164,1.0820586694604504,1.0,1.0,2.0,6,6,12,0.79,-12.809999999999999,13.9,-0.3,1.1584500394906667,2,6,3,6,0,0,1,0,1,0,1,0,1,0.0,0,1,0.0,1
0.5833333333333334,0.5,3,0.6666666666666666,7,1.03030303,11.33333333,0.875,12.25,1.0138998682476945,112.9,1,4,1.2542082169924211,122.0,-0.9166666699999997,1.204451156505842,1.2130434782608694,22,1.2470369797307752,1.2050514162006132,1.8333333333333333,2.3333333333333335,1.0,14,11,12,0.32,-9.879999999999999,7.6,2.6,1.1819062506030606,0,6,1,6,0,0,1,0,0,0,0,0,0,0.0,0,1,0.0,1
0.0,0.0,0,0.0,0,0.0,0.0,0.0,0.0,1.547589908749329,120.0,0,0,1.2242311770943797,120.0,0.0,1.1559857057772485,0.7131609870740305,23,1.2643147284489245,1.2414858951680476,0.0,0.0,1.0,0,0,15,-1.7,-18.099999999999998,12.7,3.7,1.1743905726499018,0,8,1,7,0,0,1,0,0,0,0,0,1,0.0,0,1,0.0,1
0.8,0.8,4,0.8,8,2.15,10.75,1.9166666666666667,11.5,1.140246768507638,113.5,1,4,1.251728743136964,117.0,-0.75,1.0612395929694727,1.4334342940889107,20,1.2647449755785092,1.3335857352222766,1.0,1.2,19.5,6,5,10,-3.12,-11.719999999999999,9.4,-0.8,1.1758672525439406,37,5,38,5,0,0,1,0,1,0,0,0,0,0.0,0,1,0.0,1
1.0,1.0,5,1.0,10,1.6349206344444445,14.71428571,1.3148148144444445,11.83333333,0.683695652173913,125.2,1,5,1.0786585365853658,136.0,2.88095238,1.2770334928229667,1.214864864864865,19,1.1182648401826485,1.08125,1.8,1.8,2.5,9,9,10,1.79,-11.11,12.4,0.5,1.1876220053238686,1,5,3,5,0,0,5,0,1,0,0,0,1,0.0,0,1,0.0,0
0.6666666666666666,0.6666666666666666,4,0.6666666666666666,8,0.8653846153846154,11.25,1.4444444444444444,13.0,1.3096192836224372,133.1,1,4,1.1803307676305388,145.0,-1.75,1.197718162195498,1.4334342940889107,20,1.302210510906163,1.3335857352222766,2.1666666666666665,1.5,38.0,9,13,12,1.74,-10.46,10.8,1.4,1.1758672525439406,0,6,38,6,1,1,3,0,1,0,0,0,0,0.0,0,0,0.0,0
1.0,1.0,5,1.0,10,1.1076923076923078,14.4,1.4666666666666666,13.2,1.0288695652173914,147.8,1,5,1.1933908806863316,153.0,1.200000000000001,1.1559857057772485,1.0102538326212618,18,1.2643147284489245,1.2742242031788749,2.6,1.8,10.0,9,13,10,-0.92,-17.42,16.2,0.3,1.1743905726499018,18,5,19,5,1,1,1,0,1,0,0,0,0,0.0,0,0,0.0,1
0.6666666666666666,0.6666666666666666,4,0.6666666666666666,8,0.7794117647058824,13.25,0.9466666666666667,14.2,1.1776659038901602,106.7,1,4,1.2127443159154367,113.0,-0.9499999999999993,1.1051039697542533,1.4334342940889107,20,1.2647449755785092,1.1916457060725836,2.8333333333333335,2.5,1.0,15,17,12,-4.06,-22.36,15.5,2.8,1.1758672525439406,0,6,1,6,0,0,1,0,1,0,1,0,0,0.0,0,1,0.0,1
1.0,1.0,6,1.0,12,1.918367347142857,13.42857143,1.7619047614285714,12.33333333,1.4763186934451555,140.0,1,6,1.1990645264164983,140.0,1.0952380999999995,1.183961352657005,1.4425787106446777,21,1.2275607958732497,1.2921636019934695,1.1666666666666667,1.1666666666666667,19.0,7,7,12,2.02,-9.68,11.1,0.6,1.3070938215102976,0,6,19,6,0,0,1,0,0,0,0,0,1,0.0,0,0,0.0,1
0.0,0.0,0,0.0,0,0.0,0.0,0.0,0.0,0.9895400126023945,117.9,1,0,1.1990645264164983,130.0,0.0,1.204451156505842,0.73904412557989,35,1.117896865520728,1.1229617418778761,0.0,1.0,37.0,1,0,6,1.74,-10.46,10.8,1.4,1.1819062506030606,0,5,37,1,0,0,1,0,0,0,1,1,0,0.0,1,0,0.0,1
0.875,0.875,7,0.875,14,1.95946428625,15.67571429,1.95946428625,15.67571429,1.5568619113426172,140.0,1,7,1.1803307676305388,140.0,0.0,1.197718162195498,0.7327294685990338,30,1.2647449755785092,1.1281060708036075,1.0,1.0,19.0,8,8,16,1.74,-10.46,10.8,1.4,1.1758672525439406,36,8,37,8,0,0,1,0,0,0,0,1,0,0.0,1,0,0.0,1
1.0,1.0,6,1.0,12,1.625,13.0,2.1666666666666665,13.0,1.1767016491754123,149.5,0,6,1.1973403408186016,160.0,0.0,1.1624045504129656,1.4009057971014494,19,1.0449937888198757,1.2915678524374177,1.3333333333333333,1.0,24.5,6,8,12,0.79,-12.809999999999999,13.9,-0.3,1.1584500394906667,25,6,37,6,0,0,1,0,1,0,1,0,1,0.0,0,1,0.0,1
0.875,0.875,7,0.875,14,1.58571428625,12.68571429,1.58571428625,12.68571429,1.5568619113426172,116.8,1,7,1.2127443159154367,130.0,0.0,1.1672994488671158,1.4334342940889107,20,1.2576025080438908,1.277410022972858,1.0,1.0,19.0,8,8,16,-1.7,-18.099999999999998,12.7,3.7,1.1758672525439406,0,8,19,8,0,0,1,0,1,0,0,0,0,0.0,0,0,0.0,1
0.9333333333333333,1.0,7,0.875,14,1.7551020414285714,12.28571429,1.1590909090909092,12.75,1.2359420289855074,100.0,1,7,1.1126654064272212,133.1,-0.4642857100000004,1.3083536883243772,1.4404225006140996,26,1.1418478260869565,1.2414858951680476,1.0,1.375,2.0,11,7,15,-0.92,-17.42,16.2,0.3,1.1743905726499018,2,7,3,8,0,0,1,0,0,0,0,1,0,0.2857142857142857,1,0,0.25,1
0.9166666666666666,1.0,6,0.8333333333333334,11,1.171428571,11.71428571,1.0545454545454545,11.6,1.4763186934451555,120.8,1,5,1.1990645264164983,132.0,0.11428571000000076,1.1306197964847364,1.2130434782608694,19,1.117896865520728,1.339986123959297,1.6666666666666667,1.8333333333333333,37.5,11,10,12,-4.06,-22.36,15.5,2.8,1.1819062506030606,1,6,38,6,1,1,1,0,1,0,0,0,0,0.0,0,0,0.0,1
1.0,1.0,6,1.0,12,2.25,13.5,1.58333333375,12.66666667,1.2768658451522903,126.4,1,6,1.2125797101449276,140.0,0.8333333300000003,1.3083536883243772,1.4404225006140996,18,1.2357226792009401,1.3033971014492753,1.0,1.3333333333333333,38.0,8,6,12,-1.7,-18.099999999999998,12.7,3.7,1.1743905726499018,0,6,38,6,1,1,2,0,1,0,0,0,1,0.0,0,1,0.0,0
0.875,0.875,7,0.875,14,1.795,14.36,1.795,14.36,1.547589908749329,132.5,1,7,1.225732834939996,138.0,0.0,1.1782208343342142,1.4404225006140996,19,1.2643147284489245,1.3033971014492753,1.0,1.0,19.5,8,8,16,1.74,-10.46,10.8,1.4,1.1743905726499018,37,8,38,8,1,1,1,0,1,0,0,0,0,0.0,0,1,0.0,1
0.8333333333333334,0.8333333333333334,5,0.8333333333333334,10,1.3333333333333333,12.0,1.45,11.6,1.545408163265306,127.4,0,5,1.2388505747126437,130.0,0.40000000000000036,1.196590909090909,1.2134920634920636,27,1.2868092691622104,1.3042389210019267,1.5,1.3333333333333333,10.0,8,9,12,0.79,-12.809999999999999,13.9,-0.3,1.1876220053238686,18,6,19,6,0,0,1,1,0,1,0,1,1,0.3333333333333333,1,0,0.5,1
0.7,0.8,4,0.6,7,2.25,13.5,1.944444445,11.66666667,1.140246768507638,123.0,1,3,1.1803307676305388,131.0,1.8333333300000003,1.151400966183575,1.4334342940889107,18,1.0986103210077205,1.1281060708036075,1.2,1.2,37.0,6,6,10,0.32,-9.879999999999999,7.6,2.6,1.1758672525439406,0,5,37,5,1,1,1,0,1,0,1,0,0,0.0,0,1,0.0,1
0.6153846153846154,0.5714285714285714,4,0.6666666666666666,8,1.5714285714285714,11.0,1.3888888888888888,12.5,0.7367809883877936,130.0,1,4,1.2239130434782608,130.0,-1.5,1.1622608695652175,1.2388849929873773,32,1.0449937888198757,1.0880586922712827,1.0,1.5,37.0,9,7,13,-3.12,-11.719999999999999,9.4,-0.8,1.1584500394906667,0,7,37,6,0,0,1,0,0,0,1,1,1,0.42857142857142855,1,1,0.3333333333333333,1
0.5,0.5,7,0.5,14,0.5541958040909091,12.19230769,0.5541958040909091,12.19230769,1.5568619113426172,120.8,1,7,1.251728743136964,136.0,0.0,1.1051039697542533,1.4334342940889107,19,1.0986103210077205,1.1916457060725836,1.5714285714285714,1.5714285714285714,19.0,22,22,28,0.32,-9.879999999999999,7.6,2.6,1.1758672525439406,36,14,37,14,0,0,6,0,1,0,0,0,0,0.42857142857142855,0,1,0.42857142857142855,0
0.6666666666666666,0.6666666666666666,4,0.6666666666666666,8,0.7692307692307693,10.0,1.175,11.75,1.0605978260869566,122.7,1,4,1.2127443159154367,130.0,-1.75,1.151400966183575,1.4334342940889107,18,1.2647449755785092,1.3335857352222766,2.1666666666666665,1.6666666666666667,19.5,10,13,12,0.32,-9.879999999999999,7.6,2.6,1.1758672525439406,37,6,38,6,0,0,2,0,1,0,0,0,0,0.0,0,1,0.0,0
0.6875,0.7777777777777778,7,0.5714285714285714,11,1.214285714,12.14285714,1.6428571428571428,11.5,1.3746562616127835,116.3,1,4,1.194817160955946,120.0,0.6428571400000003,1.1306197964847364,1.1124779073877695,21,1.2470369797307752,1.339986123959297,1.1111111111111112,1.0,19.5,7,10,16,1.79,-11.11,12.4,0.5,1.1819062506030606,37,9,38,7,1,1,1,0,0,0,1,0,1,0.5555555555555556,0,1,0.2857142857142857,1
0.5454545454545454,0.16666666666666666,1,1.0,6,1.0,11.0,2.2800000000000002,11.4,1.0605978260869566,126.1,1,5,1.2821204371076491,124.0,-0.40000000000000036,1.271562304971916,1.2294441386901487,20,1.1213355347642635,1.146645195920558,1.8333333333333333,1.0,3.0,5,11,11,1.74,-10.46,10.8,1.4,1.1758672525439406,0,6,3,5,0,0,4,0,1,0,1,0,0,0.0,0,1,0.0,0
1.0,1.0,6,1.0,12,2.18367347,15.28571429,1.93877551,13.57142857,1.331363224637681,115.9,1,6,1.154390451832907,111.0,1.7142857199999995,1.3025204788909892,1.184466819221968,22,1.233967927278964,1.2915678524374177,1.1666666666666667,1.1666666666666667,15.5,7,7,12,0.79,-12.809999999999999,13.9,-0.3,1.1584500394906667,7,6,19,6,0,0,5,0,0,0,0,0,0,0.0,0,1,0.0,0
0.8571428571428571,0.8571428571428571,6,0.8571428571428571,12,2.088095238571429,14.61666667,2.088095238571429,14.61666667,1.543190537084399,125.0,1,6,1.1973403408186016,137.0,0.0,1.3025204788909892,1.4102055872516233,19,1.233967927278964,1.2767270531400965,1.0,1.0,28.5,7,7,14,0.32,-9.879999999999999,7.6,2.6,1.1584500394906667,19,7,38,7,0,0,4,0,1,0,0,0,0,0.0,0,1,0.0,0
0.0,0.0,0,0.0,0,0.0,0.0,0.0,0.0,1.0632,129.0,0,0,1.1939285714285715,115.0,0.0,1.3345945945945945,1.4512849162011174,23,1.0831439393939393,1.0974803149606298,0.0,0.0,37.0,0,0,0,-3.12,-11.719999999999999,9.4,-0.8,1.1876220053238686,0,0,37,0,1,0,1,1,0,1,0,0,0,0.0,0,1,0.0,1
0.9166666666666666,0.8333333333333334,5,1.0,11,1.6222222222222222,14.6,1.8979591842857142,13.28571429,1.1542253521126762,109.1,1,6,1.2388505747126437,115.0,1.31428571,1.155188679245283,1.225164113785558,19,1.2868092691622104,1.2365750528541226,1.5,1.1666666666666667,1.0,7,9,12,1.79,-11.11,12.4,0.5,1.1876220053238686,0,6,1,6,1,1,1,0,1,0,1,0,0,0.0,0,1,0.0,1
1.0,1.0,8,1.0,15,1.8953125,15.1625,2.0102040814285713,14.07142857,1.543190537084399,145.0,1,7,1.1973403408186016,145.0,1.0910714299999995,1.1622608695652175,1.4102055872516233,18,1.233967927278964,1.2179619565217392,1.0,1.0,10.0,7,8,15,0.79,-12.809999999999999,13.9,-0.3,1.1584500394906667,18,8,19,7,1,1,1,0,1,0,0,0,0,0.0,0,0,0.0,1
0.9166666666666666,0.8333333333333334,5,1.0,11,2.142857142857143,15.0,2.4166666666666665,14.5,1.0588932806324112,120.0,1,6,1.2242311770943797,128.0,0.5,1.2021125030704987,1.4404225006140996,20,1.2693138979643126,1.2742242031788749,1.1666666666666667,1.0,19.0,6,7,12,1.79,-11.11,12.4,0.5,1.1743905726499018,0,6,19,6,1,1,1,0,1,0,0,0,0,0.0,0,1,0.0,1
1.0,1.0,5,1.0,10,2.0,16.0,2.6999999999999997,16.2,0.640366132723112,148.7,1,5,1.2542082169924211,148.0,-0.1999999999999993,1.1306197964847364,1.2130434782608694,18,1.2470369797307752,1.339986123959297,1.6,1.2,19.5,6,8,10,3.51,-6.790000000000001,8.9,1.4,1.1819062506030606,37,5,38,5,0,0,1,0,1,0,0,0,1,0.0,0,0,0.0,1
1.0,1.0,6,1.0,12,1.2625,12.625,1.625,13.0,1.0067868504772004,150.0,1,6,1.2542082169924211,150.0,-0.375,1.139830755763058,1.1124779073877695,21,1.2470369797307752,1.2921636019934695,1.6666666666666667,1.3333333333333333,10.0,8,10,12,-4.06,-22.36,15.5,2.8,1.1819062506030606,18,6,19,6,1,1,1,0,0,0,0,0,1,0.0,0,0,0.0,1
0.9523809523809523,0.9090909090909091,10,1.0,20,1.0363636363636364,11.4,1.3,13.0,1.3761848805327068,120.0,1,10,1.2127443159154367,143.0,-1.5999999999999996,1.1051039697542533,1.1219620958751393,21,1.2647449755785092,1.1916457060725836,1.0,1.0,1.0,10,11,21,2.02,-9.68,11.1,0.6,1.1758672525439406,0,11,1,10,0,0,1,0,0,0,1,0,0,0.45454545454545453,0,1,0.3,1
1.0,1.0,8,1.0,15,1.687654321111111,15.18888889,2.279591837142857,15.95714286,1.5568619113426172,144.9,1,7,1.251728743136964,154.0,-0.76825397,1.271562304971916,1.4334342940889107,18,1.2647449755785092,1.1916457060725836,1.125,1.0,1.0,7,9,15,-0.92,-17.42,16.2,0.3,1.1758672525439406,0,8,1,7,1,1,1,0,1,0,0,0,1,0.0,0,0,0.0,1
0.0,0.0,0,0.0,0,0.0,0.0,0.0,0.0,0.9622563718140928,167.1,1,0,1.2013971665852468,172.0,0.0,1.1624045504129656,1.4102055872516233,18,1.25372234935164,1.2179619565217392,0.0,0.0,1.0,0,0,0,-0.92,-17.42,16.2,0.3,1.1584500394906667,0,0,1,0,1,1,1,0,1,0,0,0,1,0.0,0,0,0.0,1
1.0,1.0,6,1.0,12,1.73015873,15.57142857,1.711111111,17.11111111,1.0411544227886058,130.0,1,6,1.442391304347826,130.0,-1.5396825399999994,1.039782608695652,0.7131609870740305,29,1.1418478260869565,1.0992070002734482,1.5,1.6666666666666667,3.0,10,9,12,0.79,-12.809999999999999,13.9,-0.3,1.1743905726499018,0,6,3,6,0,0,1,0,0,0,0,1,1,0.3333333333333333,1,1,0.16666666666666666,1
0.0,0.0,0,0.0,0,0.0,0.0,0.0,0.0,1.0663372859025033,117.3,1,0,1.1803307676305388,125.0,0.0,1.151400966183575,1.4334342940889107,21,1.302210510906163,1.277410022972858,0.0,0.0,28.5,0,0,0,1.74,-10.46,10.8,1.4,1.1758672525439406,19,0,38,0,1,1,2,0,0,0,1,0,1,0.0,0,1,0.0,0
0.8333333333333334,0.8333333333333334,5,0.8333333333333334,10,1.2575757572727273,13.83333333,1.8285714285714287,12.8,1.0140521739130435,137.0,1,5,1.192080745341615,150.0,1.0333333299999996,1.1051039697542533,0.7234823625922888,35,1.0986103210077205,1.277410022972858,1.8333333333333333,1.1666666666666667,28.0,7,11,12,-4.06,-22.36,15.5,2.8,1.1758672525439406,18,6,37,6,0,0,1,0,0,0,0,1,1,0.16666666666666666,1,0,0.16666666666666666,1
0.5833333333333334,0.5,3,0.6666666666666666,7,1.266666667,12.66666667,1.1136363636363635,12.25,1.3096192836224372,109.3,1,4,1.2127443159154367,117.0,0.4166666699999997,1.1051039697542533,1.4334342940889107,19,1.2647449755785092,1.277410022972858,1.6666666666666667,1.8333333333333333,10.0,11,10,12,0.32,-9.879999999999999,7.6,2.6,1.1758672525439406,18,6,19,6,0,0,1,0,1,0,1,0,1,0.0,0,0,0.0,1
0.875,0.875,7,0.875,14,1.71017857125,13.68142857,1.71017857125,13.68142857,1.5796068796068796,130.8,1,7,1.1939285714285715,132.0,0.0,1.196590909090909,1.225164113785558,18,1.2662162162162163,1.124342105263158,1.0,1.0,11.0,8,8,16,1.74,-10.46,10.8,1.4,1.1876220053238686,16,8,19,8,0,0,3,0,1,0,0,0,0,0.0,0,1,0.0,0
0.8571428571428571,0.8571428571428571,6,0.8571428571428571,12,1.957142857142857,13.7,1.957142857142857,13.7,1.5796068796068796,141.0,1,6,1.2388505747126437,138.0,0.0,1.148233215547703,1.4512849162011174,19,1.2662162162162163,1.0974803149606298,1.0,1.0,28.0,7,7,14,0.32,-9.879999999999999,7.6,2.6,1.1876220053238686,18,7,37,7,0,0,1,0,1,0,0,0,1,0.0,0,0,0.0,1
1.0,1.0,6,1.0,12,1.80357142875,14.42857143,1.52083333375,12.16666667,1.2359420289855074,139.0,1,6,1.442391304347826,133.1,2.26190476,1.1968670076726344,0.7313379542113002,49,1.0901394585726005,1.1019750589821369,1.3333333333333333,1.3333333333333333,37.0,8,8,12,1.79,-11.11,12.4,0.5,1.1743905726499018,0,6,37,6,0,0,1,0,0,0,1,1,1,0.0,1,0,0.0,1
0.9,1.0,5,0.8,9,2.44,12.2,1.7142857142857142,12.0,1.2021517302573204,113.5,1,4,1.1973403408186016,117.0,0.1999999999999993,1.1624045504129656,1.4102055872516233,21,1.2919274890242176,1.0880586922712827,1.0,1.4,37.5,7,5,10,1.74,-10.46,10.8,1.4,1.1584500394906667,1,5,38,5,1,1,2,0,0,0,1,0,0,0.0,0,1,0.0,0
0.7,0.6,3,0.8,7,0.8809523808333334,10.57142857,1.5357142857142858,10.75,1.0138095238095237,124.3,1,4,1.2783606557377047,140.0,-0.17857142999999986,1.148233215547703,1.214864864864865,20,1.0831439393939393,1.0974803149606298,2.4,1.4,37.0,7,12,10,1.74,-10.46,10.8,1.4,1.1876220053238686,0,5,37,5,0,0,2,0,1,0,0,0,1,0.0,0,1,0.0,0
0.3076923076923077,0.16666666666666666,1,0.42857142857142855,4,1.1666666666666667,14.0,1.1666666666666667,14.0,0.683695652173913,140.0,1,3,1.2521505376344086,140.0,0.0,0.9646551724137932,1.2134920634920636,23,0.9521739130434782,1.19,2.0,1.7142857142857142,23.0,12,12,13,1.79,-11.11,12.4,0.5,1.1876220053238686,36,6,41,7,0,0,1,0,0,0,0,0,1,0.16666666666666666,0,0,0.42857142857142855,1
0.6666666666666666,0.6666666666666666,4,0.6666666666666666,8,1.2222222222222223,11.0,1.375,11.0,1.1542253521126762,115.5,1,4,1.2388505747126437,119.0,0.0,1.2170068027210885,1.4512849162011174,19,1.2868092691622104,1.3042389210019267,1.5,1.3333333333333333,10.0,8,9,12,1.74,-10.46,10.8,1.4,1.1876220053238686,18,6,19,6,0,0,1,0,1,0,0,0,0,0.0,0,1,0.0,1
0.4,0.0,0,0.8571428571428571,6,0.0,0.0,1.9802380957142858,13.86166667,1.543190537084399,145.0,1,6,1.2013971665852468,145.0,-13.86166667,1.1663749294184076,1.4102055872516233,18,1.25372234935164,1.2179619565217392,2.0,1.0,1.0,7,16,15,1.79,-11.11,12.4,0.5,1.1584500394906667,0,8,1,7,0,0,1,0,1,0,0,0,0,0.0,0,0,0.0,1
0.8571428571428571,0.8571428571428571,6,0.8571428571428571,12,1.8190476185714286,12.73333333,1.8190476185714286,12.73333333,1.5796068796068796,119.1,1,6,1.2388505747126437,119.1,0.0,1.2170068027210885,0.9358381502890174,22,1.2868092691622104,1.3042389210019267,1.0,1.0,10.0,7,7,14,0.32,-9.879999999999999,7.6,2.6,1.1876220053238686,18,7,19,7,0,0,2,0,0,0,0,0,1,0.0,0,0,0.0,0
1.0,1.0,5,1.0,10,2.4722222216666667,14.83333333,2.6399999999999997,13.2,0.7509316770186336,155.7,1,5,1.2783606557377047,120.0,1.633333330000001,1.196590909090909,0.748,33,1.0831439393939393,1.3434108527131783,1.2,1.0,37.5,5,6,10,1.74,-10.46,10.8,1.4,1.1876220053238686,1,5,38,5,0,0,1,0,0,0,1,1,1,0.0,1,0,0.0,1
1.0,1.0,6,1.0,12,2.3265306128571432,16.28571429,2.4285714285714284,17.0,1.1776659038901602,130.0,1,6,1.2127443159154367,130.0,-0.7142857099999986,1.1051039697542533,0.7327294685990338,22,1.2647449755785092,1.1916457060725836,1.1666666666666667,1.1666666666666667,1.0,7,7,12,2.02,-9.68,11.1,0.6,1.1758672525439406,0,6,1,6,0,0,1,0,0,0,1,0,0,0.0,0,1,0.0,1
0.25,0.5,3,0.0,3,1.1,11.0,0.0,0.0,1.2768658451522903,117.6,1,0,1.2125797101449276,127.0,11.0,1.1803969095591578,1.0102538326212618,18,1.2693138979643126,1.2414858951680476,1.6666666666666667,1.0,10.0,6,10,12,-0.92,-17.42,16.2,0.3,1.1743905726499018,18,6,19,6,0,0,1,0,1,0,1,0,0,0.0,0,1,0.0,1
0.0,0.0,0,0.0,0,0.0,0.0,0.0,0.0,0.880909090909091,134.8,1,0,1.2388505747126437,133.1,0.0,0.744776119402985,1.225164113785558,18,0.94,1.2365750528541226,2.0,2.0,6.5,12,12,12,0.32,-9.879999999999999,7.6,2.6,1.1876220053238686,11,6,12,6,0,0,3,0,1,0,0,0,0,0.0,0,1,0.0,0
0.6,0.6,3,0.6,6,1.1746031744444445,10.57142857,1.7619047614285714,12.33333333,1.0296727924697446,109.0,1,3,1.2127443159154367,133.1,-1.7619047600000002,1.355244411692459,1.2294441386901487,22,1.302210510906163,1.3335857352222766,1.8,1.4,38.0,7,9,10,1.74,-10.46,10.8,1.4,1.1758672525439406,0,5,38,5,1,1,2,0,0,0,0,0,1,0.0,0,1,0.0,0
0.0,0.0,0,0.0,0,0.0,0.0,0.0,0.0,1.0808549506759224,130.0,1,0,1.2011857707509879,133.1,0.0,1.245065950170982,0.7491078753076292,30,1.0449937888198757,1.0880586922712827,1.0,1.0,37.0,6,6,12,2.02,-9.68,11.1,0.6,1.1584500394906667,0,6,37,6,1,0,1,0,0,1,0,1,0,0.0,1,0,0.0,1
0.45454545454545453,0.2,1,0.6666666666666666,5,1.6666666666666667,10.0,1.175,11.75,0.8455652173913043,100.0,0,4,1.2542082169924211,140.0,-1.75,1.204451156505842,1.0228260869565218,31,1.117896865520728,1.1229617418778761,1.2,1.6666666666666667,37.0,10,6,11,-1.7,-18.099999999999998,12.7,3.7,1.1819062506030606,0,5,37,6,0,0,1,0,0,0,0,1,0,0.0,1,0,0.3333333333333333,1
0.2,0.2,1,0.2,2,1.4,14.0,1.4,14.0,1.0288695652173914,123.7,1,1,1.2125797101449276,131.0,0.0,1.1782208343342142,1.0102538326212618,18,1.2693138979643126,1.1019750589821369,2.0,2.0,28.0,10,10,10,0.32,-9.879999999999999,7.6,2.6,1.1743905726499018,18,5,37,5,0,0,2,0,1,0,0,0,0,0.0,0,1,0.0,0
0.8695652173913043,0.8181818181818182,9,0.9166666666666666,20,0.6499999999999999,11.7,0.9621212125,11.54545455,0.9982473879339401,136.2,1,11,1.2125797101449276,125.0,0.15454544999999875,1.1697181559973782,1.4404225006140996,21,1.2693138979643126,1.2742242031788749,1.6363636363636365,1.0,19.0,12,18,23,3.51,-6.790000000000001,8.9,1.4,1.1743905726499018,0,11,19,12,0,0,1,0,0,1,0,0,1,0.36363636363636365,0,1,0.5,1
0.8620689655172413,0.8571428571428571,12,0.8666666666666667,25,0.7888888886666667,11.83333333,0.717948718,10.76923077,0.9895400126023945,110.4,1,13,1.1990645264164983,130.0,1.0641025600000003,1.204451156505842,1.2130434782608694,25,1.117896865520728,1.1229617418778761,1.0714285714285714,1.0,37.0,15,15,29,0.32,-9.879999999999999,7.6,2.6,1.1819062506030606,0,14,37,15,0,0,6,0,0,0,1,0,1,0.7857142857142857,1,1,0.8666666666666667,0
0.9166666666666666,1.0,6,0.8333333333333334,11,2.0,12.0,1.018181818181818,11.2,1.49416149068323,138.0,1,5,1.2125797101449276,145.0,0.8000000000000007,1.3083536883243772,1.2069998195922786,20,1.2357226792009401,1.3033971014492753,1.0,1.8333333333333333,38.0,11,6,12,-3.12,-11.719999999999999,9.4,-0.8,1.1743905726499018,0,6,38,6,0,0,1,0,1,0,0,0,0,0.0,0,1,0.0,1
0.5789473684210527,0.4444444444444444,4,0.7,11,1.3611111111111112,12.25,1.214285714,12.14285714,1.1065804935370154,100.1,0,7,0.7514066496163683,160.0,0.10714285999999973,0.8828375286041189,1.0102538326212618,35,0.5295313382269904,0.5608695652173913,1.0,1.0,34.0,10,9,19,0.32,-9.879999999999999,7.6,2.6,1.1743905726499018,0,9,34,10,0,0,1,0,0,0,1,1,1,0.4444444444444444,1,0,0.6,1
1.0,1.0,6,1.0,12,1.918367347142857,13.42857143,2.25,13.5,1.3923076923076922,116.9,1,6,1.2388505747126437,120.0,-0.07142857000000014,1.155188679245283,1.225164113785558,19,1.1182648401826485,1.2365750528541226,1.1666666666666667,1.0,2.0,6,7,12,3.51,-6.790000000000001,8.9,1.4,1.1876220053238686,2,6,3,6,0,0,3,0,1,0,1,0,0,0.0,0,1,0.0,0
0.9166666666666666,0.8333333333333334,5,1.0,11,1.1388888891666666,13.66666667,1.5370370366666668,13.83333333,1.2021517302573204,107.5,1,6,1.2239130434782608,111.0,-0.16666666000000063,1.1624045504129656,1.4102055872516233,19,1.25372234935164,1.2767270531400965,2.0,1.5,19.5,9,12,12,2.02,-9.68,11.1,0.6,1.1584500394906667,37,6,38,6,1,1,1,0,1,0,0,0,1,0.0,0,0,0.0,1
0.0,0.0,0,0.0,0,0.0,0.0,0.0,0.0,0.9982473879339401,100.0,1,0,1.1933908806863316,145.0,0.0,1.1782208343342142,1.0102538326212618,18,1.2693138979643126,1.3033971014492753,0.0,0.0,28.5,0,0,0,0.79,-12.809999999999999,13.9,-0.3,1.1743905726499018,19,0,38,0,1,1,1,0,1,0,1,0,0,0.0,0,0,0.0,1
1.0,1.0,6,1.0,12,1.216666667,12.16666667,1.59375,12.75,1.49416149068323,130.2,1,6,1.1933908806863316,140.0,-0.5833333300000003,1.1782208343342142,1.2069998195922786,18,1.2693138979643126,1.1019750589821369,1.6666666666666667,1.3333333333333333,28.0,8,10,12,-1.7,-18.099999999999998,12.7,3.7,1.1743905726499018,18,6,37,6,1,1,4,0,1,0,1,0,0,0.0,0,1,0.0,0
1.0,1.0,8,1.0,15,1.640625,13.125,1.1,11.0,1.1606324110671935,130.0,1,7,1.1990645264164983,100.0,2.125,1.204451156505842,0.73904412557989,32,1.3338955940090156,1.339986123959297,1.0,1.4285714285714286,38.0,10,8,15,-1.7,-18.099999999999998,12.7,3.7,0.9896739130434783,0,8,38,7,0,0,1,0,0,0,1,1,0,0.0,1,0,0.0,1
1.0,1.0,6,1.0,12,1.9166666666666667,11.5,2.0833333333333335,12.5,1.2292035398230086,118.7,1,6,1.2783606557377047,126.0,-1.0,1.196590909090909,1.4512849162011174,19,1.2932721712538227,1.0974803149606298,1.0,1.0,37.5,6,6,12,-1.7,-18.099999999999998,12.7,3.7,1.1876220053238686,1,6,38,6,0,0,1,0,1,0,1,0,0,0.0,0,0,0.0,1
0.8333333333333334,0.8333333333333334,5,0.8333333333333334,10,1.3125,13.125,1.5999999999999999,11.2,1.1542253521126762,129.4,1,5,1.2783606557377047,129.0,1.9250000000000007,1.155188679245283,1.225164113785558,19,1.2662162162162163,1.3042389210019267,1.6666666666666667,1.1666666666666667,19.0,7,10,12,1.74,-10.46,10.8,1.4,1.1876220053238686,0,6,19,6,1,1,2,0,1,0,0,0,0,0.0,0,0,0.0,0
0.125,0.125,1,0.125,2,1.367,13.67,1.367,13.67,1.5568619113426172,127.0,1,1,1.2127443159154367,136.0,0.0,1.1051039697542533,1.4334342940889107,19,1.2647449755785092,1.1916457060725836,1.25,1.25,1.0,10,10,16,-3.12,-11.719999999999999,9.4,-0.8,1.1758672525439406,0,8,1,8,0,0,3,0,1,0,1,0,0,0.0,0,1,0.0,0
1.0,1.0,6,1.0,12,2.0277777783333333,12.16666667,1.8611111116666665,11.16666667,1.3723199468967806,113.9,1,6,1.1933908806863316,124.0,1.0,1.1782208343342142,1.4404225006140996,20,1.0901394585726005,1.1019750589821369,1.0,1.0,37.0,6,6,12,0.32,-9.879999999999999,7.6,2.6,1.1743905726499018,0,6,37,6,0,0,5,0,1,0,1,0,0,0.0,0,1,0.0,0
0.0,0.0,0,0.0,0,0.0,0.0,0.0,0.0,1.0296727924697446,113.4,1,0,1.2127443159154367,120.0,0.0,1.151400966183575,1.4334342940889107,19,1.2647449755785092,1.1281060708036075,1.0,1.0,19.0,5,5,10,2.02,-9.68,11.1,0.6,1.1758672525439406,36,5,37,5,1,1,2,0,1,0,0,0,1,0.0,0,1,0.0,0
0.25,0.0,0,0.5,3,0.0,0.0,0.8809523807142857,12.33333333,1.0588932806324112,127.3,0,3,1.1933908806863316,114.0,-12.33333333,1.2816864295125163,1.2069998195922786,20,1.2357226792009401,1.0992070002734482,2.6666666666666665,2.3333333333333335,20.5,14,16,12,1.74,-10.46,10.8,1.4,1.438695652173913,35,6,38,6,0,0,3,1,1,1,0,0,0,0.0,0,1,0.0,0
0.9375,1.0,7,0.8888888888888888,15,1.44642857125,11.57142857,0.9230769230769231,12.0,1.2359420289855074,143.0,1,8,1.2242311770943797,133.1,-0.42857142999999986,1.3083536883243772,0.7313379542113002,37,1.0901394585726005,1.1019750589821369,1.1428571428571428,1.4444444444444444,37.0,13,8,16,-1.7,-18.099999999999998,12.7,3.7,1.1743905726499018,0,7,37,9,0,0,1,0,0,0,1,1,1,0.2857142857142857,1,0,0.3333333333333333,1
0.6666666666666666,0.8333333333333334,5,0.5,8,1.5,12.0,1.1666666669999999,11.66666667,1.2830584707646178,148.0,1,3,1.2542082169924211,150.0,0.3333333300000003,1.183961352657005,1.08159111933395,26,1.2275607958732497,1.061625708884688,1.3333333333333333,1.6666666666666667,10.5,10,8,12,-3.12,-11.719999999999999,9.4,-0.8,1.1819062506030606,17,6,19,6,0,0,1,0,0,0,0,1,0,0.0,1,0,0.0,1
0.9565217391304348,0.9090909090909091,10,1.0,22,1.0606060608333332,12.72727273,0.9487179484615385,12.33333333,0.9622563718140928,154.6,1,12,1.1081088290210723,150.0,0.39393939999999894,1.1622608695652175,1.4102055872516233,19,1.1436586685910157,1.0820586694604504,1.0909090909090908,1.0833333333333333,3.0,13,12,23,3.51,-6.790000000000001,8.9,1.4,1.1584500394906667,0,11,3,12,0,0,1,0,1,0,0,0,0,0.36363636363636365,0,1,0.5,1
0.8333333333333334,0.8333333333333334,5,0.8333333333333334,10,0.9615384615384616,12.5,1.383333333,13.83333333,1.0067868504772004,150.0,1,5,1.194817160955946,140.0,-1.3333333300000003,1.1306197964847364,0.73904412557989,34,1.117896865520728,1.1229617418778761,2.1666666666666665,1.6666666666666667,37.0,10,13,12,-0.92,-17.42,16.2,0.3,1.1819062506030606,0,6,37,6,0,0,1,0,0,1,1,1,0,0.0,1,0,0.0,1
1.0,1.0,6,1.0,12,1.7619047614285714,12.33333333,1.4375,11.5,1.4763186934451555,123.3,1,6,1.2949832775919734,125.0,0.8333333300000003,1.1667984189723322,1.2130434782608694,19,1.2470369797307752,1.339986123959297,1.1666666666666667,1.3333333333333333,19.5,8,7,12,1.79,-11.11,12.4,0.5,1.1819062506030606,37,6,38,6,1,1,1,0,1,0,0,0,0,0.0,0,0,0.0,1
0.9666666666666667,1.0,12,0.9444444444444444,29,0.8205128206666666,12.30769231,0.36274509805555555,13.05882353,1.0140521739130435,130.0,1,17,1.2127443159154367,130.0,-0.7511312199999995,1.0307911617961512,0.9819806763285025,28,1.2647449755785092,1.0399209486166008,1.25,2.0,1.5,36,15,30,-4.06,-22.36,15.5,2.8,1.1758672525439406,1,12,2,18,0,0,1,0,0,0,0,1,1,0.5,1,0,0.5,1
0.75,0.5,3,1.0,9,0.8461538461538461,11.0,1.375,11.0,1.433108695652174,125.7,1,6,1.1973403408186016,126.0,0.0,1.1622608695652175,1.4102055872516233,19,1.2919274890242176,1.2179619565217392,2.1666666666666665,1.3333333333333333,19.5,8,13,12,-3.12,-11.719999999999999,9.4,-0.8,1.1584500394906667,37,6,38,6,1,1,5,0,1,0,0,0,0,0.0,0,1,0.0,0
0.6428571428571429,0.7142857142857143,5,0.5714285714285714,9,1.2333333333333334,11.1,1.1500000000000001,12.65,1.547589908749329,114.8,1,4,1.225732834939996,122.0,-1.5500000000000007,1.2816864295125163,1.4404225006140996,19,1.1418478260869565,1.2414858951680476,1.2857142857142858,1.5714285714285714,2.0,11,9,14,1.79,-11.11,12.4,0.5,1.1743905726499018,2,7,3,7,1,1,3,0,1,0,0,0,0,0.0,0,1,0.0,0
1.0,1.0,6,1.0,12,2.0,14.0,2.3888888883333332,14.33333333,1.3541407867494824,118.0,1,6,1.1973403408186016,125.0,-0.3333333300000003,1.2639209009952854,1.4102055872516233,18,1.25372234935164,1.2767270531400965,1.1666666666666667,1.0,19.5,6,7,12,2.02,-9.68,11.1,0.6,1.1584500394906667,37,6,38,6,1,1,3,0,1,0,0,0,0,0.0,0,0,0.0,0
0.9166666666666666,1.0,6,0.8333333333333334,11,1.185714286,11.85714286,1.6,12.8,1.2359420289855074,122.1,1,5,0.5651100375738056,128.0,-0.942857140000001,0.701041028781384,1.4404225006140996,21,1.2357226792009401,1.3033971014492753,1.6666666666666667,1.3333333333333333,38.0,8,10,12,0.32,-9.879999999999999,7.6,2.6,1.1743905726499018,0,6,38,6,0,0,1,0,0,0,1,0,0,0.0,0,0,0.0,1
0.631578947368421,0.375,3,0.8181818181818182,12,1.2424242427272727,13.66666667,0.9814814816666666,11.77777778,1.3723199468967806,115.0,1,9,1.1126654064272212,115.0,1.8888888900000005,1.1559857057772485,1.0102538326212618,21,0.8416337285902503,1.326482213438735,1.375,1.0909090909090908,12.0,12,11,19,-4.06,-22.36,15.5,2.8,1.1743905726499018,0,8,12,11,0,0,1,0,0,1,0,0,1,0.375,0,0,0.45454545454545453,1
0.6666666666666666,0.6666666666666666,4,0.6666666666666666,8,1.53125,12.25,1.46875,11.75,1.4912388027091983,131.7,1,4,1.2127443159154367,131.0,0.5,1.0307911617961512,1.2294441386901487,18,1.2647449755785092,1.146645195920558,1.3333333333333333,1.3333333333333333,2.0,8,8,12,-3.12,-11.719999999999999,9.4,-0.8,1.1758672525439406,2,6,3,6,0,0,6,0,1,0,0,0,0,0.0,0,1,0.0,0
0.5,0.6,3,0.4,5,1.16,11.6,1.3888888888888888,12.5,0.6201419698314108,130.0,1,2,1.1933908806863316,130.0,-0.9000000000000004,1.1803969095591578,1.1581913043478262,19,1.2357226792009401,1.2742242031788749,2.0,1.8,28.5,9,10,10,1.79,-11.11,12.4,0.5,1.1743905726499018,19,5,38,5,0,0,1,0,1,0,0,0,1,0.0,0,1,0.0,1
0.75,0.7777777777777778,7,0.7272727272727273,15,0.857142856875,13.71428571,0.75,13.5,1.1621118012422362,142.5,1,8,1.1933908806863316,140.0,0.2142857100000004,1.2021125030704987,1.337458193979933,22,1.2693138979643126,1.1019750589821369,1.7777777777777777,1.6363636363636365,28.0,18,16,20,3.51,-6.790000000000001,8.9,1.4,1.1743905726499018,18,9,37,11,1,1,1,0,0,0,0,0,0,0.4444444444444444,0,1,0.6363636363636364,1
1.0,1.0,5,1.0,10,2.1111111116666668,12.66666667,2.1999999999999997,13.2,1.0296727924697446,137.8,1,5,1.251728743136964,150.0,-0.5333333299999996,1.197718162195498,1.4334342940889107,19,1.2647449755785092,1.277410022972858,1.2,1.2,10.0,6,6,10,-0.92,-17.42,16.2,0.3,1.1758672525439406,18,5,19,5,1,1,1,0,1,0,1,0,1,0.0,0,1,0.0,1
0.75,0.6666666666666666,4,0.8333333333333334,9,1.5277777777777777,13.75,1.1400000000000001,11.4,1.168944099378882,135.6,1,5,1.1990645264164983,133.1,2.3499999999999996,1.204451156505842,0.73904412557989,46,1.117896865520728,1.1229617418778761,1.5,1.6666666666666667,37.0,10,9,12,1.79,-11.11,12.4,0.5,1.1819062506030606,0,6,37,6,0,0,2,0,0,0,1,1,0,0.0,1,0,0.0,0
1.0,1.0,5,1.0,10,2.84,14.2,2.56,12.8,1.1065804935370154,127.9,1,5,1.1933908806863316,131.0,1.3999999999999986,1.1782208343342142,1.4404225006140996,19,1.2357226792009401,1.3033971014492753,1.0,1.0,38.0,5,5,10,-3.12,-11.719999999999999,9.4,-0.8,1.1743905726499018,0,5,38,5,1,1,1,0,1,0,1,0,0,0.0,0,0,0.0,1
0.0,0.0,0,0.0,0,0.0,0.0,0.0,0.0,0.8092753623188406,107.5,1,0,0.664626945786366,133.1,0.0,0.8144268774703558,0.73904412557989,29,0.584463768115942,0.9881987577639751,1.0,1.0,35.0,5,5,10,0.32,-9.879999999999999,7.6,2.6,1.1819062506030606,2,5,36,5,0,0,1,0,0,0,0,1,1,0.0,1,0,0.0,1
1.0,1.0,17,1.0,34,0.7162629758823529,12.17647059,0.6388888888888888,11.5,0.9622563718140928,116.8,1,17,1.2013971665852468,121.0,0.6764705899999992,1.3025204788909892,1.0364130434782608,23,1.25372234935164,1.2179619565217392,1.0,1.0588235294117647,1.0,18,17,34,1.79,-11.11,12.4,0.5,1.1584500394906667,0,17,1,17,0,0,1,0,0,0,0,0,0,0.9411764705882353,0,1,0.8823529411764706,1
0.8333333333333334,0.8333333333333334,5,0.8333333333333334,10,1.475,11.8,1.525,12.2,0.901159420289855,121.1,1,5,1.1973403408186016,134.0,-0.3999999999999986,1.1624045504129656,1.3193236714975844,19,1.233967927278964,1.0880586922712827,1.3333333333333333,1.3333333333333333,28.0,8,8,12,1.74,-10.46,10.8,1.4,1.1584500394906667,18,6,37,6,0,0,3,0,1,0,1,0,0,0.0,0,1,0.0,0
0.0,0.0,0,0.0,0,0.0,0.0,0.0,0.0,1.0588932806324112,114.8,0,0,1.3003910743041178,120.0,0.0,1.1782208343342142,1.4404225006140996,19,1.1418478260869565,1.2742242031788749,0.0,0.0,11.0,0,0,12,3.51,-6.790000000000001,8.9,1.4,1.1743905726499018,16,6,19,6,0,0,5,0,1,0,0,0,1,0.0,0,1,0.0,0
0.7,0.8,4,0.6,7,1.1145833333333333,13.375,1.375,11.0,0.9895400126023945,124.6,1,3,1.194817160955946,120.0,2.375,1.1306197964847364,0.73904412557989,36,1.117896865520728,1.1229617418778761,2.4,1.6,37.0,8,12,10,1.74,-10.46,10.8,1.4,1.1819062506030606,0,5,37,5,0,0,1,0,0,0,1,1,0,0.0,1,0,0.0,1
1.0,1.0,6,1.0,12,1.9523809528571427,13.66666667,1.66666666625,13.33333333,0.8092753623188406,123.2,1,6,1.1990645264164983,133.0,0.33333333999999937,1.204451156505842,1.4304347826086956,19,1.2470369797307752,1.1229617418778761,1.1666666666666667,1.3333333333333333,19.0,8,7,12,3.51,-6.790000000000001,8.9,1.4,1.1819062506030606,36,6,37,6,1,1,1,0,1,0,1,0,0,0.0,0,1,0.0,1
1.0,1.0,8,1.0,15,1.4493827155555554,13.04444444,1.4953125,11.9625,1.5568619113426172,108.4,1,7,1.1803307676305388,115.0,1.0819444399999991,1.225328614762386,1.4334342940889107,20,1.302210510906163,1.3335857352222766,1.125,1.1428571428571428,38.0,8,9,15,0.79,-12.809999999999999,13.9,-0.3,1.1758672525439406,0,8,38,7,1,1,2,0,1,0,0,0,0,0.0,0,1,0.0,0
0.75,0.8333333333333334,5,0.6666666666666666,9,1.8857142857142857,13.2,0.9230769230769231,12.0,1.2531772575250835,127.5,0,4,1.1973403408186016,110.0,1.1999999999999993,1.245065950170982,0.7491078753076292,26,1.233967927278964,1.0880586922712827,1.1666666666666667,2.1666666666666665,28.0,13,7,12,-0.92,-17.42,16.2,0.3,1.1584500394906667,18,6,37,6,0,0,1,1,0,1,0,1,0,0.0,1,0,0.0,1
1.0,1.0,8,1.0,15,1.8765625,15.0125,2.0438775514285714,14.30714286,1.5568619113426172,113.5,1,7,1.251728743136964,118.0,0.7053571399999985,1.1672994488671158,1.4334342940889107,20,1.1213355347642635,1.1916457060725836,1.0,1.0,2.0,7,8,15,1.79,-11.11,12.4,0.5,1.1758672525439406,2,8,3,7,0,0,5,0,1,0,0,0,0,0.0,0,1,0.0,0
1.0,1.0,8,1.0,16,1.6784375,13.4275,1.6784375,13.4275,1.5717231848623365,130.8,1,8,1.056521739130435,133.0,0.0,1.1306197964847364,1.2130434782608694,19,1.100568702990277,1.2921636019934695,1.0,1.0,11.0,8,8,16,-3.12,-11.719999999999999,9.4,-0.8,1.1819062506030606,16,8,19,8,0,0,3,0,1,0,0,0,0,0.0,0,1,0.0,0
0.75,0.75,6,0.75,12,1.306666667,13.06666667,1.306666667,13.06666667,1.547589908749329,128.5,1,6,1.225732834939996,139.0,0.0,1.1782208343342142,1.4404225006140996,19,1.2693138979643126,1.3033971014492753,1.25,1.25,28.5,10,10,16,-1.7,-18.099999999999998,12.7,3.7,1.1743905726499018,19,8,38,8,0,0,6,0,1,0,0,0,0,0.0,0,1,0.0,0
0.7,0.6,3,0.8,7,1.1,11.0,1.175,11.75,0.9177633108579399,134.7,1,4,1.1081088290210723,134.0,-0.75,0.9459469417833456,1.4102055872516233,22,1.1436586685910157,1.0345050878815911,2.0,2.0,2.5,10,10,10,0.32,-9.879999999999999,7.6,2.6,1.1584500394906667,1,5,3,5,0,0,5,0,0,0,1,0,1,0.0,0,0,0.2,0
0.09090909090909091,0.0,0,0.16666666666666666,1,0.0,0.0,1.1818181818181819,13.0,1.3309782608695653,133.7,1,1,1.2783606557377047,133.0,-13.0,0.744776119402985,1.4512849162011174,19,1.2662162162162163,1.3434108527131783,2.0,1.8333333333333333,28.5,11,10,11,0.32,-9.879999999999999,7.6,2.6,1.1876220053238686,19,5,38,6,0,0,2,0,1,0,0,0,0,0.0,0,1,0.0,0
1.0,1.0,5,1.0,10,1.45,11.6,1.9666666666666668,11.8,0.7812111801242235,129.3,1,5,1.2011857707509879,137.0,-0.20000000000000107,1.1622608695652175,1.4102055872516233,18,1.1436586685910157,1.2767270531400965,1.6,1.2,20.5,6,8,10,-3.12,-11.719999999999999,9.4,-0.8,1.1584500394906667,35,5,38,5,0,0,1,0,1,0,0,0,0,0.0,0,1,0.0,1
1.0,1.0,6,1.0,12,1.8571428571428572,13.0,1.7142857142857142,12.0,1.433108695652174,103.5,1,6,1.154390451832907,107.0,1.0,1.2639209009952854,1.4102055872516233,20,1.2919274890242176,1.2767270531400965,1.1666666666666667,1.1666666666666667,38.0,7,7,12,1.79,-11.11,12.4,0.5,1.1584500394906667,0,6,38,6,0,0,1,0,1,0,1,0,0,0.0,0,1,0.0,1
0.5,0.3333333333333333,2,0.6666666666666666,6,0.7692307692307693,10.0,0.9772727272727273,10.75,1.3309782608695653,105.9,1,4,0.6161764705882353,108.0,-0.75,1.2770334928229667,1.4512849162011174,20,0.5958333333333333,1.3434108527131783,2.1666666666666665,1.8333333333333333,36.0,11,13,12,0.32,-9.879999999999999,7.6,2.6,1.1876220053238686,4,6,38,6,0,0,1,0,1,0,0,0,1,0.0,0,0,0.0,1
0.9,0.8,4,1.0,9,1.45,11.6,1.9666666666666668,11.8,1.0288695652173914,109.5,1,5,1.225732834939996,114.0,-0.20000000000000107,1.1697181559973782,1.2069998195922786,20,1.2693138979643126,1.2742242031788749,1.6,1.2,19.0,6,8,10,3.51,-6.790000000000001,8.9,1.4,1.1743905726499018,0,5,19,5,1,1,4,0,1,0,1,0,1,0.0,0,1,0.0,0
0.7857142857142857,0.8571428571428571,6,0.7142857142857143,11,1.3507936511111112,12.15714286,1.1436363636363636,12.58,1.218035426731079,100.0,1,5,1.1933908806863316,133.1,-0.42285713999999963,1.1968670076726344,0.7313379542113002,25,1.2357226792009401,1.2742242031788749,1.2857142857142858,1.5714285714285714,28.5,11,9,14,3.51,-6.790000000000001,8.9,1.4,1.1743905726499018,19,7,38,7,1,1,1,0,0,0,0,0,0,0.0,1,1,0.0,1
1.0,1.0,6,1.0,12,2.1666666666666665,13.0,1.58333333375,12.66666667,1.0189981096408318,141.7,1,6,1.2239130434782608,142.0,0.3333333300000003,1.123776517538332,1.184466819221968,18,1.233967927278964,0.9138586956521739,1.0,1.3333333333333333,29.0,8,6,12,0.79,-12.809999999999999,13.9,-0.3,1.1584500394906667,20,6,39,6,1,1,1,0,1,0,0,0,0,0.0,0,0,0.0,1
0.6666666666666666,0.8333333333333334,5,0.5,8,1.2000000000000002,10.8,0.8333333333333334,10.0,1.0635714285714286,137.2,1,3,1.0786585365853658,154.0,0.8000000000000007,1.1960526315789475,1.4512849162011174,20,1.1182648401826485,1.2365750528541226,1.5,2.0,2.0,12,9,12,-4.06,-22.36,15.5,2.8,1.1876220053238686,2,6,3,6,0,0,1,0,1,0,0,0,1,0.0,0,0,0.0,1
0.875,0.875,7,0.875,14,1.69821428625,13.58571429,1.69821428625,13.58571429,1.547589908749329,127.0,1,7,1.1933908806863316,143.0,0.0,1.1782208343342142,1.4404225006140996,18,1.2693138979643126,1.2742242031788749,1.0,1.0,19.0,8,8,16,-1.7,-18.099999999999998,12.7,3.7,1.1743905726499018,0,8,19,8,1,1,6,0,1,0,1,0,0,0.0,0,1,0.0,0
0.9,1.0,5,0.8,9,1.0259740263636363,11.28571429,1.3888888888888888,12.5,0.640366132723112,123.3,1,4,1.194817160955946,138.0,-1.2142857100000004,1.1306197964847364,1.2130434782608694,18,1.2275607958732497,1.2921636019934695,2.2,1.8,19.0,9,11,10,1.79,-11.11,12.4,0.5,1.1819062506030606,0,5,19,5,0,0,5,0,1,1,1,0,1,0.0,0,1,0.0,0
0.0,0.0,0,0.0,0,0.0,0.0,0.0,0.0,1.0411544227886058,179.6,0,0,1.225732834939996,180.0,0.0,1.2021125030704987,0.7313379542113002,27,1.2643147284489245,1.2414858951680476,1.1666666666666667,1.0,1.0,6,7,12,3.51,-6.790000000000001,8.9,1.4,1.1743905726499018,0,6,1,6,0,0,1,1,0,1,0,1,0,0.0,1,0,0.0,1
1.0,1.0,7,1.0,14,2.142857142857143,15.0,2.244897958571429,15.71428571,0.8927536231884058,147.2,1,7,1.225732834939996,143.0,-0.7142857100000004,1.1697181559973782,1.4404225006140996,18,1.2693138979643126,1.0992070002734482,1.0,1.0,11.0,7,7,14,2.02,-9.68,11.1,0.6,1.1743905726499018,16,7,19,7,0,0,1,0,1,0,1,0,0,0.0,0,0,0.0,1
0.9166666666666666,0.9166666666666666,11,0.9166666666666666,22,1.2348484849999999,14.81818182,1.1893939391666668,14.27272727,1.3723199468967806,149.8,1,11,1.0673369565217392,147.0,0.5454545499999988,1.2816864295125163,1.4404225006140996,20,1.1418478260869565,1.2414858951680476,1.0,1.0,2.0,12,12,24,-0.92,-17.42,16.2,0.3,1.1743905726499018,2,12,3,12,0,0,1,0,1,0,0,0,1,0.4166666666666667,0,1,0.4166666666666667,1
0.5882352941176471,0.5,4,0.6666666666666666,10,0.5238095238095238,11.0,0.6574074072222222,11.83333333,1.0808549506759224,160.0,0,6,1.1973403408186016,160.0,-0.8333333300000003,1.2639209009952854,1.2388849929873773,30,1.0449937888198757,1.0880586922712827,2.625,2.0,37.0,18,21,17,-4.06,-22.36,15.5,2.8,1.1584500394906667,0,8,37,9,0,0,1,0,0,0,0,1,1,0.125,1,1,0.4444444444444444,1
0.5833333333333334,0.5,3,0.6666666666666666,7,0.7948717946153846,10.33333333,1.53125,12.25,0.880909090909091,113.9,1,4,1.2783606557377047,120.0,-1.9166666699999997,1.196590909090909,1.1977777777777778,21,1.2868092691622104,1.0974803149606298,2.1666666666666665,1.3333333333333333,19.0,8,13,12,-1.7,-18.099999999999998,12.7,3.7,1.1876220053238686,36,6,37,6,0,0,1,0,0,0,1,0,0,0.0,0,1,0.0,1
1.0,1.0,8,1.0,15,1.9140625,15.3125,1.67857142875,13.42857143,1.129933110367893,116.3,1,7,1.1803307676305388,125.0,1.8839285700000001,1.271562304971916,1.4334342940889107,18,1.302210510906163,1.1916457060725836,1.0,1.1428571428571428,19.5,8,8,15,-0.92,-17.42,16.2,0.3,1.1758672525439406,37,8,38,7,0,0,2,0,1,0,0,0,0,0.0,0,1,0.0,0
0.5,0.5,3,0.5,6,0.8611111108333334,10.33333333,0.7948717946153846,10.33333333,1.433108695652174,121.0,1,3,1.2239130434782608,135.0,0.0,1.2639209009952854,1.4102055872516233,19,1.2919274890242176,1.2767270531400965,2.0,2.1666666666666665,38.0,13,12,12,0.32,-9.879999999999999,7.6,2.6,1.1584500394906667,0,6,38,6,0,0,1,0,1,0,0,0,0,0.0,0,0,0.0,1
0.9166666666666666,0.8333333333333334,5,1.0,11,0.8359375,13.375,1.9047619042857142,13.33333333,1.2067357512953367,150.0,1,6,1.106153846153846,150.0,0.041666669999999684,1.1960526315789475,1.2134920634920636,20,0.9521739130434782,1.059375,2.6666666666666665,1.1666666666666667,4.5,7,16,12,1.79,-11.11,12.4,0.5,0.9941176470588234,1,6,5,6,0,0,1,0,1,0,1,0,0,0.16666666666666666,0,0,0.3333333333333333,1
0.0,0.0,0,0.0,0,0.0,0.0,0.0,0.0,1.140246768507638,125.3,1,0,1.2821204371076491,133.1,0.0,1.271562304971916,0.7234823625922888,30,1.2576025080438908,1.277410022972858,0.0,0.0,19.0,0,0,12,1.79,-11.11,12.4,0.5,1.1758672525439406,0,6,19,6,1,1,1,0,0,0,1,1,1,0.0,1,0,0.0,1
0.4,0.375,3,0.42857142857142855,6,1.033333333,10.33333333,0.75,12.0,1.0288695652173914,115.2,1,3,1.0673369565217392,116.0,-1.6666666699999997,1.039782608695652,0.9677345537757437,32,1.1418478260869565,1.0992070002734482,1.25,2.2857142857142856,3.0,16,10,15,3.51,-6.790000000000001,8.9,1.4,1.1743905726499018,0,8,3,7,0,0,1,0,0,1,1,1,1,0.375,1,0,0.2857142857142857,1
1.0,1.0,5,1.0,10,2.1999999999999997,13.2,2.2222222216666667,13.33333333,1.168944099378882,105.4,1,5,1.194817160955946,111.0,-0.13333333000000103,1.1306197964847364,1.4304347826086956,20,1.2470369797307752,1.2050514162006132,1.2,1.2,1.0,6,6,10,0.32,-9.879999999999999,7.6,2.6,1.1819062506030606,0,5,1,5,0,0,3,0,1,0,1,0,0,0.0,0,0,0.0,0
1.0,1.0,6,1.0,12,2.555555555,15.33333333,2.6388888883333332,15.83333333,1.3761848805327068,126.1,1,6,1.1803307676305388,132.0,-0.5,1.355244411692459,1.4334342940889107,18,1.2647449755785092,1.146645195920558,1.0,1.0,2.0,6,6,12,2.02,-9.68,11.1,0.6,1.1758672525439406,2,6,3,6,1,1,3,0,1,0,0,0,0,0.0,0,1,0.0,0
1.0,1.0,6,1.0,12,1.4444444444444444,13.0,2.194444445,13.16666667,1.1542253521126762,118.2,1,6,1.2388505747126437,128.0,-0.16666666999999968,1.1960526315789475,1.4512849162011174,19,1.2662162162162163,1.2365750528541226,1.5,1.0,10.0,6,9,12,1.74,-10.46,10.8,1.4,1.1876220053238686,18,6,19,6,0,0,1,0,1,0,0,0,0,0.0,0,0,0.0,1
0.3333333333333333,0.0,0,0.6666666666666666,4,0.0,0.0,1.3199999999999998,13.2,1.1776659038901602,116.7,1,4,1.2127443159154367,123.0,-13.2,1.151400966183575,1.4334342940889107,20,1.2647449755785092,1.1916457060725836,1.3333333333333333,1.6666666666666667,1.0,10,8,12,1.79,-11.11,12.4,0.5,1.1758672525439406,0,6,1,6,1,1,1,0,1,0,0,0,1,0.0,0,1,0.0,1
1.0,1.0,6,1.0,12,1.9523809528571427,13.66666667,2.06122449,14.42857143,0.901159420289855,150.0,0,6,1.2013971665852468,150.0,-0.7619047600000002,1.1622608695652175,0.8167361524717094,25,1.233967927278964,1.2799644037630307,1.1666666666666667,1.1666666666666667,19.0,7,7,12,1.74,-10.46,10.8,1.4,1.1584500394906667,0,6,19,6,0,0,1,1,0,1,0,0,0,0.0,1,0,0.16666666666666666,1
0.8333333333333334,0.8333333333333334,5,0.8333333333333334,10,1.3611111111111112,12.25,2.1333333333333333,12.8,1.140246768507638,139.0,1,5,1.1803307676305388,133.1,-0.5500000000000007,1.1672994488671158,1.4334342940889107,21,1.2647449755785092,1.1281060708036075,1.5,1.0,19.0,6,9,12,1.74,-10.46,10.8,1.4,1.1758672525439406,36,6,37,6,0,0,1,0,0,0,0,0,1,0.0,0,0,0.0,1
0.0,0.0,0,0.0,0,0.0,0.0,0.0,0.0,1.0288695652173914,140.0,1,0,1.1933908806863316,140.0,0.0,1.1782208343342142,0.7131609870740305,23,1.0901394585726005,1.1019750589821369,0.0,0.0,37.0,0,0,10,0.32,-9.879999999999999,7.6,2.6,1.1743905726499018,0,5,37,5,0,0,1,0,0,0,1,0,0,0.0,0,0,0.0,1
1.0,1.0,6,1.0,12,2.25,13.5,2.4722222216666667,14.83333333,1.2768658451522903,133.7,1,6,1.0673369565217392,141.0,-1.3333333300000003,1.039782608695652,1.2069998195922786,18,1.218035426731079,1.0992070002734482,1.0,1.0,2.5,6,6,12,2.02,-9.68,11.1,0.6,1.1743905726499018,1,6,3,6,1,1,1,0,1,0,1,0,0,0.0,0,1,0.0,1
0.7,0.8,4,0.6,7,1.8214285714285714,12.75,1.1666666669999999,11.66666667,0.9895400126023945,140.0,1,3,1.2542082169924211,130.0,1.0833333300000003,1.318361688720857,0.73904412557989,34,1.2275607958732497,1.1229617418778761,1.4,2.0,28.0,10,7,10,-3.12,-11.719999999999999,9.4,-0.8,1.1819062506030606,18,5,37,5,0,0,2,0,0,0,0,1,1,0.0,1,0,0.0,0
1.0,1.0,5,1.0,10,2.033333333333333,12.2,1.9428571428571428,13.6,0.9177633108579399,118.0,1,5,1.2239130434782608,125.0,-1.4000000000000004,1.1622608695652175,1.184466819221968,19,1.233967927278964,1.2799644037630307,1.2,1.4,19.0,7,6,10,3.51,-6.790000000000001,8.9,1.4,1.1584500394906667,0,5,19,5,0,0,4,0,1,0,1,0,0,0.0,0,1,0.0,0
1.0,1.0,6,1.0,12,2.3611111116666668,14.16666667,2.1666666666666665,13.0,1.2840579710144928,115.9,1,6,1.194817160955946,125.0,1.1666666699999997,1.183961352657005,1.2130434782608694,18,1.2470369797307752,1.339986123959297,1.0,1.0,19.5,6,6,12,1.79,-11.11,12.4,0.5,1.1819062506030606,37,6,38,6,0,0,2,0,1,0,0,0,0,0.0,0,1,0.0,0
1.0,1.0,6,1.0,12,2.06122449,14.42857143,1.9285714285714286,13.5,1.331363224637681,136.9,1,6,1.1973403408186016,140.0,0.9285714299999999,1.1624045504129656,1.4102055872516233,19,1.25372234935164,1.2179619565217392,1.1666666666666667,1.1666666666666667,1.0,7,7,12,-0.92,-17.42,16.2,0.3,1.1584500394906667,0,6,1,6,1,1,2,0,1,0,1,0,0,0.0,0,1,0.0,0
0.8333333333333334,0.8333333333333334,5,0.8333333333333334,10,1.5777777777777777,14.2,1.45,11.6,1.140246768507638,159.0,1,5,1.2127443159154367,130.0,2.5999999999999996,1.0307911617961512,0.7234823625922888,51,1.2576025080438908,1.146645195920558,1.5,1.3333333333333333,11.0,8,9,12,1.79,-11.11,12.4,0.5,1.1758672525439406,16,6,19,6,1,1,1,0,0,0,0,1,0,0.0,1,0,0.0,1
0.16666666666666666,0.0,0,0.2857142857142857,2,0.0,0.0,1.6785714285714286,11.75,1.218035426731079,136.1,1,2,1.0673369565217392,133.1,-11.75,1.1697181559973782,0.7313379542113002,26,1.1418478260869565,1.2414858951680476,2.0,1.0,2.0,7,10,12,1.79,-11.11,12.4,0.5,1.1743905726499018,2,5,3,7,0,0,2,0,0,0,0,1,1,0.0,1,0,0.0,0
1.0,1.0,6,1.0,12,2.1388888883333332,12.83333333,2.1111111116666668,12.66666667,1.2768658451522903,114.4,1,6,1.225732834939996,121.0,0.16666666000000063,1.1782208343342142,1.4404225006140996,18,1.2643147284489245,1.3033971014492753,1.0,1.0,19.5,6,6,12,2.02,-9.68,11.1,0.6,1.1743905726499018,37,6,38,6,1,1,1,0,1,0,0,0,0,0.0,0,0,0.0,1
0.9166666666666666,1.0,6,0.8333333333333334,11,1.8333333328571428,12.83333333,2.1666666666666665,13.0,1.3309782608695653,117.9,1,5,1.1939285714285715,120.0,-0.16666666999999968,1.2994236311239193,1.225164113785558,21,1.2662162162162163,1.3434108527131783,1.1666666666666667,1.0,28.5,6,7,12,3.51,-6.790000000000001,8.9,1.4,1.1876220053238686,19,6,38,6,1,1,1,0,0,0,0,0,0,0.0,0,1,0.0,1
0.4166666666666667,0.6666666666666666,4,0.16666666666666666,5,1.53125,12.25,1.4545454545454546,16.0,1.3309782608695653,130.0,1,1,0.8071428571428572,133.1,-3.75,0.8348837209302326,0.9358381502890174,23,0.5958333333333333,0.515,1.3333333333333333,1.8333333333333333,34.0,11,8,12,0.32,-9.879999999999999,7.6,2.6,1.1357142857142857,0,6,34,6,0,0,1,0,0,1,1,0,0,0.0,0,0,0.0,1
0.6,0.6,3,0.6,6,0.96969697,10.66666667,0.8888888891666666,10.66666667,0.8455652173913043,130.0,0,3,1.1224184782608695,160.0,0.0,0.9590062111801242,0.73904412557989,26,1.2470369797307752,1.052902889872429,2.2,2.4,2.0,12,11,10,-3.12,-11.719999999999999,9.4,-0.8,1.1819062506030606,2,5,3,5,1,0,1,0,0,0,0,1,1,0.0,1,0,0.0,1
1.0,1.0,6,1.0,12,2.1388888883333332,12.83333333,1.9761904757142859,13.83333333,1.331363224637681,117.4,1,6,1.2011857707509879,110.0,-1.0,1.1622608695652175,1.4102055872516233,20,1.233967927278964,1.2767270531400965,1.0,1.1666666666666667,28.5,7,6,12,2.02,-9.68,11.1,0.6,1.1584500394906667,19,6,38,6,0,0,5,0,1,0,0,0,0,0.0,0,1,0.0,0
1.0,1.0,6,1.0,12,2.2222222216666667,13.33333333,2.12244898,14.85714286,1.1767016491754123,124.0,1,6,1.2239130434782608,125.0,-1.5238095299999994,1.1622608695652175,1.4102055872516233,19,1.0449937888198757,1.0880586922712827,1.0,1.1666666666666667,37.0,7,6,12,1.79,-11.11,12.4,0.5,1.1584500394906667,0,6,37,6,0,0,1,0,1,0,1,0,0,0.0,0,0,0.0,1
1.0,1.0,5,1.0,10,2.8,14.0,2.68,13.4,1.1542253521126762,116.7,1,5,1.2521505376344086,123.0,0.5999999999999996,1.1960526315789475,1.225164113785558,19,1.1182648401826485,1.2365750528541226,1.0,1.0,2.0,5,5,10,-3.12,-11.719999999999999,9.4,-0.8,1.1876220053238686,2,5,3,5,0,0,2,0,1,0,0,0,0,0.0,0,0,0.0,0
0.3333333333333333,0.0,0,0.6666666666666666,4,0.0,0.0,1.0666666666666667,12.8,1.2021517302573204,101.3,1,4,1.1973403408186016,130.0,-12.8,1.123776517538332,1.184466819221968,20,1.233967927278964,1.2179619565217392,2.8333333333333335,2.0,10.0,12,17,12,1.79,-11.11,12.4,0.5,1.1584500394906667,18,6,19,6,0,0,1,0,1,0,0,0,1,0.0,0,1,0.0,1
0.0,0.0,0,0.0,0,0.0,0.0,0.0,0.0,1.0067868504772004,107.5,0,0,1.2542082169924211,133.1,0.0,1.189437963944857,0.73904412557989,35,1.2275607958732497,1.2921636019934695,0.0,0.0,19.0,0,0,12,-4.06,-22.36,15.5,2.8,1.1819062506030606,0,6,19,6,0,0,1,0,0,0,1,1,0,0.0,1,0,0.0,1
1.0,1.0,5,1.0,10,2.6,13.0,2.56,12.8,1.0288695652173914,128.0,1,5,1.1933908806863316,135.0,0.1999999999999993,1.1782208343342142,1.2069998195922786,18,1.0901394585726005,1.3033971014492753,1.0,1.0,37.5,5,5,10,2.02,-9.68,11.1,0.6,1.1743905726499018,1,5,38,5,1,0,1,0,1,1,1,0,0,0.0,0,1,0.0,1
0.875,0.875,7,0.875,14,1.82071428625,14.56571429,1.82071428625,14.56571429,1.5796068796068796,133.0,1,7,1.106153846153846,142.0,0.0,0.9646551724137932,1.4512849162011174,20,1.2868092691622104,1.124342105263158,1.0,1.0,2.0,8,8,16,1.74,-10.46,10.8,1.4,1.1876220053238686,2,8,3,8,1,1,4,0,1,0,0,0,0,0.0,0,0,0.0,0
1.0,1.0,8,1.0,15,1.17375,11.7375,1.53571428625,12.28571429,1.5717231848623365,123.5,1,7,1.1990645264164983,135.0,-0.5482142899999989,1.318361688720857,1.4304347826086956,19,1.2470369797307752,1.2921636019934695,1.25,1.1428571428571428,10.0,8,10,15,1.79,-11.11,12.4,0.5,1.1819062506030606,18,8,19,7,1,1,4,0,1,0,0,0,0,0.0,0,1,0.0,0
0.6666666666666666,0.6666666666666666,4,0.6666666666666666,8,1.40625,11.25,1.3125,10.5,1.2359420289855074,114.8,1,4,1.2125797101449276,120.0,0.75,1.1559857057772485,1.2069998195922786,19,1.2693138979643126,1.2414858951680476,1.3333333333333333,1.3333333333333333,10.0,8,8,12,1.74,-10.46,10.8,1.4,1.1743905726499018,18,6,19,6,0,0,2,0,1,0,0,0,0,0.0,0,1,0.0,0
0.2,0.2,1,0.2,2,1.0,11.0,0.8333333333333334,10.0,0.683695652173913,110.3,1,1,1.1939285714285715,139.0,1.0,1.2994236311239193,0.748,24,1.2662162162162163,1.3042389210019267,2.2,2.4,19.0,12,11,10,3.51,-6.790000000000001,8.9,1.4,1.1876220053238686,0,5,19,5,0,0,1,0,0,1,0,0,1,0.0,1,0,0.0,1
0.8333333333333334,0.8333333333333334,5,0.8333333333333334,10,1.22,12.2,1.071428571,10.71428571,1.433108695652174,112.3,1,5,1.2239130434782608,120.0,1.4857142899999989,1.1663210702341136,1.4102055872516233,22,1.233967927278964,1.2767270531400965,1.6666666666666667,1.6666666666666667,28.5,10,10,12,-1.7,-18.099999999999998,12.7,3.7,1.1584500394906667,19,6,38,6,1,1,1,0,0,0,0,0,0,0.0,0,0,0.0,1
0.6666666666666666,0.6666666666666666,4,0.6666666666666666,8,1.15,11.5,2.0416666666666665,12.25,1.2413610586011343,116.5,1,4,1.2127443159154367,133.1,-0.75,1.197718162195498,0.7234823625922888,24,1.2647449755785092,1.1698757763975156,1.6666666666666667,1.0,6.5,6,10,12,1.79,-11.11,12.4,0.5,1.1758672525439406,11,6,12,6,1,1,1,0,0,0,0,0,1,0.0,1,0,0.0,1
0.6,0.8,4,0.4,6,1.5,12.0,0.9285714285714286,13.0,1.2067357512953367,121.3,1,2,1.2783606557377047,130.0,-1.0,1.196590909090909,1.225164113785558,21,1.2662162162162163,1.0974803149606298,1.6,2.8,28.0,14,8,10,-3.12,-11.719999999999999,9.4,-0.8,1.1876220053238686,18,5,37,5,0,0,3,0,0,0,1,0,0,0.0,0,1,0.0,0
0.75,0.8333333333333334,5,0.6666666666666666,9,0.9076923076923078,11.8,1.325,13.25,1.2840579710144928,132.9,1,4,1.1990645264164983,136.0,-1.4499999999999993,1.204451156505842,1.4304347826086956,19,1.3338955940090156,1.339986123959297,2.1666666666666665,1.6666666666666667,38.0,10,13,12,0.32,-9.879999999999999,7.6,2.6,1.1819062506030606,0,6,38,6,0,0,6,0,1,0,1,0,1,0.0,0,1,0.0,0
0.875,0.875,7,0.875,14,1.70892857125,13.67142857,1.70892857125,13.67142857,1.5796068796068796,127.8,1,7,1.1939285714285715,151.0,0.0,1.148233215547703,1.4512849162011174,18,1.2868092691622104,1.2365750528541226,1.0,1.0,1.0,8,8,16,-1.7,-18.099999999999998,12.7,3.7,1.1876220053238686,0,8,1,8,1,1,5,0,1,0,1,0,0,0.0,0,0,0.0,0
1.0,1.0,6,1.0,12,2.0,12.0,2.1111111116666668,12.66666667,0.901159420289855,122.0,1,6,1.2239130434782608,136.0,-0.6666666699999997,1.1622608695652175,1.4102055872516233,18,1.25372234935164,1.2799644037630307,1.0,1.0,10.0,6,6,12,0.32,-9.879999999999999,7.6,2.6,1.1584500394906667,18,6,19,6,0,0,6,0,1,0,1,0,0,0.0,0,0,0.0,0
0.0,0.0,0,0.0,0,0.0,0.0,0.0,0.0,1.0288695652173914,129.2,1,0,1.1933908806863316,140.0,0.0,1.1782208343342142,1.4404225006140996,26,1.2693138979643126,1.3033971014492753,0.0,1.2,28.5,6,0,10,-4.06,-22.36,15.5,2.8,1.1743905726499018,19,5,38,5,0,0,1,0,0,0,1,1,0,0.0,1,1,0.0,1
0.0,0.0,0,0.0,0,0.0,0.0,0.0,0.0,0.8409172126265634,121.8,0,0,1.1933908806863316,110.0,0.0,1.1782208343342142,0.7313379542113002,36,1.0901394585726005,1.1019750589821369,1.0,1.0,37.0,5,5,10,-1.7,-18.099999999999998,12.7,3.7,1.1743905726499018,0,5,37,5,0,0,1,0,0,0,1,1,1,0.0,1,0,0.0,1
0.875,0.875,7,0.875,14,1.5053571425,12.04285714,1.5053571425,12.04285714,1.5717231848623365,120.0,1,7,1.1990645264164983,133.1,0.0,1.204451156505842,0.73904412557989,25,1.2275607958732497,1.1229617418778761,1.0,1.0,28.0,8,8,16,-1.7,-18.099999999999998,12.7,3.7,1.1819062506030606,18,8,37,8,1,1,1,0,0,0,1,0,0,0.0,1,0,0.0,1
0.875,0.875,7,0.875,14,1.6891071425,13.51285714,1.6891071425,13.51285714,1.547589908749329,132.8,1,7,1.2242311770943797,134.0,0.0,1.1782208343342142,1.4404225006140996,19,1.2357226792009401,1.3033971014492753,1.0,1.0,38.0,8,8,16,1.74,-10.46,10.8,1.4,1.1743905726499018,0,8,38,8,1,1,3,0,1,0,0,0,0,0.0,0,1,0.0,0
0.7,0.8,4,0.6,7,1.175,11.75,0.9333333333333333,14.0,1.2067357512953367,123.3,1,3,1.1939285714285715,138.0,-2.25,1.2994236311239193,1.225164113785558,19,1.0831439393939393,1.0974803149606298,2.0,3.0,37.0,15,10,10,-3.12,-11.719999999999999,9.4,-0.8,1.1876220053238686,0,5,37,5,0,0,2,0,1,0,0,0,0,0.0,0,1,0.0,0
0.9375,1.0,8,0.875,15,1.0340909090909092,11.375,1.114285714,11.14285714,0.8927536231884058,135.0,1,7,1.3003910743041178,150.0,0.23214285999999973,1.1697181559973782,1.2069998195922786,29,1.2693138979643126,1.2742242031788749,1.375,1.25,19.0,10,11,16,-1.7,-18.099999999999998,12.7,3.7,1.1743905726499018,0,8,19,8,0,0,1,0,0,0,0,1,0,0.25,1,0,0.25,1
0.0,0.0,0,0.0,0,0.0,0.0,0.0,0.0,1.0632,118.0,1,0,1.2145569620253165,133.1,0.0,1.2994236311239193,1.4512849162011174,22,1.2868092691622104,1.0974803149606298,0.0,0.0,19.0,0,0,0,2.02,-9.68,11.1,0.6,1.1876220053238686,36,0,37,0,0,0,1,0,0,0,1,0,1,0.0,0,0,0.0,1
0.8333333333333334,0.6666666666666666,4,1.0,10,2.3333333333333335,14.0,1.918367347142857,13.42857143,1.1767016491754123,140.3,1,6,1.2013971665852468,135.0,0.5714285700000001,1.123776517538332,1.2130434782608697,19,1.25372234935164,1.2915678524374177,1.0,1.1666666666666667,6.5,7,6,12,1.79,-11.11,12.4,0.5,1.1584500394906667,11,6,12,6,0,0,1,0,1,0,1,0,0,0.0,0,1,0.0,1
0.0,0.0,0,0.0,0,0.0,0.0,0.0,0.0,1.0972332015810278,126.9,1,0,1.1990645264164983,130.0,0.0,1.204451156505842,1.2130434782608694,20,1.100568702990277,1.2050514162006132,0.0,0.0,2.0,0,0,0,-1.7,-18.099999999999998,12.7,3.7,1.1819062506030606,2,0,3,0,0,0,1,0,1,0,1,0,0,0.0,0,1,0.0,1
0.0,0.0,0,0.0,0,0.0,0.0,0.0,0.0,1.2067357512953367,111.9,1,0,1.0786585365853658,121.0,0.0,1.2770334928229667,1.214864864864865,21,0.9521739130434782,1.124342105263158,1.0,2.4,4.0,12,5,10,-1.7,-18.099999999999998,12.7,3.7,1.1876220053238686,2,5,5,5,0,0,5,0,0,0,0,0,0,0.0,0,1,0.0,0
0.875,0.875,7,0.875,14,1.0238095241666667,12.28571429,1.0238095241666667,12.28571429,1.5568619113426172,136.3,1,7,1.2821204371076491,145.0,0.0,1.225328614762386,1.2294441386901487,18,1.1959420289855072,1.3335857352222766,1.5,1.5,20.0,12,12,16,-1.7,-18.099999999999998,12.7,3.7,1.1758672525439406,36,8,38,8,0,0,2,0,1,0,0,0,0,0.0,0,1,0.0,0
0.0,0.0,0,0.0,0,0.0,0.0,0.0,0.0,0.7799621928166351,96.0,1,0,0.8680306905370844,133.1,0.0,0.8819221967963387,0.7234823625922888,31,0.4900869565217391,0.5699488491048593,1.0,1.0,34.0,5,5,10,0.32,-9.879999999999999,7.6,2.6,1.1758672525439406,0,5,34,5,0,0,1,0,0,0,1,1,1,0.0,1,0,0.0,1
0.9,1.0,5,0.8,9,2.56,12.8,1.0909090909090908,12.0,1.0288695652173914,121.1,1,4,1.225732834939996,127.0,0.8000000000000007,1.2021125030704987,1.2069998195922786,20,1.2643147284489245,1.1019750589821369,1.0,2.2,19.0,11,5,10,2.02,-9.68,11.1,0.6,1.1743905726499018,36,5,37,5,1,1,1,0,1,0,0,0,1,0.0,0,1,0.0,1
0.9,0.8,4,1.0,9,1.2888888888888888,11.6,1.575,12.6,0.9177633108579399,119.8,1,5,1.2011857707509879,131.0,-1.0,1.1663749294184076,1.184466819221968,19,1.233967927278964,1.2767270531400965,1.8,1.6,28.5,8,9,10,3.51,-6.790000000000001,8.9,1.4,1.1584500394906667,19,5,38,5,0,0,5,0,1,0,0,0,0,0.0,0,1,0.0,0
1.0,1.0,6,1.0,12,2.75,16.5,2.4081632657142857,16.85714286,1.2021517302573204,173.3,1,6,1.2013971665852468,150.0,-0.35714285999999973,1.2639209009952854,0.7491078753076292,25,1.25701394585726,1.0820586694604504,1.0,1.1666666666666667,2.5,7,6,12,0.79,-12.809999999999999,13.9,-0.3,1.1584500394906667,1,6,3,6,0,0,1,0,0,0,0,0,0,0.16666666666666666,1,1,0.16666666666666666,1
0.75,0.8333333333333334,5,0.6666666666666666,9,1.625,13.0,1.16,11.6,1.1065804935370154,97.2,1,4,1.2125797101449276,133.1,1.4000000000000004,1.2021125030704987,0.7313379542113002,24,1.2693138979643126,1.2414858951680476,1.3333333333333333,1.6666666666666667,10.0,10,8,12,2.02,-9.68,11.1,0.6,1.1743905726499018,18,6,19,6,1,1,1,0,0,0,0,0,1,0.0,1,1,0.0,1
1.0,1.0,6,1.0,12,2.0833333333333335,12.5,1.9722222216666667,11.83333333,1.3746562616127835,110.8,1,6,1.1990645264164983,116.0,0.6666666699999997,1.204451156505842,1.2130434782608694,18,1.117896865520728,1.1229617418778761,1.0,1.0,37.0,6,6,12,0.32,-9.879999999999999,7.6,2.6,1.1819062506030606,0,6,37,6,0,0,3,0,1,0,1,0,0,0.0,0,0,0.0,0
1.0,1.0,6,1.0,12,2.3888888883333332,14.33333333,1.87755102,13.14285714,1.4912388027091983,144.3,1,6,1.0702608695652174,140.0,1.19047619,1.225328614762386,1.156304347826087,19,1.2576025080438908,1.277410022972858,1.0,1.1666666666666667,19.0,7,6,12,1.79,-11.11,12.4,0.5,1.1758672525439406,0,6,19,6,1,1,1,0,1,0,1,0,0,0.3333333333333333,0,1,0.5,1
0.4166666666666667,0.3333333333333333,2,0.5,5,0.9545454545454546,10.5,1.54166666625,12.33333333,0.880909090909091,122.6,1,3,1.1939285714285715,120.0,-1.8333333300000003,1.2170068027210885,1.225164113785558,20,1.0831439393939393,1.0974803149606298,1.8333333333333333,1.3333333333333333,37.0,8,11,12,-1.7,-18.099999999999998,12.7,3.7,1.1876220053238686,0,6,37,6,0,0,1,0,1,0,0,0,0,0.0,0,0,0.0,1
0.8666666666666667,0.875,7,0.8571428571428571,13,1.2522727272727272,13.775,1.9709523814285714,13.79666667,1.5568619113426172,127.6,1,6,1.2821204371076491,140.0,-0.02166667000000011,1.271562304971916,1.2294441386901487,23,1.2647449755785092,1.1916457060725836,1.375,1.0,1.0,7,11,15,1.79,-11.11,12.4,0.5,1.1758672525439406,0,8,1,7,0,0,4,0,0,0,1,0,0,0.0,0,1,0.0,0
0.0,0.0,0,0.0,0,0.0,0.0,0.0,0.0,0.9622563718140928,139.6,0,0,1.2239130434782608,127.0,0.0,1.1622608695652175,1.4102055872516233,18,1.25701394585726,1.2799644037630307,0.0,0.0,10.5,0,0,0,0.79,-12.809999999999999,13.9,-0.3,1.1584500394906667,17,0,19,0,1,0,2,1,1,1,1,0,1,0.0,0,1,0.0,0
1.0,1.0,5,1.0,10,1.8,12.6,1.1212121209090908,12.33333333,1.1621118012422362,118.3,1,5,1.1933908806863316,120.0,0.26666666999999933,1.2816864295125163,1.4404225006140996,20,1.2357226792009401,1.2414858951680476,1.4,2.2,19.5,11,7,10,-3.12,-11.719999999999999,9.4,-0.8,1.1743905726499018,37,5,38,5,0,0,2,0,1,0,0,0,0,0.0,0,1,0.0,0
0.8666666666666667,0.8571428571428571,6,0.875,13,1.216666667,12.16666667,0.9479166666666666,11.375,1.2359420289855074,100.0,1,7,1.442391304347826,133.1,0.7916666699999997,1.2021125030704987,0.7313379542113002,37,1.0901394585726005,1.1019750589821369,1.4285714285714286,1.5,37.0,12,10,15,0.79,-12.809999999999999,13.9,-0.3,1.1743905726499018,0,7,37,8,0,0,1,0,0,1,0,1,0,0.2857142857142857,1,0,0.375,1
1.0,1.0,6,1.0,12,2.2777777783333333,13.66666667,2.6666666666666665,16.0,1.3746562616127835,146.2,1,6,1.2099177438307875,157.0,-2.3333333300000003,1.264619822790027,1.2130434782608694,18,1.100568702990277,1.052902889872429,1.0,1.0,3.0,6,6,12,1.79,-11.11,12.4,0.5,1.1819062506030606,0,6,3,6,0,0,1,0,1,0,1,0,1,0.0,0,0,0.0,1
1.0,1.0,12,1.0,25,0.911458333125,14.58333333,0.9835164835714286,13.76923077,1.0138998682476945,130.0,1,13,1.2099177438307875,130.0,0.8141025600000003,1.183961352657005,0.7927536231884058,39,1.2470369797307752,1.2050514162006132,1.3333333333333333,1.0769230769230769,1.0,14,16,25,0.79,-12.809999999999999,13.9,-0.3,1.1819062506030606,0,12,1,13,0,0,1,0,0,0,0,1,0,0.75,1,0,0.9230769230769231,1
0.6666666666666666,0.6666666666666666,4,0.6666666666666666,8,1.25,12.5,1.3333333333333333,12.0,1.0140521739130435,132.8,1,4,1.1803307676305388,144.0,0.5,1.151400966183575,1.4334342940889107,19,1.2576025080438908,1.277410022972858,1.6666666666666667,1.5,19.0,9,10,12,-4.06,-22.36,15.5,2.8,1.1758672525439406,0,6,19,6,1,1,1,0,1,0,1,0,1,0.0,0,0,0.0,1
0.0,0.0,0,0.0,0,0.0,0.0,0.0,0.0,1.2768658451522903,160.0,0,0,1.2125797101449276,160.0,0.0,0.701041028781384,1.0102538326212618,51,1.0901394585726005,1.1019750589821369,1.0,1.0,37.0,4,4,8,-1.7,-18.099999999999998,12.7,3.7,1.1743905726499018,0,4,37,4,0,0,1,1,0,1,0,1,1,0.0,1,0,0.0,1
0.0,0.0,0,0.0,0,0.0,0.0,0.0,0.0,0.9982473879339401,111.9,0,0,1.3003910743041178,114.0,0.0,1.1803969095591578,1.4404225006140996,18,1.1418478260869565,0.9811594202898551,0.0,0.0,16.0,0,0,0,-3.12,-11.719999999999999,9.4,-0.8,1.1743905726499018,26,0,29,0,0,0,1,0,1,0,0,0,1,0.0,0,0,0.0,1
1.0,1.0,6,1.0,12,2.4722222216666667,14.83333333,2.2380952385714283,15.66666667,1.2021517302573204,144.5,1,6,1.1081088290210723,151.0,-0.8333333399999994,0.9459469417833456,1.4102055872516233,18,1.0478260869565217,1.0794466403162055,1.0,1.1666666666666667,22.0,7,6,12,3.51,-6.790000000000001,8.9,1.4,1.1584500394906667,36,6,40,6,0,0,2,0,1,0,1,0,0,0.0,0,1,0.0,0
0.5,0.6,3,0.4,5,1.2,12.0,1.0454545454545454,11.5,0.8409172126265634,113.6,1,2,1.1933908806863316,122.0,0.5,1.2816864295125163,1.4404225006140996,26,1.0901394585726005,1.1019750589821369,2.0,2.2,37.0,11,10,10,0.32,-9.879999999999999,7.6,2.6,1.1743905726499018,0,5,37,5,0,0,1,0,0,0,0,1,1,0.0,1,0,0.0,1
1.0,1.0,6,1.0,12,2.055555555,12.33333333,2.055555555,12.33333333,1.0605978260869566,119.9,1,6,1.1803307676305388,116.0,0.0,1.225328614762386,1.2294441386901487,20,1.2576025080438908,1.277410022972858,1.0,1.0,19.0,6,6,12,1.79,-11.11,12.4,0.5,1.1758672525439406,0,6,19,6,0,0,1,0,1,0,0,0,0,0.0,0,1,0.0,1
0.8571428571428571,0.8571428571428571,6,0.8571428571428571,12,1.8619047614285713,13.03333333,1.8619047614285713,13.03333333,1.5796068796068796,133.8,1,6,1.1939285714285715,143.0,0.0,1.196590909090909,1.225164113785558,18,1.2932721712538227,1.2365750528541226,1.0,1.0,19.5,7,7,14,0.32,-9.879999999999999,7.6,2.6,1.1876220053238686,37,7,38,7,0,0,3,0,1,0,0,0,0,0.0,0,1,0.0,0
0.75,0.5,3,1.0,9,0.9722222225,11.66666667,0.9431818181818182,10.375,1.4763186934451555,116.9,1,6,1.1990645264164983,126.0,1.2916666699999997,1.2806596701649176,1.2130434782608694,21,1.117896865520728,1.2921636019934695,2.0,1.8333333333333333,28.0,11,12,12,-1.7,-18.099999999999998,12.7,3.7,1.1819062506030606,18,6,37,6,0,0,1,0,0,0,0,0,0,0.0,0,1,0.0,1
0.4166666666666667,0.3333333333333333,2,0.5,5,1.6111111111111112,14.5,2.0,14.0,1.140246768507638,122.9,0,3,1.1803307676305388,133.1,0.5,1.225328614762386,0.7234823625922888,25,1.302210510906163,1.277410022972858,1.5,1.1666666666666667,28.5,7,9,12,0.79,-12.809999999999999,13.9,-0.3,1.1758672525439406,19,6,38,6,0,0,1,1,0,1,0,0,1,0.0,1,0,0.0,1
1.0,1.0,6,1.0,12,1.7959183671428571,12.57142857,2.2222222216666667,13.33333333,0.880909090909091,154.1,1,6,1.1939285714285715,152.0,-0.7619047600000002,1.196590909090909,1.4512849162011174,18,1.2662162162162163,1.3042389210019267,1.1666666666666667,1.0,19.0,6,7,12,-1.7,-18.099999999999998,12.7,3.7,1.1876220053238686,0,6,19,6,1,0,1,0,1,1,0,0,0,0.0,0,0,0.0,1
0.6,0.6,3,0.6,6,1.40625,11.25,1.375,11.0,0.7911983032873808,130.1,1,3,1.1803307676305388,130.0,0.25,1.151400966183575,0.7234823625922888,25,1.0986103210077205,1.1281060708036075,1.6,1.6,37.0,8,8,10,1.74,-10.46,10.8,1.4,1.1758672525439406,0,5,37,5,0,0,1,0,0,0,1,0,0,0.0,1,0,0.0,1
1.0,1.0,6,1.0,12,2.163265305714286,15.14285714,2.4722222216666667,14.83333333,1.49416149068323,116.1,1,6,1.0673369565217392,160.0,0.30952380999999995,1.0542490118577075,0.9677345537757437,26,1.1418478260869565,1.2742242031788749,1.1666666666666667,1.0,11.0,6,7,12,2.02,-9.68,11.1,0.6,1.1743905726499018,16,6,19,6,0,0,1,0,0,1,0,1,0,0.0,1,0,0.0,1
1.0,1.0,6,1.0,12,1.8571428571428572,13.0,1.9285714285714286,13.5,1.2768658451522903,133.9,1,6,1.225732834939996,143.0,-0.5,1.1782208343342142,1.4404225006140996,18,1.2693138979643126,1.2742242031788749,1.1666666666666667,1.1666666666666667,19.0,7,7,12,-0.92,-17.42,16.2,0.3,1.2521739130434784,0,6,19,6,1,1,3,0,1,0,0,0,1,0.0,0,1,0.0,0
0.1,0.2,1,0.0,1,1.7142857142857142,12.0,0.0,0.0,0.8409172126265634,134.3,1,0,1.1933908806863316,110.0,12.0,1.1782208343342142,0.7313379542113002,24,1.0901394585726005,1.1019750589821369,1.4,2.0,37.0,10,7,10,1.74,-10.46,10.8,1.4,1.1743905726499018,0,5,37,5,0,0,1,0,0,0,1,0,1,0.0,1,0,0.0,1
0.8,0.8,4,0.8,8,1.3333333333333333,12.0,1.125,11.25,0.7367809883877936,130.0,1,4,1.1973403408186016,140.0,0.75,1.1622608695652175,0.7491078753076292,25,1.2919274890242176,1.2799644037630307,1.8,2.0,28.5,10,9,10,-1.7,-18.099999999999998,12.7,3.7,1.1584500394906667,19,5,38,5,0,0,1,0,0,1,0,0,0,0.0,1,0,0.0,1
0.875,0.875,7,0.875,14,1.54446428625,12.35571429,1.54446428625,12.35571429,1.5796068796068796,125.3,1,7,1.2145569620253165,131.0,0.0,1.2994236311239193,1.4512849162011174,19,1.2932721712538227,1.3042389210019267,1.0,1.0,28.5,8,8,16,1.74,-10.46,10.8,1.4,1.1876220053238686,19,8,38,8,1,1,6,0,1,0,1,0,0,0.0,0,1,0.0,0
1.0,1.0,6,1.0,12,2.3888888883333332,14.33333333,2.3611111116666668,14.16666667,1.2830584707646178,103.5,1,6,1.1990645264164983,130.0,0.16666666000000063,1.2806596701649176,0.73904412557989,33,1.117896865520728,1.1229617418778761,1.0,1.0,37.0,6,6,12,-1.7,-18.099999999999998,12.7,3.7,1.1819062506030606,0,6,37,6,1,1,1,0,0,0,0,1,0,0.0,1,0,0.0,1
0.14285714285714285,0.14285714285714285,1,0.14285714285714285,2,1.0,10.0,0.7166666666666667,10.75,1.5717231848623365,114.8,1,1,1.1990645264164983,133.1,-0.75,1.204451156505842,0.73904412557989,28,1.3338955940090156,1.339986123959297,1.4285714285714286,2.142857142857143,38.0,15,10,14,0.79,-12.809999999999999,13.9,-0.3,1.1819062506030606,0,7,38,7,0,0,1,0,0,0,1,1,0,0.0,1,0,0.0,1
1.0,1.0,6,1.0,12,1.796875,14.375,1.71428571375,13.71428571,1.3761848805327068,161.2,1,6,1.251728743136964,164.0,0.6607142899999996,1.271562304971916,1.152445652173913,18,1.2647449755785092,1.1916457060725836,1.3333333333333333,1.3333333333333333,1.0,8,8,12,0.79,-12.809999999999999,13.9,-0.3,1.1758672525439406,0,6,1,6,0,0,3,0,1,0,0,0,0,0.0,0,1,0.16666666666666666,0
1.0,1.0,13,1.0,25,0.9881656807692308,12.84615385,0.9423076923076923,12.25,0.7509316770186336,132.5,1,12,1.1939285714285715,110.0,0.5961538500000003,1.148233215547703,0.9358381502890174,37,1.0831439393939393,1.0974803149606298,1.0,1.0833333333333333,37.0,13,13,25,-3.12,-11.719999999999999,9.4,-0.8,1.1876220053238686,0,13,37,12,0,0,1,0,0,0,1,1,1,0.6153846153846154,1,0,0.5833333333333334,1
0.8333333333333334,0.8333333333333334,5,0.8333333333333334,10,1.2666666666666666,11.4,1.375,11.0,1.0189981096408318,106.1,1,5,1.1973403408186016,105.0,0.40000000000000036,1.1663210702341136,1.4102055872516233,20,1.25372234935164,1.2799644037630307,1.5,1.3333333333333333,10.0,8,9,12,0.79,-12.809999999999999,13.9,-0.3,1.1584500394906667,18,6,19,6,0,0,4,0,1,0,0,0,0,0.0,0,1,0.0,0
0.0,0.0,0,0.0,0,0.0,0.0,0.0,0.0,0.8792181890706022,128.2,0,0,1.1990645264164983,140.0,0.0,1.189437963944857,0.73904412557989,30,1.2275607958732497,1.2050514162006132,0.0,0.0,10.0,0,0,12,-1.7,-18.099999999999998,12.7,3.7,1.1819062506030606,18,6,19,6,0,0,1,0,0,0,0,1,0,0.0,1,0,0.0,1
0.8571428571428571,0.8571428571428571,6,0.8571428571428571,12,1.1060606063636362,12.16666667,1.0,12.0,0.8310789049919485,115.8,1,6,1.1803307676305388,120.0,0.16666666999999968,0.6634202898550725,1.152445652173913,18,1.2647449755785092,1.1916457060725836,1.5714285714285714,1.7142857142857142,1.0,12,11,14,0.79,-12.809999999999999,13.9,-0.3,1.1758672525439406,0,7,1,7,0,0,2,0,1,0,0,0,0,0.0,0,0,0.0,0
0.8,0.6,3,1.0,8,1.4722222222222223,13.25,1.8,12.6,0.6201419698314108,122.7,1,5,1.2125797101449276,136.0,0.6500000000000004,1.1697181559973782,1.1509476031215162,18,1.2643147284489245,1.1505314009661836,1.8,1.4,1.5,7,9,10,0.79,-12.809999999999999,13.9,-0.3,1.1743905726499018,1,5,2,5,0,0,2,0,1,0,0,0,1,0.0,0,1,0.0,0
0.6666666666666666,0.6666666666666666,4,0.6666666666666666,8,1.875,11.25,1.28125,10.25,1.3746562616127835,119.3,1,4,1.1990645264164983,127.0,1.0,1.204451156505842,1.2130434782608694,25,1.117896865520728,1.1229617418778761,1.0,1.3333333333333333,37.0,8,6,12,-1.7,-18.099999999999998,12.7,3.7,1.1819062506030606,0,6,37,6,1,1,2,0,0,0,1,0,1,0.0,1,1,0.0,0
1.0,1.0,6,1.0,12,1.918367347142857,13.42857143,1.890625,15.125,1.1767016491754123,138.4,1,6,1.2013971665852468,137.0,-1.6964285700000001,1.2639209009952854,1.184466819221968,19,1.25372234935164,1.2767270531400965,1.1666666666666667,1.3333333333333333,19.5,8,7,12,2.02,-9.68,11.1,0.6,1.1584500394906667,37,6,38,6,0,0,3,0,1,0,0,0,1,0.0,0,0,0.0,0
0.8333333333333334,0.8333333333333334,5,0.8333333333333334,10,0.8923076923076922,11.6,1.018181818181818,11.2,1.49416149068323,117.2,1,5,1.225732834939996,121.0,0.40000000000000036,1.1803969095591578,1.2069998195922786,19,1.2643147284489245,1.2414858951680476,2.1666666666666665,1.8333333333333333,1.0,11,13,12,-4.06,-22.36,15.5,2.8,1.1743905726499018,0,6,1,6,0,0,3,0,1,0,0,0,0,0.0,0,0,0.0,0
0.0,0.0,0,0.0,0,0.0,0.0,0.0,0.0,1.0663372859025033,100.0,1,0,1.251728743136964,110.0,0.0,1.0307911617961512,0.7234823625922888,27,0.9073291925465838,1.146645195920558,0.0,0.0,7.5,0,0,0,-3.12,-11.719999999999999,9.4,-0.8,1.1758672525439406,9,0,12,0,0,0,1,0,0,0,0,1,1,0.0,1,1,0.0,1
0.8,0.8,4,0.8,8,2.95,14.75,2.75,13.75,1.1542253521126762,114.8,1,4,0.6161764705882353,130.0,1.0,0.744776119402985,0.9358381502890174,25,0.5958333333333333,0.515,1.0,1.0,34.0,5,5,10,0.32,-9.879999999999999,7.6,2.6,1.1876220053238686,0,5,34,5,0,0,1,0,0,0,1,0,1,0.0,1,0,0.0,1
0.6,0.6,3,0.6,6,1.8571428571428572,13.0,1.266666667,12.66666667,1.1776659038901602,132.1,1,3,1.2127443159154367,144.0,0.3333333300000003,1.1672994488671158,1.4334342940889107,19,1.2647449755785092,1.277410022972858,1.4,2.0,10.0,10,7,10,-1.7,-18.099999999999998,12.7,3.7,1.1758672525439406,18,5,19,5,1,1,2,0,1,0,0,0,0,0.0,0,1,0.0,0
0.0,0.0,0,0.0,0,0.0,0.0,0.0,0.0,1.5717231848623365,106.2,1,0,1.1990645264164983,130.0,0.0,1.2806596701649176,0.73904412557989,27,1.117896865520728,1.2921636019934695,2.0,2.0,28.0,14,14,14,2.02,-9.68,11.1,0.6,1.1819062506030606,18,7,37,7,0,0,1,0,0,0,0,1,0,0.0,1,1,0.0,1
0.9333333333333333,1.0,8,0.8571428571428571,14,1.71875,13.75,1.65625,13.25,1.5796068796068796,100.0,1,6,1.236,170.0,0.5,1.3345945945945945,0.9358381502890174,20,1.2662162162162163,1.0974803149606298,1.0,1.1428571428571428,28.0,8,8,15,0.79,-12.809999999999999,13.9,-0.3,1.1876220053238686,18,8,37,7,0,0,1,0,1,0,1,0,0,0.0,0,0,0.0,1
0.8,0.75,6,0.8571428571428571,12,1.0416666666666667,12.5,1.4259259255555556,12.83333333,1.5796068796068796,99.0,1,6,1.1939285714285715,133.1,-0.3333333300000003,1.148233215547703,1.4512849162011174,22,1.0831439393939393,1.0974803149606298,1.5,1.2857142857142858,37.0,9,12,15,-0.92,-17.42,16.2,0.3,1.1876220053238686,0,8,37,7,0,0,2,0,0,0,1,0,1,0.0,0,1,0.0,0
0.75,0.6666666666666666,4,0.8333333333333334,9,1.3272727272727272,14.6,1.8,14.4,0.8265111346765641,130.7,1,5,1.0673369565217392,137.0,0.1999999999999993,1.1782208343342142,1.4404225006140996,18,1.1267080745341616,1.2742242031788749,1.8333333333333333,1.3333333333333333,29.5,8,11,12,3.51,-6.790000000000001,8.9,1.4,1.1743905726499018,21,6,40,6,0,0,1,0,1,0,0,0,0,0.0,0,1,0.0,1
0.0,0.0,0,0.0,0,0.0,0.0,0.0,0.0,1.2359420289855074,128.2,0,0,0.5651100375738056,113.0,0.0,1.1968670076726344,1.0102538326212618,41,1.0901394585726005,1.1019750589821369,2.0,1.0,37.0,6,12,12,-3.12,-11.719999999999999,9.4,-0.8,1.1743905726499018,0,6,37,6,0,0,1,0,0,0,0,1,0,0.0,1,0,0.0,1
0.75,0.8333333333333334,5,0.6666666666666666,9,2.1666666666666665,13.0,1.8,14.4,1.1776659038901602,140.0,1,4,1.2127443159154367,140.0,-1.4000000000000004,1.0307911617961512,1.156304347826087,19,1.1213355347642635,1.146645195920558,1.0,1.3333333333333333,3.0,8,6,12,0.79,-12.809999999999999,13.9,-0.3,1.1758672525439406,0,6,3,6,0,0,1,0,1,0,0,0,0,0.0,0,1,0.0,1
1.0,1.0,6,1.0,12,2.25,13.5,2.1388888883333332,12.83333333,1.2768658451522903,139.1,1,6,1.1933908806863316,152.0,0.6666666699999997,1.1782208343342142,1.4404225006140996,19,1.2357226792009401,1.1019750589821369,1.0,1.0,37.5,6,6,12,-0.92,-17.42,16.2,0.3,1.1743905726499018,1,6,38,6,1,1,1,0,1,0,1,0,0,0.0,0,0,0.0,1
0.0,0.0,0,0.0,0,0.0,0.0,0.0,0.0,1.0288695652173914,137.1,1,0,1.1933908806863316,136.0,0.0,1.1803969095591578,1.4404225006140996,20,1.2643147284489245,1.0992070002734482,1.0,1.0,2.0,5,5,10,-1.7,-18.099999999999998,12.7,3.7,1.1743905726499018,2,5,3,5,0,0,1,0,1,0,0,0,1,0.0,0,0,0.0,1
0.875,0.875,7,0.875,14,1.80357142875,14.42857143,1.80357142875,14.42857143,1.5796068796068796,142.3,1,7,1.2783606557377047,165.0,0.0,1.196590909090909,1.4512849162011174,18,1.2662162162162163,1.0974803149606298,1.0,1.0,28.0,8,8,16,-1.7,-18.099999999999998,12.7,3.7,1.1876220053238686,18,8,37,8,1,1,1,0,1,0,1,0,0,0.0,0,0,0.0,1
0.9166666666666666,0.8333333333333334,5,1.0,11,1.55,12.4,1.52083333375,12.16666667,1.331363224637681,133.1,1,6,0.8123188405797102,153.0,0.23333333000000067,0.9310869565217391,1.184466819221968,19,0.5682898550724638,0.6546057479734708,1.3333333333333333,1.3333333333333333,34.0,8,8,12,-3.12,-11.719999999999999,9.4,-0.8,1.1584500394906667,0,6,34,6,1,0,3,0,1,1,1,0,0,0.0,0,1,0.0,0
0.3,0.4,2,0.2,3,1.1515151518181819,12.66666667,0.7857142857142857,11.0,0.7367809883877936,134.0,1,1,1.1973403408186016,120.0,1.6666666699999997,1.1622608695652175,0.7491078753076292,25,1.233967927278964,1.2179619565217392,2.2,2.8,10.0,14,11,10,-0.92,-17.42,16.2,0.3,1.1584500394906667,18,5,19,5,0,0,1,0,0,0,0,0,0,0.0,1,0,0.0,1
1.0,1.0,8,1.0,16,1.62640625,13.01125,1.62640625,13.01125,1.547589908749329,132.8,1,8,1.2125797101449276,150.0,0.0,1.1803969095591578,1.4404225006140996,18,1.2693138979643126,1.2742242031788749,1.0,1.0,19.0,8,8,16,-3.12,-11.719999999999999,9.4,-0.8,1.1743905726499018,0,8,19,8,1,1,3,0,1,0,1,0,0,0.0,0,1,0.0,0
0.6666666666666666,0.3333333333333333,2,1.0,8,1.0833333333333333,13.0,1.4074074077777778,12.66666667,1.1776659038901602,140.0,1,6,1.1803307676305388,140.0,0.3333333300000003,1.355244411692459,1.156304347826087,20,1.302210510906163,1.3335857352222766,2.0,1.5,38.0,9,12,12,0.79,-12.809999999999999,13.9,-0.3,1.1758672525439406,0,6,38,6,0,0,1,0,1,0,0,0,0,0.16666666666666666,0,0,0.3333333333333333,1
0.875,0.875,7,0.875,14,1.85071428625,14.80571429,1.85071428625,14.80571429,1.5796068796068796,140.0,1,7,1.2388505747126437,140.0,0.0,1.155188679245283,0.7888888888888889,25,1.0831439393939393,1.0974803149606298,1.0,1.0,37.0,8,8,16,1.74,-10.46,10.8,1.4,1.1876220053238686,0,8,37,8,0,0,1,0,0,0,1,0,0,0.0,1,0,0.0,1
0.5833333333333334,0.3333333333333333,2,0.8333333333333334,7,1.0,12.0,1.7428571428571427,12.2,1.0138998682476945,116.1,1,5,1.2542082169924211,122.0,-0.1999999999999993,0.9590062111801242,1.2130434782608694,19,1.2470369797307752,1.2050514162006132,2.0,1.1666666666666667,1.0,7,12,12,0.32,-9.879999999999999,7.6,2.6,1.1819062506030606,0,6,1,6,0,0,4,0,1,0,0,0,1,0.0,0,1,0.0,0
0.8,0.75,6,0.8571428571428571,12,1.4583333330000001,14.58333333,1.79375,14.35,1.543190537084399,140.0,1,6,1.1973403408186016,140.0,0.23333333000000067,1.1622608695652175,0.8167361524717094,33,1.25372234935164,1.2179619565217392,1.25,1.1428571428571428,1.0,8,10,15,-0.92,-17.42,16.2,0.3,1.1584500394906667,0,8,1,7,0,0,1,0,0,0,0,1,0,0.375,1,0,0.2857142857142857,1
0.8,0.8,4,0.8,8,1.225,12.25,1.625,13.0,1.0296727924697446,121.4,1,4,1.3066447908121412,160.0,-0.75,1.151400966183575,0.7234823625922888,26,1.302210510906163,1.3335857352222766,2.0,1.6,38.0,8,10,10,-0.92,-17.42,16.2,0.3,1.1758672525439406,0,5,38,5,1,1,1,0,0,0,0,1,0,0.0,1,0,0.0,1
0.0,0.0,0,0.0,0,0.0,0.0,0.0,0.0,1.0663372859025033,130.0,1,0,1.251728743136964,145.0,0.0,1.151400966183575,1.2294441386901487,23,1.0986103210077205,1.277410022972858,0.0,0.0,28.0,0,0,0,2.02,-9.68,11.1,0.6,1.1758672525439406,18,0,37,0,0,0,1,0,0,0,0,0,0,0.0,0,1,0.0,1
0.0,0.0,0,0.0,0,0.0,0.0,0.0,0.0,0.9622563718140928,106.0,1,0,1.154390451832907,110.0,0.0,1.2639209009952854,0.7491078753076292,36,1.0449937888198757,1.0880586922712827,0.0,0.0,37.0,0,0,0,0.32,-9.879999999999999,7.6,2.6,1.1584500394906667,0,0,37,0,0,0,1,0,0,0,1,1,1,0.0,1,1,0.0,1
1.0,1.0,6,1.0,12,1.2857142855555557,11.57142857,1.44642857125,11.57142857,1.3309782608695653,111.8,1,6,1.2521505376344086,109.0,0.0,1.2770334928229667,1.4512849162011174,25,1.2428571428571429,1.124342105263158,1.5,1.3333333333333333,2.5,8,9,12,-4.06,-22.36,15.5,2.8,1.1876220053238686,1,6,3,6,0,0,1,0,0,1,1,0,1,0.0,1,1,0.0,1
1.0,1.0,8,1.0,16,1.95421875,15.63375,1.95421875,15.63375,1.547589908749329,156.3,1,8,1.1933908806863316,156.0,0.0,1.1782208343342142,1.4404225006140996,18,1.2357226792009401,1.1019750589821369,1.0,1.0,37.5,8,8,16,-3.12,-11.719999999999999,9.4,-0.8,1.1743905726499018,1,8,38,8,1,1,1,0,1,0,1,0,1,0.0,0,0,0.0,1
0.5,0.6666666666666666,4,0.3333333333333333,6,1.05,10.5,1.1666666669999999,11.66666667,1.168944099378882,106.7,1,2,1.194817160955946,113.0,-1.1666666699999997,1.189437963944857,1.2130434782608694,20,1.2470369797307752,1.2050514162006132,1.6666666666666667,1.6666666666666667,1.0,10,10,12,-4.06,-22.36,15.5,2.8,1.1819062506030606,0,6,1,6,0,0,1,0,1,1,0,0,0,0.0,0,1,0.0,1
0.0,0.0,0,0.0,0,0.0,0.0,0.0,0.0,1.331363224637681,125.6,1,0,1.2239130434782608,128.0,0.0,1.2639209009952854,1.184466819221968,19,1.233967927278964,1.2767270531400965,0.0,1.0,28.5,6,0,12,3.51,-6.790000000000001,8.9,1.4,1.1584500394906667,19,6,38,6,0,0,1,0,1,0,0,0,1,0.0,0,1,0.0,1
0.0,0.0,0,0.0,0,0.0,0.0,0.0,0.0,0.9622563718140928,122.0,1,0,1.1973403408186016,130.0,0.0,1.245065950170982,1.4102055872516233,20,1.135144927536232,1.2767270531400965,0.0,0.0,33.5,0,0,0,0.32,-9.879999999999999,7.6,2.6,1.1584500394906667,9,0,38,0,0,0,1,0,1,0,0,0,1,0.0,0,1,0.0,1
0.8,0.8,4,0.8,8,1.6428571428571428,11.5,1.1,11.0,0.9177633108579399,112.0,1,4,1.1081088290210723,120.0,0.5,0.9459469417833456,1.184466819221968,20,1.1436586685910157,1.0820586694604504,1.4,2.0,3.0,10,7,10,-4.06,-22.36,15.5,2.8,1.1584500394906667,0,5,3,5,0,0,1,0,1,0,1,0,0,0.0,0,0,0.0,1
1.0,1.0,6,1.0,12,1.5625,12.5,1.9285714285714286,13.5,1.3309782608695653,135.1,1,6,1.2145569620253165,140.0,-1.0,1.196590909090909,1.4512849162011174,18,1.2662162162162163,1.3042389210019267,1.3333333333333333,1.1666666666666667,19.0,7,8,12,-3.12,-11.719999999999999,9.4,-0.8,1.1876220053238686,0,6,19,6,0,0,1,0,1,0,0,0,0,0.0,0,1,0.0,1
0.9285714285714286,1.0,7,0.8571428571428571,13,1.8571428571428572,13.0,1.0560606063636364,11.61666667,1.5568619113426172,100.0,1,6,1.1803307676305388,130.0,1.3833333299999993,1.197718162195498,0.9819806763285025,20,1.302210510906163,1.3335857352222766,1.0,1.5714285714285714,38.0,11,7,14,0.79,-12.809999999999999,13.9,-0.3,1.1758672525439406,0,7,38,7,0,0,1,0,1,0,0,0,0,0.0,0,0,0.0,1
0.0,0.0,0,0.0,0,0.0,0.0,0.0,0.0,0.9622563718140928,141.2,1,0,1.2013971665852468,137.0,0.0,1.245065950170982,1.4102055872516233,19,1.25372234935164,1.2767270531400965,0.0,0.0,19.5,0,0,0,2.02,-9.68,11.1,0.6,1.1584500394906667,37,0,38,0,0,0,4,0,1,0,0,0,1,0.0,0,1,0.0,0
1.0,1.0,6,1.0,12,1.8611111116666665,11.16666667,1.5178571425,12.14285714,1.0605978260869566,126.1,1,6,1.3066447908121412,131.0,-0.9761904700000006,1.1051039697542533,1.4334342940889107,18,1.2585507246376813,1.146645195920558,1.0,1.3333333333333333,3.5,8,6,12,3.51,-6.790000000000001,8.9,1.4,1.1758672525439406,1,6,4,6,0,0,2,0,1,0,0,0,0,0.0,0,1,0.0,0
0.5555555555555556,0.6,3,0.5,5,1.2962962966666667,11.66666667,0.9166666666666666,11.0,0.7812111801242235,130.0,0,2,1.2013971665852468,150.0,0.6666666699999997,1.123776517538332,0.7491078753076292,31,1.233967927278964,1.2799644037630307,1.8,3.0,19.0,12,9,9,-3.12,-11.719999999999999,9.4,-0.8,1.1584500394906667,0,5,19,4,0,0,1,0,0,0,1,1,1,0.0,1,0,0.0,1
1.0,1.0,6,1.0,12,2.1388888883333332,12.83333333,1.80952381,12.66666667,1.2840579710144928,124.9,1,6,1.194817160955946,135.0,0.16666666000000063,1.264619822790027,1.4304347826086956,20,1.2470369797307752,1.1278260869565218,1.0,1.1666666666666667,2.5,7,6,12,1.74,-10.46,10.8,1.4,1.1819062506030606,3,6,4,6,1,1,1,0,1,0,0,0,0,0.0,0,0,0.0,1
0.2,0.0,0,0.4,2,0.0,0.0,1.8571428571428572,13.0,0.7812111801242235,140.0,0,2,1.1081088290210723,140.0,-13.0,1.3025204788909892,0.8167361524717094,18,1.25701394585726,1.2767270531400965,1.0,1.4,20.0,7,5,10,-1.7,-18.099999999999998,12.7,3.7,1.1584500394906667,36,5,38,5,0,0,1,0,1,0,0,0,1,0.0,0,1,0.4,1
1.0,1.0,8,1.0,15,1.595061728888889,14.35555556,1.9563265300000001,13.69428571,1.543190537084399,137.8,1,7,1.2011857707509879,152.0,0.66126985,1.1622608695652175,1.4102055872516233,19,1.135144927536232,1.2799644037630307,1.125,1.0,30.0,7,9,15,2.02,-9.68,11.1,0.6,1.1584500394906667,22,8,41,7,0,0,1,0,1,0,0,0,0,0.0,0,0,0.0,1
0.0,0.0,0,0.0,0,0.0,0.0,0.0,0.0,0.6201419698314108,113.3,1,0,1.225732834939996,115.0,0.0,1.1968670076726344,1.2512585812356978,23,1.2693138979643126,1.1019750589821369,1.0,1.4,28.0,7,5,10,0.32,-9.879999999999999,7.6,2.6,1.1743905726499018,18,5,37,5,0,0,4,0,0,0,0,0,1,0.0,0,1,0.0,0
0.875,0.875,7,0.875,14,1.4253968255555556,12.82857143,1.4253968255555556,12.82857143,1.5796068796068796,132.3,1,7,1.2388505747126437,151.0,0.0,1.2770334928229667,1.4512849162011174,19,1.2868092691622104,1.2365750528541226,1.125,1.125,1.0,9,9,16,-1.7,-18.099999999999998,12.7,3.7,1.1876220053238686,0,8,1,8,0,0,1,0,1,0,0,0,1,0.0,0,0,0.0,1
0.0,0.0,0,0.0,0,0.0,0.0,0.0,0.0,1.0138998682476945,98.0,1,0,1.2542082169924211,133.1,0.0,1.1306197964847364,1.4304347826086956,26,1.4363171355498723,1.2921636019934695,2.0,1.0,11.5,6,12,12,1.74,-10.46,10.8,1.4,1.1819062506030606,15,6,19,6,0,0,1,0,0,0,0,1,1,0.0,1,0,0.0,1
0.8666666666666667,0.875,7,0.8571428571428571,13,1.377142857,13.77142857,1.71645833375,13.73166667,1.5568619113426172,121.8,1,6,1.251728743136964,126.0,0.03976190000000024,1.151400966183575,1.4334342940889107,19,0.9073291925465838,1.1281060708036075,1.25,1.1428571428571428,24.5,8,10,15,1.79,-11.11,12.4,0.5,1.1758672525439406,25,8,37,7,0,0,6,0,1,0,0,0,0,0.0,0,1,0.0,0
0.0,0.0,0,0.0,0,0.0,0.0,0.0,0.0,1.0288695652173914,135.1,1,0,1.1933908806863316,140.0,0.0,1.039782608695652,0.7313379542113002,61,1.0901394585726005,1.0992070002734482,0.0,0.0,20.0,0,0,10,-4.06,-22.36,15.5,2.8,1.1743905726499018,34,5,37,5,0,0,1,0,0,0,0,1,1,0.0,1,0,0.0,1
0.0,0.0,0,0.0,0,0.0,0.0,0.0,0.0,1.2768658451522903,148.7,0,0,0.5651100375738056,149.0,0.0,0.701041028781384,1.4404225006140996,20,1.2643147284489245,1.0992070002734482,2.0,1.0,2.0,4,8,8,1.74,-10.46,10.8,1.4,1.1743905726499018,2,4,3,4,0,0,3,0,1,0,1,0,1,0.0,0,0,0.0,0
0.5714285714285714,0.42857142857142855,3,0.7142857142857143,8,1.2878787881818181,14.16666667,1.262,12.62,1.5796068796068796,130.0,0,5,1.2388505747126437,130.0,1.5466666700000005,1.2795454545454545,0.7888888888888889,42,1.2662162162162163,1.3042389210019267,1.5714285714285714,1.4285714285714286,19.0,10,11,14,1.79,-11.11,12.4,0.5,1.1876220053238686,0,7,19,7,0,0,1,0,0,0,0,1,0,0.42857142857142855,1,0,0.2857142857142857,1
1.0,1.0,6,1.0,12,2.444444445,14.66666667,2.2222222216666667,13.33333333,1.2840579710144928,115.6,1,6,1.2542082169924211,125.0,1.3333333399999994,1.2806596701649176,1.2130434782608694,19,1.2470369797307752,1.2050514162006132,1.0,1.0,1.0,6,6,12,1.79,-11.11,12.4,0.5,1.1819062506030606,0,6,1,6,0,0,2,0,1,0,0,0,0,0.0,0,1,0.0,0
0.0,0.0,0,0.0,0,0.0,0.0,0.0,0.0,0.9982473879339401,167.3,1,0,1.2125797101449276,155.0,0.0,1.1559857057772485,1.3679347826086956,19,1.2643147284489245,1.0992070002734482,0.0,0.0,2.0,0,0,0,0.79,-12.809999999999999,13.9,-0.3,1.1743905726499018,2,0,3,0,0,0,1,0,1,0,0,0,1,0.0,0,1,0.0,1
0.5833333333333334,0.6666666666666666,4,0.5,7,0.7999999999999999,11.2,0.703125,11.25,1.0140521739130435,140.0,1,3,1.0651578320428827,140.0,-0.05000000000000071,1.151400966183575,1.156304347826087,25,1.2647449755785092,1.3335857352222766,2.3333333333333335,2.6666666666666665,19.5,16,14,12,-4.06,-22.36,15.5,2.8,1.1758672525439406,37,6,38,6,0,0,1,0,0,0,0,0,1,0.0,1,0,0.0,1
0.8,0.75,6,0.8571428571428571,12,1.0902777775,13.08333333,1.0688311690909091,11.75714286,1.5717231848623365,147.8,1,6,1.2550901378579005,160.0,1.3261904700000002,1.318361688720857,1.2130434782608694,20,1.3338955940090156,1.339986123959297,1.5,1.5714285714285714,38.0,11,12,15,-4.06,-22.36,15.5,2.8,1.1819062506030606,0,8,38,7,0,0,1,0,1,0,1,0,0,0.0,0,0,0.0,1
0.0,0.0,0,0.0,0,0.0,0.0,0.0,0.0,1.1606324110671935,100.5,1,0,1.1990645264164983,133.1,0.0,1.139830755763058,0.73904412557989,24,1.2470369797307752,1.2050514162006132,1.8571428571428572,2.5714285714285716,1.0,18,13,14,2.02,-9.68,11.1,0.6,1.1819062506030606,0,7,1,7,0,0,2,0,0,0,0,0,1,0.0,1,0,0.0,0
0.0,0.0,0,0.0,0,0.0,0.0,0.0,0.0,0.8011627906976745,128.2,0,0,0.8071428571428572,133.1,0.0,0.8348837209302326,0.748,30,0.94,1.0599999999999998,1.0,2.6,24.0,13,5,10,-3.12,-11.719999999999999,9.4,-0.8,1.1876220053238686,24,5,36,5,1,0,1,0,0,0,1,1,1,0.0,1,0,0.0,1
0.9166666666666666,0.8333333333333334,5,1.0,11,1.65,13.2,1.944444445,11.66666667,1.4763186934451555,127.6,1,6,1.1990645264164983,130.0,1.5333333299999996,1.204451156505842,1.2130434782608694,18,1.2275607958732497,1.2921636019934695,1.3333333333333333,1.0,19.0,6,8,12,2.02,-9.68,11.1,0.6,1.1819062506030606,0,6,19,6,0,0,2,0,1,0,1,0,0,0.0,0,1,0.0,0
0.0,0.0,0,0.0,0,0.0,0.0,0.0,0.0,1.3923076923076922,117.5,1,0,1.2783606557377047,139.3,0.0,1.196590909090909,0.748,28,1.2932721712538227,1.3434108527131783,0.0,0.0,38.0,0,0,12,1.79,-11.11,12.4,0.5,1.1876220053238686,0,6,38,6,0,0,1,0,0,0,1,1,1,0.0,1,0,0.0,1
0.0,0.0,0,0.0,0,0.0,0.0,0.0,0.0,1.0808549506759224,120.0,0,0,1.0242050616482803,133.1,0.0,1.1663210702341136,0.7491078753076292,24,1.25372234935164,1.2179619565217392,0.0,0.0,1.0,0,0,12,0.79,-12.809999999999999,13.9,-0.3,1.1584500394906667,0,6,1,6,0,0,1,0,0,0,0,0,1,0.0,1,0,0.0,1
0.8571428571428571,0.8571428571428571,6,0.8571428571428571,12,1.9357142857142857,13.55,1.9357142857142857,13.55,1.547589908749329,118.9,1,6,1.2125797101449276,118.9,0.0,1.1782208343342142,1.0102538326212618,19,1.2357226792009401,1.1019750589821369,1.0,1.0,37.5,7,7,14,0.32,-9.879999999999999,7.6,2.6,1.1743905726499018,1,7,38,7,1,1,4,0,1,0,0,0,0,0.0,0,1,0.0,0
0.8,0.8,4,0.8,8,1.03030303,11.33333333,0.9772727272727273,10.75,0.8455652173913043,132.9,1,4,1.2099177438307875,120.0,0.5833333300000003,1.204451156505842,0.73904412557989,32,1.2275607958732497,1.1229617418778761,2.2,2.2,28.0,11,11,10,0.79,-12.809999999999999,13.9,-0.3,1.1819062506030606,18,5,37,5,0,0,1,0,0,0,0,1,1,0.0,1,0,0.0,1
0.9166666666666666,1.0,6,0.8333333333333334,11,1.8809523814285714,13.16666667,1.675,13.4,0.8792181890706022,141.7,1,5,1.194817160955946,148.0,-0.23333333000000067,1.318361688720857,1.4304347826086956,18,1.2275607958732497,1.2921636019934695,1.1666666666666667,1.3333333333333333,19.0,8,7,12,-3.12,-11.719999999999999,9.4,-0.8,1.1819062506030606,0,6,19,6,1,1,1,0,1,0,0,0,0,0.0,0,0,0.0,1
0.8666666666666667,0.875,7,0.8571428571428571,13,1.6569444444444443,14.9125,1.71770833375,13.74166667,1.5717231848623365,127.5,1,6,1.2542082169924211,135.0,1.170833329999999,1.1306197964847364,1.1833540372670808,19,1.2470369797307752,1.339986123959297,1.125,1.1428571428571428,19.5,8,9,15,-0.92,-17.42,16.2,0.3,1.1819062506030606,37,8,38,7,1,1,1,0,1,0,0,0,0,0.0,0,1,0.0,1
0.9166666666666666,1.0,6,0.8333333333333334,11,2.1666666666666665,13.0,2.1,12.6,1.433108695652174,140.4,1,5,1.1973403408186016,154.0,0.40000000000000036,1.1624045504129656,1.4102055872516233,22,1.2919274890242176,1.0880586922712827,1.0,1.0,37.5,6,6,12,1.74,-10.46,10.8,1.4,1.1584500394906667,1,6,38,6,1,1,1,0,0,0,1,0,0,0.0,0,0,0.0,1
1.0,1.0,6,1.0,12,2.4166666666666665,14.5,2.2222222216666667,13.33333333,0.8310789049919485,122.5,1,6,1.251728743136964,134.0,1.1666666699999997,1.355244411692459,1.4334342940889107,19,1.0986103210077205,1.1281060708036075,1.0,1.0,37.0,6,6,12,1.74,-10.46,10.8,1.4,1.1758672525439406,0,6,37,6,1,1,4,0,1,0,0,0,0,0.0,0,0,0.0,0
1.0,1.0,6,1.0,12,1.80952381,12.66666667,1.8809523814285714,13.16666667,1.3309782608695653,129.5,1,6,1.2521505376344086,134.0,-0.5,1.2770334928229667,1.225164113785558,18,1.2428571428571429,1.2365750528541226,1.1666666666666667,1.1666666666666667,1.5,7,7,12,-0.92,-17.42,16.2,0.3,1.1876220053238686,1,6,2,6,0,0,3,0,1,0,1,0,1,0.0,0,1,0.0,0
0.7,0.8,4,0.6,7,1.5625,12.5,1.2222222222222223,11.0,0.8455652173913043,114.3,1,3,0.7685990338164251,160.0,1.5,0.8917391304347827,0.73904412557989,40,0.584463768115942,0.6530292230933714,1.6,1.8,34.0,9,8,10,0.32,-9.879999999999999,7.6,2.6,1.1819062506030606,0,5,34,5,0,0,1,0,0,0,1,1,1,0.0,1,0,0.0,1
0.0,0.0,0,0.0,0,0.0,0.0,0.0,0.0,1.2840579710144928,120.0,1,0,1.194817160955946,127.0,0.0,1.2806596701649176,1.2130434782608694,18,1.2275607958732497,1.2921636019934695,0.0,1.0,19.0,6,0,12,3.51,-6.790000000000001,8.9,1.4,1.1819062506030606,0,6,19,6,0,0,3,0,1,0,0,0,0,0.0,0,0,0.0,0
0.4166666666666667,0.0,0,0.8333333333333334,5,0.0,0.0,1.2857142855555557,11.57142857,0.7812111801242235,156.4,1,5,1.1973403408186016,133.1,-11.57142857,1.1663749294184076,0.7491078753076292,44,1.0449937888198757,1.0880586922712827,1.8333333333333333,1.5,37.0,9,11,12,0.79,-12.809999999999999,13.9,-0.3,1.1584500394906667,0,6,37,6,0,0,1,0,0,1,0,1,1,0.0,1,1,0.0,1
1.0,1.0,6,1.0,12,2.0277777783333333,12.16666667,1.7857142857142858,12.5,1.2840579710144928,133.5,0,6,1.194817160955946,138.0,-0.3333333300000003,1.318361688720857,1.2130434782608694,18,1.117896865520728,1.2921636019934695,1.0,1.1666666666666667,28.0,7,6,12,1.74,-10.46,10.8,1.4,1.1819062506030606,18,6,37,6,0,0,4,0,1,0,0,0,0,0.0,0,1,0.0,0
1.0,1.0,6,1.0,12,2.305555555,13.83333333,2.0277777783333333,12.16666667,1.2840579710144928,100.0,1,6,1.2542082169924211,100.0,1.6666666600000006,1.189437963944857,0.73904412557989,24,1.2470369797307752,1.2050514162006132,1.0,1.0,1.0,6,6,12,0.32,-9.879999999999999,7.6,2.6,1.1819062506030606,0,6,1,6,0,0,1,0,0,0,1,0,0,0.0,1,0,0.0,1
0.625,0.5555555555555556,5,0.7142857142857143,10,1.2222222222222223,11.0,1.6857142857142857,11.8,1.3761848805327068,106.0,1,5,1.2127443159154367,100.0,-0.8000000000000007,1.1051039697542533,1.156304347826087,21,1.2647449755785092,1.1916457060725836,1.0,1.0,1.0,7,9,16,1.79,-11.11,12.4,0.5,1.1758672525439406,0,9,1,7,0,0,1,0,0,0,1,0,1,0.5555555555555556,0,0,0.2857142857142857,1
1.0,1.0,5,1.0,10,2.6399999999999997,13.2,2.6,13.0,1.1542253521126762,133.3,1,5,1.2388505747126437,135.0,0.1999999999999993,1.2770334928229667,1.4512849162011174,19,1.2868092691622104,1.124342105263158,1.0,1.0,2.0,5,5,10,-3.12,-11.719999999999999,9.4,-0.8,1.1876220053238686,2,5,3,5,0,0,2,0,1,0,0,0,0,0.0,0,0,0.0,0
0.8333333333333334,0.8333333333333334,5,0.8333333333333334,10,1.375,11.0,1.58333333375,12.66666667,0.8310789049919485,123.7,1,5,1.2127443159154367,123.0,-1.6666666699999997,1.1672994488671158,1.152445652173913,19,1.2576025080438908,1.3335857352222766,1.3333333333333333,1.3333333333333333,28.5,8,8,12,-4.06,-22.36,15.5,2.8,1.1758672525439406,19,6,38,6,0,0,4,0,1,0,0,0,0,0.0,0,1,0.0,0
0.0,0.0,0,0.0,0,0.0,0.0,0.0,0.0,1.5796068796068796,129.3,1,0,1.106153846153846,137.0,0.0,1.2170068027210885,1.214864864864865,19,1.2662162162162163,1.2365750528541226,0.0,0.0,10.0,0,0,15,-3.12,-11.719999999999999,9.4,-0.8,1.1876220053238686,18,8,19,7,0,0,5,0,1,0,0,0,0,0.0,0,0,0.0,0
1.0,1.0,6,1.0,12,2.0277777783333333,12.16666667,1.80952381,12.66666667,1.2413610586011343,126.0,1,6,1.2127443159154367,134.0,-0.5,0.8819221967963387,1.2294441386901487,22,1.2647449755785092,1.277410022972858,1.0,1.1666666666666667,10.0,7,6,12,0.32,-9.879999999999999,7.6,2.6,1.1758672525439406,18,6,19,6,0,0,2,0,0,0,0,0,1,0.0,0,1,0.0,0
0.8571428571428571,0.9411764705882353,16,0.7777777777777778,30,0.7708333333333334,13.875,0.5559006213043478,12.78571429,0.880909090909091,133.7,1,14,1.2521505376344086,133.1,1.0892857100000004,0.9646551724137932,1.1977777777777778,28,1.2868092691622104,1.124342105263158,1.0588235294117647,1.2777777777777777,2.0,23,18,35,-0.92,-17.42,16.2,0.3,1.1876220053238686,2,17,3,18,0,0,1,0,0,0,0,1,0,0.9411764705882353,1,0,0.7777777777777778,1
0.4166666666666667,0.3333333333333333,2,0.5,5,0.8333333333333334,10.0,0.7833333333333333,11.75,1.0808549506759224,120.0,1,3,1.1973403408186016,120.0,-1.75,1.2639209009952854,1.2388849929873773,22,1.25372234935164,1.2799644037630307,2.0,2.5,10.0,15,12,12,0.79,-12.809999999999999,13.9,-0.3,1.1584500394906667,18,6,19,6,0,0,1,0,0,0,0,0,1,0.0,0,0,0.3333333333333333,1
1.0,1.0,8,1.0,15,1.6209876544444444,14.58888889,2.0693877557142857,14.48571429,1.5717231848623365,127.5,1,7,1.056521739130435,138.0,0.10317459999999912,0.9590062111801242,1.4304347826086956,18,1.100568702990277,1.052902889872429,1.125,1.0,3.0,7,9,15,-0.92,-17.42,16.2,0.3,1.1819062506030606,0,8,3,7,1,1,2,0,1,0,1,0,0,0.0,0,1,0.0,0
0.8333333333333334,0.8333333333333334,5,0.8333333333333334,10,1.3555555555555554,12.2,1.057142857,10.57142857,1.4763186934451555,117.1,1,5,1.2542082169924211,120.0,1.6285714299999992,1.204451156505842,1.2130434782608694,18,1.117896865520728,1.1229617418778761,1.5,1.6666666666666667,37.0,10,9,12,-1.7,-18.099999999999998,12.7,3.7,1.1819062506030606,0,6,37,6,1,1,1,0,1,0,0,0,0,0.0,0,1,0.0,1
0.8333333333333334,0.8333333333333334,5,0.8333333333333334,10,1.3518518522222223,12.16666667,1.2222222222222223,11.0,1.433108695652174,105.0,1,5,1.2011857707509879,106.0,1.1666666699999997,1.3025204788909892,1.4102055872516233,20,1.25372234935164,1.2179619565217392,1.5,1.5,1.0,9,9,12,2.02,-9.68,11.1,0.6,1.1584500394906667,0,6,1,6,0,0,1,0,1,0,1,0,1,0.0,0,0,0.0,1
0.8888888888888888,1.0,7,0.8181818181818182,16,2.1020408157142856,14.71428571,0.7076023389473685,13.44444444,1.2830584707646178,120.0,1,9,0.8377574370709383,120.0,1.2698412700000006,1.318361688720857,1.08159111933395,30,1.117896865520728,1.339986123959297,1.0,1.7272727272727273,37.5,19,7,18,0.32,-9.879999999999999,7.6,2.6,1.1819062506030606,1,7,38,11,0,0,1,0,0,0,0,1,0,0.7142857142857143,1,1,0.8181818181818182,1
1.0,1.0,8,1.0,15,1.81390625,14.51125,1.76875,14.15,1.5796068796068796,131.9,1,7,1.2388505747126437,148.0,0.36125000000000007,1.2994236311239193,1.225164113785558,18,1.1182648401826485,1.3042389210019267,1.0,1.1428571428571428,11.0,8,8,15,-4.06,-22.36,15.5,2.8,1.1876220053238686,16,8,19,7,1,1,4,0,1,0,0,0,0,0.0,0,1,0.0,0
0.5833333333333334,0.6666666666666666,4,0.5,7,1.3333333333333333,12.0,0.8615384615384615,11.2,1.433108695652174,103.5,1,3,1.154390451832907,107.0,0.8000000000000007,1.2639209009952854,1.4102055872516233,20,1.233967927278964,1.0880586922712827,1.5,2.1666666666666665,28.0,13,9,12,-0.92,-17.42,16.2,0.3,1.1584500394906667,18,6,37,6,0,0,1,0,1,0,1,0,0,0.0,0,1,0.0,1
0.6923076923076923,0.625,5,0.8,9,0.6222222222222222,11.2,1.7083333333333333,10.25,0.7509316770186336,130.0,1,4,1.1939285714285715,100.0,0.9499999999999993,1.155188679245283,0.9358381502890174,40,1.0831439393939393,1.3042389210019267,2.25,1.2,28.0,6,18,13,-4.06,-22.36,15.5,2.8,1.1876220053238686,18,8,37,5,0,0,1,0,0,0,0,1,1,0.375,1,0,0.2,1
1.0,1.0,6,1.0,12,1.2037037033333333,10.83333333,1.6190476185714286,11.33333333,1.0138998682476945,124.0,1,6,1.1990645264164983,131.0,-0.5,1.204451156505842,1.4304347826086956,18,1.3338955940090156,0.9881987577639751,1.5,1.1666666666666667,37.0,7,9,12,-3.12,-11.719999999999999,9.4,-0.8,1.1819062506030606,2,6,38,6,1,1,4,0,1,0,1,0,0,0.0,0,1,0.0,0
1.0,1.0,6,1.0,12,1.6199999999999999,16.2,2.3061224485714287,16.14285714,0.8792181890706022,140.0,1,6,1.2550901378579005,130.0,0.05714285999999902,1.264619822790027,0.73904412557989,34,1.117896865520728,1.2921636019934695,1.6666666666666667,1.1666666666666667,28.0,7,10,12,-3.12,-11.719999999999999,9.4,-0.8,1.1819062506030606,18,6,37,6,1,0,1,0,0,1,0,1,0,0.0,1,0,0.0,1
0.8666666666666667,0.875,7,0.8571428571428571,13,1.5079365077777778,13.57142857,1.965,13.755,1.5568619113426172,95.0,1,6,1.1803307676305388,133.1,-0.18357143000000065,1.151400966183575,1.4555900621118012,20,1.0986103210077205,1.1281060708036075,1.125,1.0,37.0,7,9,15,1.79,-11.11,12.4,0.5,1.1758672525439406,0,8,37,7,0,0,1,0,1,0,1,0,0,0.0,0,1,0.0,1
1.0,1.0,8,1.0,15,1.73828125,13.90625,1.9232653057142859,13.46285714,1.5796068796068796,126.4,1,7,1.2783606557377047,133.0,0.44339285999999944,1.2994236311239193,1.225164113785558,18,1.2932721712538227,1.0974803149606298,1.0,1.0,37.5,7,8,15,2.02,-9.68,11.1,0.6,1.1876220053238686,1,8,38,7,1,1,4,0,1,0,0,0,1,0.0,0,1,0.0,0
0.0,0.0,0,0.0,0,0.0,0.0,0.0,0.0,0.8011627906976745,120.0,0,0,1.2521505376344086,120.0,0.0,0.9646551724137932,0.9358381502890174,22,1.2428571428571429,1.124342105263158,1.5,0.0,2.5,0,6,10,1.74,-10.46,10.8,1.4,1.1876220053238686,1,4,3,6,0,0,1,0,0,0,0,0,1,0.0,0,1,0.0,1
0.25,0.0,0,0.5,3,0.0,0.0,1.1851851855555555,10.66666667,1.2292035398230086,113.2,0,3,1.2521505376344086,123.0,-10.66666667,1.2770334928229667,1.225164113785558,18,1.2662162162162163,1.0974803149606298,2.0,1.5,28.0,9,12,12,0.32,-9.879999999999999,7.6,2.6,1.1876220053238686,18,6,37,6,0,0,3,1,1,1,1,0,0,0.0,0,0,0.0,0
0.8333333333333334,0.6666666666666666,4,1.0,10,1.1363636363636365,12.5,1.0909090909090908,12.0,1.0588932806324112,117.8,1,6,1.1933908806863316,129.0,0.5,1.1803969095591578,1.4404225006140996,18,1.2357226792009401,1.2742242031788749,1.8333333333333333,1.8333333333333333,28.5,11,11,12,3.51,-6.790000000000001,8.9,1.4,1.1743905726499018,19,6,38,6,0,0,6,0,1,0,0,0,0,0.0,0,1,0.0,0
0.9,1.0,10,0.8,18,0.69886363625,11.18181818,0.6118421052631579,11.625,0.9895400126023945,118.5,1,8,1.1990645264164983,130.0,-0.4431818199999995,1.204451156505842,1.0228260869565218,23,0.584463768115942,1.1229617418778761,1.6,1.9,35.5,19,16,20,0.32,-9.879999999999999,7.6,2.6,1.1819062506030606,3,10,37,10,0,0,2,0,0,0,1,0,1,0.4,0,1,0.5,0
0.9285714285714286,0.8571428571428571,6,1.0,13,1.66666666625,13.33333333,1.7551020414285714,12.28571429,0.8792181890706022,116.6,0,7,1.2099177438307875,125.0,1.0476190400000007,1.264619822790027,1.2130434782608694,18,1.100568702990277,1.052902889872429,1.1428571428571428,1.0,3.0,7,8,14,3.51,-6.790000000000001,8.9,1.4,1.1819062506030606,0,7,3,7,1,0,1,0,1,0,1,0,0,0.0,0,1,0.0,1
0.9,0.8,4,1.0,9,1.8928571428571428,13.25,1.9142857142857144,13.4,1.0296727924697446,118.4,1,5,1.1803307676305388,148.0,-0.15000000000000036,1.201176855181432,1.1219620958751393,30,1.2647449755785092,1.277410022972858,1.4,1.4,10.0,7,7,10,3.51,-6.790000000000001,8.9,1.4,1.1758672525439406,18,5,19,5,0,0,1,0,0,0,0,1,1,0.0,1,1,0.0,1
0.1,0.0,0,0.2,1,0.0,0.0,1.0,10.0,0.683695652173913,123.0,1,1,1.2388505747126437,130.0,-10.0,0.9646551724137932,1.225164113785558,18,1.2868092691622104,1.124342105263158,1.4,2.0,2.0,10,7,10,-3.12,-11.719999999999999,9.4,-0.8,1.1876220053238686,2,5,3,5,0,0,1,0,1,0,0,0,1,0.0,0,0,0.0,1
0.8333333333333334,0.8333333333333334,5,0.8333333333333334,10,1.4074074077777778,12.66666667,1.45833333375,11.66666667,1.4763186934451555,118.9,1,5,1.1990645264164983,121.0,1.0,1.2806596701649176,1.4304347826086956,19,1.2470369797307752,1.2050514162006132,1.5,1.3333333333333333,1.0,8,9,12,1.79,-11.11,12.4,0.5,1.1819062506030606,0,6,1,6,1,1,1,0,1,0,0,0,0,0.0,0,1,0.0,1
0.875,0.875,7,0.875,14,1.0380952383333333,12.45714286,1.0380952383333333,12.45714286,1.5796068796068796,130.0,1,7,1.1939285714285715,130.0,0.0,1.2994236311239193,0.748,27,1.0831439393939393,1.0974803149606298,1.5,1.5,37.0,12,12,16,-1.7,-18.099999999999998,12.7,3.7,1.1876220053238686,0,8,37,8,0,0,1,0,0,0,0,1,0,0.375,1,0,0.375,1
0.7857142857142857,0.8571428571428571,6,0.7142857142857143,11,1.6,12.8,1.194,11.94,1.5717231848623365,126.2,1,5,1.2550901378579005,126.0,0.8600000000000012,1.318361688720857,1.2130434782608694,18,1.117896865520728,1.1229617418778761,1.1428571428571428,1.4285714285714286,37.0,10,8,14,2.02,-9.68,11.1,0.6,1.1819062506030606,0,7,37,7,1,1,2,0,1,0,1,0,0,0.0,0,1,0.0,0
0.6,0.6,3,0.6,6,1.625,13.0,1.1481481477777777,10.33333333,1.1621118012422362,128.8,1,3,1.2242311770943797,141.0,2.6666666699999997,1.1803969095591578,1.2512585812356978,19,1.2643147284489245,1.2742242031788749,1.6,1.8,10.0,9,8,10,0.32,-9.879999999999999,7.6,2.6,1.1743905726499018,18,5,19,5,0,0,3,0,1,0,0,0,0,0.0,0,1,0.0,0
0.8,0.8,4,0.8,8,1.425,14.25,0.9642857142857143,13.5,0.8265111346765641,122.5,0,4,1.1933908806863316,126.0,0.75,1.1782208343342142,1.4404225006140996,25,1.2693138979643126,1.2414858951680476,2.0,2.8,10.0,14,10,10,-3.12,-11.719999999999999,9.4,-0.8,1.1743905726499018,18,5,19,5,0,0,1,0,0,0,1,0,0,0.0,1,1,0.0,1
0.5,0.6,3,0.4,5,0.9,10.8,0.8846153846153846,11.5,0.7509316770186336,133.2,0,2,1.2783606557377047,133.1,-0.6999999999999993,1.3345945945945945,0.748,43,1.0831439393939393,1.0974803149606298,2.4,2.6,37.0,13,12,10,0.79,-12.809999999999999,13.9,-0.3,1.1876220053238686,0,5,37,5,0,0,1,0,0,0,0,1,1,0.0,1,0,0.0,1
0.75,0.6666666666666666,4,0.8333333333333334,9,1.22,12.2,1.8285714285714287,12.8,1.3096192836224372,139.4,1,5,1.1803307676305388,138.0,-0.6000000000000014,1.151400966183575,1.4334342940889107,18,1.2576025080438908,1.277410022972858,1.6666666666666667,1.1666666666666667,19.0,7,10,12,1.74,-10.46,10.8,1.4,1.1758672525439406,0,6,19,6,0,0,5,0,1,0,1,0,0,0.0,0,1,0.0,0
0.8,0.6,3,1.0,8,1.5,12.0,1.457142857142857,10.2,0.640366132723112,130.2,1,5,1.194817160955946,126.0,1.8000000000000007,1.1306197964847364,1.4304347826086956,19,1.3338955940090156,1.2921636019934695,1.6,1.4,28.5,7,8,10,1.74,-10.46,10.8,1.4,1.1819062506030606,19,5,38,5,0,0,1,0,1,0,1,0,1,0.0,0,0,0.0,1
0.8333333333333334,1.0,6,0.6666666666666666,10,2.3888888883333332,14.33333333,2.0833333333333335,12.5,1.2359420289855074,100.0,1,4,1.1933908806863316,117.0,1.8333333300000003,1.1782208343342142,1.0102538326212618,27,1.0901394585726005,1.1019750589821369,1.0,1.0,37.0,6,6,12,0.79,-12.809999999999999,13.9,-0.3,1.1743905726499018,0,6,37,6,0,0,1,0,0,0,1,1,0,0.0,1,0,0.0,1
1.0,1.0,6,1.0,12,2.0,12.0,2.1388888883333332,12.83333333,1.545408163265306,121.6,1,6,1.1939285714285715,130.0,-0.8333333300000003,1.196590909090909,1.4512849162011174,18,1.2932721712538227,1.3042389210019267,1.0,1.0,28.5,6,6,12,1.79,-11.11,12.4,0.5,1.1876220053238686,19,6,38,6,0,0,1,0,1,0,0,0,0,0.0,0,0,0.0,1
1.0,1.0,5,1.0,10,2.7600000000000002,13.8,2.433333333333333,14.6,1.2130202278539874,121.3,1,5,1.1990645264164983,130.0,-0.7999999999999989,1.204451156505842,1.4304347826086956,19,1.2470369797307752,1.2921636019934695,1.0,1.2,10.0,6,5,10,1.74,-10.46,10.8,1.4,1.1819062506030606,18,5,19,5,1,1,3,0,1,0,1,0,0,0.0,0,1,0.0,0
0.5,0.2,1,0.8,5,2.0,16.0,1.4285714285714286,10.0,0.683695652173913,148.5,1,4,1.1939285714285715,146.0,6.0,1.148233215547703,1.4512849162011174,18,1.0831439393939393,1.0974803149606298,1.6,1.4,37.0,7,8,10,1.74,-10.46,10.8,1.4,1.1876220053238686,0,5,37,5,0,0,1,0,1,0,1,0,1,0.0,0,1,0.0,1
1.0,1.0,8,1.0,16,1.6684375,13.3475,1.6684375,13.3475,1.5796068796068796,141.8,1,8,1.0786585365853658,145.0,0.0,1.2770334928229667,1.225164113785558,19,1.1182648401826485,1.124342105263158,1.0,1.0,3.0,8,8,16,-3.12,-11.719999999999999,9.4,-0.8,1.1876220053238686,0,8,3,8,0,0,1,0,1,0,0,0,0,0.0,0,0,0.0,1
0.875,0.875,7,0.875,14,1.5803571425,12.64285714,1.5803571425,12.64285714,1.5568619113426172,128.3,1,7,1.3066447908121412,131.0,0.0,1.1051039697542533,1.4334342940889107,18,1.302210510906163,1.1916457060725836,1.0,1.0,19.5,8,8,16,-1.7,-18.099999999999998,12.7,3.7,1.1758672525439406,37,8,38,8,1,1,2,0,1,0,0,0,0,0.0,0,1,0.0,0
0.0,0.0,0,0.0,0,0.0,0.0,0.0,0.0,1.0605978260869566,135.0,1,0,1.2127443159154367,143.0,0.0,1.201176855181432,1.2294441386901487,20,1.2647449755785092,1.277410022972858,0.0,0.0,10.0,0,0,12,2.02,-9.68,11.1,0.6,1.1758672525439406,18,6,19,6,0,0,2,0,1,0,0,0,0,0.0,0,0,0.0,0
0.8125,0.7777777777777778,7,0.8571428571428571,13,1.314285714,13.14285714,1.7857142857142858,12.5,1.3723199468967806,120.0,1,6,1.3003910743041178,120.0,0.6428571400000003,1.1782208343342142,1.1581913043478262,20,1.1418478260869565,1.3033971014492753,1.1111111111111112,1.0,20.5,7,10,16,-0.92,-17.42,16.2,0.3,1.1743905726499018,35,9,38,7,0,0,1,0,1,0,0,0,1,0.5555555555555556,0,0,0.2857142857142857,1
0.0,0.0,0,0.0,0,0.0,0.0,0.0,0.0,0.7509316770186336,137.2,0,0,1.2145569620253165,133.1,0.0,1.148233215547703,0.748,32,1.2662162162162163,1.0974803149606298,1.2,1.0,28.0,5,6,10,1.74,-10.46,10.8,1.4,1.1876220053238686,18,5,37,5,0,0,1,1,0,1,0,1,0,0.0,1,0,0.0,1
0.7,0.8,4,0.6,7,1.4027777777777777,12.625,1.5,12.0,1.0296727924697446,122.6,1,3,1.1803307676305388,132.0,0.625,1.151400966183575,1.4555900621118012,20,1.0986103210077205,1.1281060708036075,1.8,1.6,37.0,8,9,10,1.74,-10.46,10.8,1.4,1.1758672525439406,0,5,37,5,1,1,2,0,1,0,1,0,0,0.0,0,1,0.0,0
0.0,0.0,0,0.0,0,0.0,0.0,0.0,0.0,1.1776659038901602,137.3,1,0,0.8501863354037267,125.0,0.0,0.8821256038647343,1.4334342940889107,18,1.0986103210077205,1.277410022972858,0.0,0.0,28.0,0,0,12,0.32,-9.879999999999999,7.6,2.6,1.1758672525439406,18,6,37,6,0,0,2,0,1,0,1,0,1,0.0,0,0,0.0,0
0.0,0.0,0,0.0,0,0.0,0.0,0.0,0.0,1.3096192836224372,157.0,0,0,1.251728743136964,130.0,0.0,1.197718162195498,1.4334342940889107,18,1.2576025080438908,1.277410022972858,0.0,0.0,19.0,0,0,12,0.79,-12.809999999999999,13.9,-0.3,1.1758672525439406,0,6,19,6,0,0,3,0,1,0,1,0,0,0.0,0,1,0.0,0
0.9166666666666666,0.8333333333333334,5,1.0,11,1.8571428571428572,13.0,2.0833333333333335,12.5,1.3096192836224372,116.1,1,6,1.1803307676305388,115.0,0.5,1.1051039697542533,1.4334342940889107,19,1.302210510906163,1.1916457060725836,1.1666666666666667,1.0,19.5,6,7,12,1.79,-11.11,12.4,0.5,1.1758672525439406,37,6,38,6,0,0,3,0,1,0,0,0,1,0.0,0,1,0.0,0
1.0,1.0,6,1.0,12,1.9795918371428571,13.85714286,1.78125,14.25,1.168944099378882,130.5,1,6,1.1990645264164983,141.0,-0.39285714000000027,1.204451156505842,1.4304347826086956,19,1.2275607958732497,1.339986123959297,1.1666666666666667,1.3333333333333333,28.5,8,7,12,2.02,-9.68,11.1,0.6,1.1819062506030606,19,6,38,6,0,0,1,0,1,0,1,0,1,0.0,0,0,0.0,1
0.875,0.875,7,0.875,14,1.7303571425,13.84285714,1.7303571425,13.84285714,1.5568619113426172,120.0,1,7,1.1803307676305388,133.1,0.0,1.151400966183575,0.7234823625922888,34,1.2647449755785092,1.277410022972858,1.0,1.0,10.0,8,8,16,-1.7,-18.099999999999998,12.7,3.7,1.1758672525439406,18,8,19,8,1,1,1,0,0,0,1,1,1,0.0,1,0,0.0,1
1.0,1.0,5,1.0,10,1.8979591842857142,13.28571429,2.0285714285714285,14.2,0.9895400126023945,112.6,1,5,1.2099177438307875,121.0,-0.9142857099999997,1.204451156505842,1.4304347826086956,20,1.2275607958732497,1.2921636019934695,1.4,1.4,19.0,7,7,10,2.02,-9.68,11.1,0.6,1.1819062506030606,0,5,19,5,1,1,1,0,1,0,0,0,0,0.0,0,1,0.0,1
0.0,0.0,0,0.0,0,0.0,0.0,0.0,0.0,0.6712665406427221,120.4,0,0,1.251728743136964,127.0,0.0,1.197718162195498,1.2294441386901487,18,1.2576025080438908,1.277410022972858,1.6,2.4,19.0,12,8,10,-3.12,-11.719999999999999,9.4,-0.8,1.1758672525439406,0,5,19,5,0,0,4,1,1,1,1,0,1,0.0,0,1,0.0,0
0.9166666666666666,1.0,6,0.8333333333333334,11,2.0,12.0,1.55,12.4,1.4763186934451555,99.3,1,5,1.2550901378579005,100.0,-0.40000000000000036,1.318361688720857,1.4304347826086956,21,1.3338955940090156,1.2050514162006132,1.0,1.3333333333333333,19.5,8,6,12,1.79,-11.11,12.4,0.5,1.1819062506030606,37,6,38,6,0,0,2,0,0,0,1,0,0,0.0,0,1,0.0,0
0.9166666666666666,0.8333333333333334,5,1.0,11,1.1515151518181819,12.66666667,1.342857143,13.42857143,1.1776659038901602,124.3,1,6,1.2127443159154367,132.0,-0.7619047600000002,1.197718162195498,1.4334342940889107,20,1.2647449755785092,1.1698757763975156,1.8333333333333333,1.6666666666666667,6.5,10,11,12,0.79,-12.809999999999999,13.9,-0.3,1.1758672525439406,11,6,12,6,0,0,1,0,1,0,0,0,0,0.0,0,0,0.0,1
1.0,1.0,6,1.0,12,1.6666666666666667,15.0,1.77083333375,14.16666667,1.0808549506759224,160.0,1,6,1.1973403408186016,160.0,0.8333333300000003,1.123776517538332,1.2388849929873773,43,1.0449937888198757,1.2767270531400965,1.5,1.3333333333333333,37.5,8,9,12,-4.06,-22.36,15.5,2.8,1.1584500394906667,1,6,38,6,0,0,1,0,0,0,0,1,0,0.0,1,0,0.0,1
0.6428571428571429,0.7142857142857143,5,0.5714285714285714,9,1.9285714285714286,13.5,1.1145833333333333,13.375,1.5796068796068796,121.4,1,4,1.2783606557377047,133.1,0.125,1.2795454545454545,0.748,28,1.2662162162162163,1.3042389210019267,1.0,1.7142857142857142,19.0,12,7,14,0.79,-12.809999999999999,13.9,-0.3,1.1876220053238686,0,7,19,7,0,0,1,0,0,1,0,1,0,0.0,1,0,0.0,1
0.7857142857142857,0.6923076923076923,9,0.8666666666666667,22,0.8717948715384616,11.33333333,0.7058823529411765,12.0,0.8409172126265634,118.1,1,13,1.225732834939996,120.0,-0.6666666699999997,1.1559857057772485,0.9677345537757437,28,1.2643147284489245,1.1881642512077295,1.0,1.1333333333333333,2.5,17,13,28,3.51,-6.790000000000001,8.9,1.4,1.1743905726499018,3,13,4,15,0,0,1,0,0,0,0,1,1,0.6923076923076923,1,0,0.8666666666666667,1
0.6,0.8,4,0.4,6,2.0,12.0,1.4285714285714286,10.0,0.9895400126023945,132.1,1,2,1.1990645264164983,151.0,2.0,1.2806596701649176,1.4304347826086956,34,1.3338955940090156,1.1229617418778761,1.2,1.4,37.5,7,6,10,0.32,-9.879999999999999,7.6,2.6,1.1819062506030606,1,5,38,5,0,0,1,0,0,0,0,1,0,0.0,1,1,0.0,1
1.0,1.0,6,1.0,12,1.67857142875,13.42857143,1.859375,14.875,1.1065804935370154,149.5,1,6,1.1933908806863316,146.0,-1.4464285700000001,1.2021125030704987,1.4404225006140996,17,1.2643147284489245,1.2414858951680476,1.3333333333333333,1.3333333333333333,1.0,8,8,12,2.02,-9.68,11.1,0.6,1.1743905726499018,0,6,1,6,1,1,1,0,1,0,0,0,1,0.0,0,1,0.0,1
0.5833333333333334,0.3333333333333333,2,0.8333333333333334,7,0.84375,13.5,1.488888888888889,13.4,1.0138998682476945,133.2,1,5,1.1224184782608695,143.0,0.09999999999999964,1.1004459308807135,1.4304347826086956,19,1.2366956521739132,1.1229617418778761,2.6666666666666665,1.5,19.5,9,16,12,1.74,-10.46,10.8,1.4,1.1819062506030606,35,6,37,6,0,0,1,0,1,0,1,0,0,0.0,0,1,0.0,1
0.5833333333333334,0.6666666666666666,4,0.5,7,1.0129870127272727,11.14285714,2.1111111116666668,12.66666667,1.168944099378882,119.1,1,3,1.194817160955946,132.0,-1.5238095299999994,1.189437963944857,1.2130434782608694,18,1.2275607958732497,1.2050514162006132,1.8333333333333333,1.0,10.0,6,11,12,1.74,-10.46,10.8,1.4,1.1819062506030606,18,6,19,6,0,0,1,0,1,1,0,0,1,0.0,0,0,0.0,1
1.0,1.0,5,1.0,10,2.2666666666666666,13.6,1.9047619042857142,13.33333333,1.0138095238095237,123.0,1,5,1.2521505376344086,130.0,0.26666666999999933,1.2770334928229667,1.4512849162011174,18,1.2868092691622104,1.3042389210019267,1.2,1.4,10.0,7,6,10,-1.7,-18.099999999999998,12.7,3.7,1.1876220053238686,18,5,19,5,1,1,1,0,1,0,1,0,0,0.0,0,0,0.0,1
1.0,1.0,6,1.0,12,2.305555555,13.83333333,2.194444445,13.16666667,1.3096192836224372,124.0,1,6,1.1803307676305388,138.0,0.6666666600000006,1.151400966183575,1.2294441386901487,19,1.2647449755785092,1.277410022972858,1.0,1.0,10.0,6,6,12,2.02,-9.68,11.1,0.6,1.1758672525439406,18,6,19,6,1,1,1,0,1,0,1,0,0,0.0,0,0,0.0,1
0.8,0.8,4,0.8,8,1.175,11.75,1.08,10.8,1.0138095238095237,111.3,1,4,1.2145569620253165,120.0,0.9499999999999993,1.2994236311239193,1.4512849162011174,18,1.2868092691622104,1.3042389210019267,2.0,2.0,10.0,10,10,10,-4.06,-22.36,15.5,2.8,1.1876220053238686,18,5,19,5,1,1,1,0,1,0,1,0,1,0.0,0,0,0.0,1
0.9166666666666666,1.0,6,0.8333333333333334,11,1.9166666666666667,11.5,1.525,12.2,1.3923076923076922,116.3,1,5,1.1939285714285715,124.0,-0.6999999999999993,1.2770334928229667,1.4512849162011174,20,1.0831439393939393,1.3042389210019267,1.0,1.3333333333333333,28.0,8,6,12,-0.92,-17.42,16.2,0.3,1.1876220053238686,18,6,37,6,0,0,1,0,1,0,0,0,0,0.0,0,1,0.0,1
0.4166666666666667,0.0,0,0.8333333333333334,5,0.0,0.0,2.1999999999999997,13.2,1.2768658451522903,120.7,1,5,1.1933908806863316,127.0,-13.2,1.2816864295125163,1.4404225006140996,20,1.2693138979643126,1.1019750589821369,1.1666666666666667,1.0,28.0,6,7,12,-4.06,-22.36,15.5,2.8,1.1743905726499018,18,6,37,6,0,0,1,0,1,0,0,0,0,0.0,0,1,0.0,1
0.5714285714285714,0.42857142857142855,3,0.7142857142857143,8,1.6666666671428572,11.66666667,1.7142857142857142,12.0,1.2021517302573204,142.5,0,5,1.2239130434782608,110.0,-0.3333333300000003,1.1663210702341136,0.7491078753076292,37,1.0478260869565217,1.2179619565217392,1.0,1.0,20.5,7,7,14,3.51,-6.790000000000001,8.9,1.4,1.1584500394906667,39,7,40,7,0,0,1,1,0,1,0,1,1,0.42857142857142855,1,0,0.7142857142857143,1
0.16666666666666666,0.0,0,0.3333333333333333,2,0.0,0.0,0.8,12.0,1.331363224637681,130.8,1,2,1.2013971665852468,150.0,-12.0,1.1622608695652175,1.184466819221968,20,1.25372234935164,1.2179619565217392,2.0,2.5,1.0,15,12,12,1.74,-10.46,10.8,1.4,1.1584500394906667,0,6,1,6,0,0,2,0,1,0,0,0,1,0.0,0,0,0.0,0
0.5833333333333334,0.5,3,0.6666666666666666,7,0.7111111113333333,10.66666667,1.2,12.0,1.3096192836224372,141.0,0,4,1.2821204371076491,128.0,-1.3333333300000003,0.6634202898550725,1.4334342940889107,20,0.4900869565217391,1.277410022972858,2.5,1.6666666666666667,26.5,10,15,12,0.32,-9.879999999999999,7.6,2.6,1.1758672525439406,15,6,34,6,0,0,2,0,1,0,0,0,0,0.0,0,1,0.0,0
0.9,0.8,4,1.0,9,1.65625,13.25,1.0714285716666667,12.85714286,1.1776659038901602,128.4,1,5,1.0813995369179317,134.0,0.39285714000000027,1.355244411692459,1.4334342940889107,18,1.2647449755785092,1.1916457060725836,1.6,2.4,1.0,12,8,10,-3.12,-11.719999999999999,9.4,-0.8,1.1758672525439406,0,5,1,5,1,1,1,0,1,0,0,0,0,0.0,0,1,0.0,1
1.0,1.0,6,1.0,12,2.0833333333333335,12.5,1.918367347142857,13.42857143,1.2840579710144928,139.9,1,6,1.1990645264164983,142.0,-0.9285714299999999,1.204451156505842,1.2130434782608694,18,1.2275607958732497,1.2921636019934695,1.0,1.1666666666666667,19.0,7,6,12,0.79,-12.809999999999999,13.9,-0.3,1.1819062506030606,0,6,19,6,1,1,2,0,1,0,1,0,0,0.0,0,0,0.0,0
0.2,0.0,0,0.4,2,0.0,0.0,1.0454545454545454,11.5,1.0288695652173914,117.8,1,2,1.2242311770943797,130.0,-11.5,1.1782208343342142,1.4404225006140996,19,1.0901394585726005,1.3033971014492753,2.0,2.2,37.5,11,10,10,-1.7,-18.099999999999998,12.7,3.7,1.1743905726499018,1,5,38,5,1,0,2,0,1,1,0,0,0,0.0,0,0,0.0,0
1.0,1.0,7,1.0,14,1.8367346942857143,12.85714286,1.7346938771428573,12.14285714,0.901159420289855,112.3,1,7,1.2011857707509879,113.0,0.7142857199999995,1.2639209009952854,1.4102055872516233,20,1.2919274890242176,1.2767270531400965,1.0,1.0,38.0,7,7,14,2.02,-9.68,11.1,0.6,1.1584500394906667,0,7,38,7,1,1,1,0,1,0,0,0,0,0.0,0,0,0.0,1
0.0,0.0,0,0.0,0,0.0,0.0,0.0,0.0,0.9982473879339401,138.0,0,0,1.225732834939996,132.0,0.0,1.1803969095591578,1.4404225006140996,19,1.2643147284489245,1.2742242031788749,0.0,0.0,10.0,0,0,0,-4.06,-22.36,15.5,2.8,1.1743905726499018,18,0,19,0,0,0,4,1,1,1,0,0,1,0.0,0,1,0.0,0
0.9166666666666666,0.8333333333333334,5,1.0,11,1.475,11.8,1.8367346942857143,12.85714286,1.0138998682476945,126.5,1,6,1.1990645264164983,138.0,-1.057142859999999,1.204451156505842,1.4304347826086956,20,1.2470369797307752,1.2050514162006132,1.3333333333333333,1.1666666666666667,1.0,7,8,12,3.51,-6.790000000000001,8.9,1.4,1.3512422360248448,0,6,1,6,1,1,1,0,1,0,1,0,0,0.0,0,1,0.0,1
0.9166666666666666,0.8333333333333334,5,1.0,11,1.4666666666666666,13.2,1.8809523814285714,13.16666667,1.168944099378882,122.0,1,6,1.2099177438307875,123.0,0.033333329999999606,1.264619822790027,1.2130434782608694,19,1.117896865520728,1.339986123959297,1.5,1.1666666666666667,37.5,7,9,12,3.51,-6.790000000000001,8.9,1.4,1.1819062506030606,1,6,38,6,0,0,1,0,1,1,1,0,1,0.0,0,0,0.0,1
0.0,0.0,0,0.0,0,0.0,0.0,0.0,0.0,0.9622563718140928,127.0,1,0,0.6219486642221058,116.0,0.0,0.772524154589372,0.7491078753076292,38,0.5682898550724638,0.6546057479734708,0.0,0.0,34.0,0,0,0,0.32,-9.879999999999999,7.6,2.6,1.1584500394906667,0,0,34,0,0,0,1,0,0,0,1,1,1,0.0,1,1,0.0,1
0.875,0.875,7,0.875,14,1.7575,14.06,1.7575,14.06,1.543190537084399,132.3,1,7,1.1973403408186016,145.0,0.0,1.1624045504129656,1.4102055872516233,19,1.233967927278964,1.0880586922712827,1.0,1.0,28.0,8,8,16,1.74,-10.46,10.8,1.4,1.1584500394906667,18,8,37,8,1,1,6,0,1,0,1,0,0,0.0,0,1,0.0,0
1.0,1.0,6,1.0,12,2.0833333333333335,12.5,2.0277777783333333,12.16666667,1.3309782608695653,144.8,1,6,1.0786585365853658,143.0,0.3333333300000003,1.196590909090909,1.4512849162011174,19,1.1182648401826485,1.124342105263158,1.0,1.0,3.0,6,6,12,-0.92,-17.42,16.2,0.3,1.1876220053238686,0,6,3,6,0,0,1,0,1,0,0,0,0,0.0,0,0,0.0,1
0.8,0.6,3,1.0,8,1.41666666625,11.33333333,2.0,12.0,1.0635714285714286,125.5,1,5,1.2388505747126437,120.0,-0.6666666699999997,1.155188679245283,1.225164113785558,18,1.2662162162162163,1.3042389210019267,1.6,1.2,19.0,6,8,10,-1.7,-18.099999999999998,12.7,3.7,1.1876220053238686,0,5,19,5,0,0,1,0,1,0,1,0,1,0.0,0,0,0.0,1
1.0,1.0,6,1.0,12,1.35,13.5,1.918367347142857,13.42857143,1.2768658451522903,146.5,1,6,1.225732834939996,160.0,0.07142857000000014,1.3083536883243772,1.4404225006140996,18,1.2643147284489245,1.3033971014492753,1.6666666666666667,1.1666666666666667,19.5,7,10,12,0.79,-12.809999999999999,13.9,-0.3,1.1743905726499018,37,6,38,6,1,1,1,0,1,0,0,0,0,0.0,0,0,0.0,1
1.0,1.0,5,1.0,10,3.0,15.0,2.68,13.4,0.9177633108579399,137.0,1,5,1.2013971665852468,151.0,1.5999999999999996,1.2639209009952854,1.4102055872516233,18,1.25372234935164,1.2767270531400965,1.0,1.0,19.5,5,5,10,3.51,-6.790000000000001,8.9,1.4,1.1584500394906667,37,5,38,5,0,0,1,0,1,0,0,0,1,0.0,0,1,0.0,1
1.0,1.0,6,1.0,12,1.9375,15.5,2.6388888883333332,15.83333333,1.0663865546218485,180.0,1,6,1.2388505747126437,180.0,-0.3333333300000003,0.9646551724137932,1.2134920634920636,21,1.2868092691622104,1.124342105263158,1.3333333333333333,1.0,2.0,6,8,12,-4.06,-22.36,15.5,2.8,1.1876220053238686,2,6,3,6,0,0,1,0,0,0,0,0,0,0.0,0,0,0.0,1
1.0,1.0,5,1.0,10,2.0952380957142855,14.66666667,1.7666666666666666,10.6,0.7509316770186336,155.5,0,5,1.2145569620253165,133.1,4.06666667,1.196590909090909,0.748,39,1.2662162162162163,1.0974803149606298,1.4,1.2,28.0,6,7,10,1.74,-10.46,10.8,1.4,1.1876220053238686,18,5,37,5,0,0,1,1,0,1,0,1,1,0.0,1,1,0.0,1
1.0,1.0,7,1.0,14,2.0122448985714287,14.08571429,2.0122448985714287,14.08571429,1.543190537084399,126.0,1,7,1.1973403408186016,110.0,0.0,1.1624045504129656,0.7491078753076292,27,1.25372234935164,1.0880586922712827,1.0,1.0,19.0,7,7,14,0.32,-9.879999999999999,7.6,2.6,1.1584500394906667,36,7,37,7,0,0,1,0,0,0,1,1,1,0.0,1,1,0.0,1
0.875,0.875,7,0.875,14,1.2606493509090908,13.86714286,1.2606493509090908,13.86714286,1.547589908749329,119.8,1,7,1.0673369565217392,124.0,0.0,1.0542490118577075,1.2069998195922786,19,1.1418478260869565,1.3033971014492753,1.375,1.375,20.5,11,11,16,1.74,-10.46,10.8,1.4,1.1743905726499018,35,8,38,8,0,0,5,0,1,0,0,0,1,0.0,0,0,0.0,0
1.0,1.0,6,1.0,12,2.0277777783333333,12.16666667,2.0277777783333333,12.16666667,1.0189981096408318,107.4,1,6,1.154390451832907,113.0,0.0,1.2639209009952854,1.184466819221968,19,1.2919274890242176,1.2799644037630307,1.0,1.0,28.5,6,6,12,1.79,-11.11,12.4,0.5,1.1584500394906667,19,6,38,6,1,1,4,0,1,0,1,0,0,0.0,0,1,0.0,0
0.9166666666666666,1.0,6,0.8333333333333334,11,1.45833333375,11.66666667,1.185714286,11.85714286,1.4763186934451555,113.4,1,5,1.1990645264164983,120.0,-0.19047619000000005,1.1306197964847364,1.2130434782608694,20,1.117896865520728,1.2050514162006132,1.3333333333333333,1.6666666666666667,19.0,10,8,12,-1.7,-18.099999999999998,12.7,3.7,1.1819062506030606,36,6,37,6,1,1,1,0,1,0,0,0,0,0.0,0,1,0.0,1
1.0,1.0,6,1.0,12,2.3888888883333332,14.33333333,2.25,13.5,1.0605978260869566,116.1,1,6,1.1803307676305388,115.0,0.8333333300000003,1.151400966183575,1.183768115942029,19,1.1213355347642635,1.1916457060725836,1.0,1.0,2.0,6,6,12,1.79,-11.11,12.4,0.5,1.1463768115942028,2,6,3,6,0,0,1,0,1,0,1,0,0,0.0,0,1,0.0,1
0.0,0.0,0,0.0,0,0.0,0.0,0.0,0.0,1.0632,154.8,1,0,1.1939285714285715,150.0,0.0,1.148233215547703,1.2134920634920636,21,1.2662162162162163,1.2365750528541226,0.0,0.0,10.0,0,0,0,1.79,-11.11,12.4,0.5,1.1876220053238686,18,0,19,0,0,0,1,0,0,0,1,0,1,0.0,0,1,0.0,1
0.8,0.8,4,0.8,8,1.425,11.4,1.5,12.0,0.9177633108579399,123.7,1,4,1.1973403408186016,139.0,-0.5999999999999996,1.1624045504129656,1.3193236714975844,22,1.2919274890242176,1.0880586922712827,1.6,1.6,37.5,8,8,10,-0.92,-17.42,16.2,0.3,1.1584500394906667,1,5,38,5,1,1,2,0,0,0,1,0,0,0.0,0,1,0.0,0
0.875,0.875,7,0.875,14,1.8171428575,14.53714286,1.8171428575,14.53714286,1.5568619113426172,132.8,1,7,1.2127443159154367,148.0,0.0,1.197718162195498,1.4334342940889107,18,1.1213355347642635,1.1916457060725836,1.0,1.0,2.0,8,8,16,1.74,-10.46,10.8,1.4,1.1758672525439406,2,8,3,8,0,0,1,0,1,0,0,0,0,0.0,0,0,0.0,1
0.8571428571428571,0.8571428571428571,6,0.8571428571428571,12,1.47916666625,11.83333333,1.47916666625,11.83333333,1.543190537084399,120.0,1,6,1.2011857707509879,136.0,0.0,1.3025204788909892,1.4102055872516233,18,1.25701394585726,1.0345050878815911,1.1428571428571428,1.1428571428571428,2.0,8,8,14,0.32,-9.879999999999999,7.6,2.6,1.1584500394906667,0,7,2,7,0,0,1,0,1,0,1,0,1,0.0,0,1,0.0,1
0.875,0.875,7,0.875,14,1.61428571375,12.91428571,1.61428571375,12.91428571,1.5796068796068796,126.5,1,7,1.1939285714285715,149.0,0.0,1.148233215547703,1.4512849162011174,18,1.2662162162162163,1.3434108527131783,1.0,1.0,28.5,8,8,16,-1.7,-18.099999999999998,12.7,3.7,1.1876220053238686,19,8,38,8,0,0,2,0,1,0,1,0,0,0.0,0,1,0.0,0
1.0,1.0,8,1.0,15,1.6086419755555557,14.47777778,1.9642857142857142,13.75,1.5717231848623365,120.3,1,7,1.2550901378579005,132.0,0.7277777800000003,1.318361688720857,1.4304347826086956,18,1.117896865520728,1.1229617418778761,1.125,1.0,37.0,7,9,15,1.79,-11.11,12.4,0.5,1.1819062506030606,0,8,37,7,1,1,5,0,1,0,1,0,0,0.0,0,1,0.0,0
1.0,1.0,6,1.0,12,2.1111111116666668,12.66666667,2.305555555,13.83333333,1.331363224637681,141.7,1,6,1.1973403408186016,148.0,-1.1666666600000006,1.1624045504129656,1.4102055872516233,18,1.25372234935164,1.2799644037630307,1.0,1.0,10.0,6,6,12,1.74,-10.46,10.8,1.4,1.1584500394906667,18,6,19,6,0,0,2,0,1,0,1,0,0,0.0,0,0,0.0,0
0.5833333333333334,0.3333333333333333,2,0.8333333333333334,7,1.133333333,11.33333333,1.3333333333333333,12.0,1.3761848805327068,135.6,1,5,1.2821204371076491,130.0,-0.6666666699999997,1.201176855181432,1.4334342940889107,19,1.302210510906163,1.1281060708036075,1.6666666666666667,1.5,37.5,9,10,12,3.51,-6.790000000000001,8.9,1.4,1.1758672525439406,1,6,38,6,1,1,1,0,1,0,0,0,0,0.0,0,1,0.0,1
0.75,0.5,3,1.0,9,0.7037037038888889,12.66666667,1.75,14.0,1.2067357512953367,126.2,1,6,1.19,122.0,-1.3333333300000003,1.19,1.4512849162011174,19,1.2868092691622104,1.2365750528541226,3.0,1.3333333333333333,1.0,8,18,12,1.79,-11.11,12.4,0.5,1.1876220053238686,0,6,1,6,0,0,2,0,1,0,0,0,0,0.0,0,0,0.0,0
0.6,0.6,3,0.6,6,1.1666666669999999,11.66666667,0.9722222225,11.66666667,0.9895400126023945,116.9,1,3,1.2542082169924211,126.0,0.0,1.318361688720857,1.2130434782608694,19,1.117896865520728,1.1229617418778761,2.0,2.4,37.0,12,10,10,-1.7,-18.099999999999998,12.7,3.7,1.1819062506030606,0,5,37,5,1,1,1,0,1,0,0,0,1,0.0,0,0,0.0,1
1.0,1.0,6,1.0,12,2.75,16.5,2.18367347,15.28571429,1.2840579710144928,161.5,1,6,1.1224184782608695,130.0,1.2142857100000004,1.264619822790027,0.73904412557989,36,1.2470369797307752,1.2921636019934695,1.0,1.1666666666666667,10.0,7,6,12,1.74,-10.46,10.8,1.4,1.1819062506030606,18,6,19,6,0,0,1,0,0,0,0,1,1,0.0,1,0,0.0,1
1.0,1.0,6,1.0,12,1.984375,15.875,2.2857142857142856,16.0,1.2021517302573204,133.4,1,6,1.1973403408186016,143.0,-0.125,1.1624045504129656,1.4102055872516233,19,1.233967927278964,1.2767270531400965,1.3333333333333333,1.1666666666666667,28.5,7,8,12,1.79,-11.11,12.4,0.5,1.1584500394906667,19,6,38,6,0,0,1,0,1,0,1,0,0,0.0,0,1,0.0,1
0.8571428571428571,0.8571428571428571,6,0.8571428571428571,12,1.802380952857143,12.61666667,1.0999999999999999,12.1,1.543190537084399,114.5,1,6,1.1973403408186016,133.1,0.5166666700000011,1.1663749294184076,0.9867874396135266,23,1.2919274890242176,1.2799644037630307,1.0,1.5714285714285714,28.5,11,7,14,-0.92,-17.42,16.2,0.3,1.1584500394906667,19,7,38,7,0,0,1,0,0,0,0,0,0,0.0,0,0,0.0,1
1.0,1.0,6,1.0,12,1.133333333,11.33333333,1.6666666671428572,11.66666667,1.4912388027091983,125.2,1,6,1.2127443159154367,136.0,-0.33333333999999937,1.271562304971916,1.4334342940889107,20,1.2576025080438908,1.1916457060725836,1.6666666666666667,1.1666666666666667,10.0,7,10,12,0.32,-9.879999999999999,7.6,2.6,1.1758672525439406,18,6,19,6,0,0,1,0,1,0,0,0,0,0.0,0,1,0.0,1
0.5,0.3333333333333333,2,0.6666666666666666,6,0.6666666666666666,10.0,1.0625,12.75,1.1776659038901602,154.6,0,4,1.1803307676305388,140.0,-2.75,1.151400966183575,0.7234823625922888,44,1.0986103210077205,1.1281060708036075,2.5,2.0,37.0,12,15,12,3.51,-6.790000000000001,8.9,1.4,1.1758672525439406,0,6,37,6,1,0,1,0,0,0,1,1,0,0.0,1,0,0.0,1
0.6,0.4,2,0.8,6,1.0909090909090908,12.0,0.666666666875,10.66666667,1.0296727924697446,118.7,1,4,1.0813995369179317,125.0,1.3333333300000003,1.1672994488671158,1.2294441386901487,18,1.1213355347642635,1.3335857352222766,2.2,3.2,20.5,16,11,10,0.79,-12.809999999999999,13.9,-0.3,1.1758672525439406,35,5,38,5,0,0,3,0,1,0,0,0,0,0.0,0,1,0.0,0
0.875,0.9166666666666666,11,0.8333333333333334,21,0.8701298700000001,12.18181818,0.635,12.7,1.0140521739130435,128.5,1,10,1.1803307676305388,130.0,-0.5181818199999988,1.201176855181432,1.2983277591973243,21,1.2647449755785092,1.3335857352222766,1.1666666666666667,1.6666666666666667,19.5,20,14,24,3.51,-6.790000000000001,8.9,1.4,1.1758672525439406,37,12,38,12,0,0,1,0,0,0,0,0,1,0.4166666666666667,0,0,0.5833333333333334,1
0.75,0.75,6,0.75,12,1.2269696972727273,13.49666667,1.2269696972727273,13.49666667,1.543190537084399,138.0,1,6,1.1973403408186016,149.0,0.0,1.1624045504129656,1.4102055872516233,18,1.0449937888198757,1.0880586922712827,1.375,1.375,37.0,11,11,16,-3.12,-11.719999999999999,9.4,-0.8,1.1584500394906667,0,8,37,8,0,0,1,0,1,0,1,0,1,0.0,0,0,0.0,1
0.5,0.6,3,0.4,5,1.3030303027272727,14.33333333,1.2777777777777777,11.5,0.8455652173913043,134.1,1,2,1.2542082169924211,154.0,2.8333333300000003,1.1306197964847364,1.2130434782608694,24,1.3338955940090156,1.339986123959297,2.2,1.8,38.0,9,11,10,0.32,-9.879999999999999,7.6,2.6,1.1819062506030606,0,5,38,5,0,0,1,0,0,0,0,0,0,0.0,1,0,0.0,1
0.25,0.0,0,0.5,3,0.0,0.0,0.9600000000000001,14.4,1.0663865546218485,110.0,1,3,1.2388505747126437,133.1,-14.4,1.2994236311239193,0.748,31,1.2868092691622104,1.0974803149606298,3.3333333333333335,2.5,19.0,15,20,12,-0.92,-17.42,16.2,0.3,1.1876220053238686,36,6,37,6,0,0,1,0,0,0,0,1,1,0.0,1,0,0.0,1
1.0,1.0,8,1.0,16,1.775,14.2,1.775,14.2,1.547589908749329,126.8,1,8,1.225732834939996,141.0,0.0,1.2816864295125163,1.1509476031215162,20,1.2643147284489245,1.2414858951680476,1.0,1.0,1.0,8,8,16,-3.12,-11.719999999999999,9.4,-0.8,1.1478260869565218,0,8,1,8,1,1,2,0,1,0,0,0,0,0.0,0,1,0.0,0
0.9166666666666666,0.8333333333333334,5,1.0,11,1.9428571428571428,13.6,2.1111111116666668,12.66666667,1.331363224637681,125.2,1,6,1.1973403408186016,128.0,0.93333333,1.1663749294184076,1.184466819221968,18,1.2919274890242176,1.2799644037630307,1.1666666666666667,1.0,28.5,6,7,12,1.79,-11.11,12.4,0.5,1.1584500394906667,19,6,38,6,0,0,1,0,1,0,0,0,1,0.0,0,1,0.0,1
1.0,1.0,6,1.0,12,1.3,13.0,1.3375,13.375,1.0067868504772004,160.0,0,6,1.056521739130435,160.0,-0.375,1.183961352657005,1.1124779073877695,20,1.100568702990277,1.2050514162006132,1.6666666666666667,1.6666666666666667,2.0,10,10,12,-0.92,-17.42,16.2,0.3,1.1819062506030606,2,6,3,6,0,0,1,0,1,0,0,0,0,0.0,0,1,0.0,1
0.8333333333333334,0.8333333333333334,5,0.8333333333333334,10,1.35,10.8,1.2666666666666666,11.4,1.545408163265306,133.6,1,5,1.1939285714285715,143.0,-0.5999999999999996,1.148233215547703,1.4512849162011174,18,1.2932721712538227,0.515,1.3333333333333333,1.5,36.0,9,8,12,-3.12,-11.719999999999999,9.4,-0.8,1.1876220053238686,4,6,38,6,0,0,1,0,1,0,1,0,0,0.0,0,1,0.0,1
0.9,1.0,5,0.8,9,1.1666666666666667,10.5,1.5625,12.5,0.9177633108579399,115.5,0,4,1.1973403408186016,120.0,-2.0,1.1624045504129656,1.184466819221968,19,1.0449937888198757,1.2767270531400965,1.8,1.6,37.5,8,9,10,3.51,-6.790000000000001,8.9,1.4,1.1584500394906667,1,5,38,5,0,0,6,1,1,1,1,0,1,0.0,0,1,0.0,0
1.0,1.0,8,1.0,15,1.1375,12.5125,1.1477272727272727,12.625,1.095283714075166,122.8,1,7,1.1973403408186016,140.0,-0.11250000000000071,1.1624045504129656,1.0364130434782608,19,1.2919274890242176,1.0880586922712827,1.375,1.5714285714285714,37.5,11,11,15,-1.7,-18.099999999999998,12.7,3.7,1.1584500394906667,1,8,38,7,1,1,1,0,1,0,1,0,0,0.0,0,0,0.0,1
0.0,0.0,0,0.0,0,0.0,0.0,0.0,0.0,0.9622563718140928,121.6,1,0,1.1973403408186016,144.0,0.0,1.123776517538332,0.9867874396135266,22,1.233967927278964,1.2799644037630307,0.0,0.0,19.0,0,0,0,0.79,-12.809999999999999,13.9,-0.3,1.1584500394906667,0,0,19,0,0,0,1,0,0,0,0,0,1,0.0,0,0,0.0,1
0.5,0.3333333333333333,2,0.6666666666666666,6,0.8846153846153846,11.5,0.8461538461538461,11.0,1.49416149068323,111.4,0,4,1.3003910743041178,111.0,0.5,1.2816864295125163,1.2069998195922786,19,1.2693138979643126,1.3033971014492753,2.1666666666666665,2.1666666666666665,28.5,13,13,12,-1.7,-18.099999999999998,12.7,3.7,1.1743905726499018,19,6,38,6,0,0,1,0,1,0,1,0,0,0.0,0,1,0.0,1
0.7,0.8,4,0.6,7,2.25,11.25,1.6190476185714286,11.33333333,1.1767016491754123,116.5,1,3,1.2239130434782608,121.0,-0.08333333000000032,1.1624045504129656,1.4102055872516233,23,1.0449937888198757,1.0880586922712827,1.0,1.4,37.0,7,5,10,0.32,-9.879999999999999,7.6,2.6,1.1584500394906667,0,5,37,5,0,0,1,0,0,0,0,0,0,0.0,0,1,0.0,1
0.9,0.8,4,1.0,9,2.25,11.25,2.2399999999999998,11.2,1.1767016491754123,100.0,0,5,1.0242050616482803,133.1,0.05000000000000071,1.1622608695652175,0.7491078753076292,25,1.25372234935164,1.2799644037630307,1.0,1.0,10.0,5,5,10,-3.12,-11.719999999999999,9.4,-0.8,1.1584500394906667,18,5,19,5,0,0,1,1,0,1,0,0,0,0.0,1,1,0.0,1
0.875,0.875,7,0.875,14,1.66428571375,13.31428571,1.66428571375,13.31428571,1.5568619113426172,126.0,1,7,1.251728743136964,140.0,0.0,1.355244411692459,1.152445652173913,18,1.0986103210077205,1.3335857352222766,1.0,1.0,37.5,8,8,16,-1.7,-18.099999999999998,12.7,3.7,1.1758672525439406,1,8,38,8,0,0,1,0,1,0,0,0,0,0.0,0,1,0.0,1
0.8518518518518519,0.8461538461538461,11,0.8571428571428571,23,0.8701298700000001,12.18181818,0.728205128,10.92307692,1.0632,148.4,1,12,1.2388505747126437,147.0,1.2587412600000008,1.155188679245283,1.4512849162011174,20,1.2868092691622104,1.275,1.0769230769230769,1.0714285714285714,6.5,15,14,27,2.02,-9.68,11.1,0.6,1.1876220053238686,11,13,12,14,1,1,1,0,1,0,1,0,1,0.5384615384615384,0,1,0.5714285714285714,1
0.875,0.875,7,0.875,14,1.675,13.4,1.675,13.4,1.5717231848623365,143.0,1,7,1.1990645264164983,157.0,0.0,1.204451156505842,1.4304347826086956,18,1.117896865520728,1.1229617418778761,1.0,1.0,37.0,8,8,16,-1.7,-18.099999999999998,12.7,3.7,1.1819062506030606,0,8,37,8,0,0,1,0,1,0,1,0,1,0.0,0,0,0.0,1
0.75,0.6666666666666666,4,0.8333333333333334,9,0.631578947368421,12.0,0.9076923076923078,11.8,1.2130202278539874,130.0,1,5,1.2542082169924211,130.0,0.1999999999999993,1.264619822790027,1.1124779073877695,20,1.2470369797307752,1.2050514162006132,3.1666666666666665,2.1666666666666665,1.0,13,19,12,1.79,-11.11,12.4,0.5,1.1819062506030606,0,6,1,6,0,0,1,0,1,0,0,0,0,0.0,0,1,0.0,1
0.9166666666666666,1.0,6,0.8333333333333334,11,1.6428571428571428,11.5,1.525,12.2,1.433108695652174,133.1,1,5,1.154390451832907,132.0,-0.6999999999999993,1.2639209009952854,1.184466819221968,19,1.2919274890242176,1.2179619565217392,1.1666666666666667,1.3333333333333333,19.5,8,7,12,-3.12,-11.719999999999999,9.4,-0.8,1.1584500394906667,37,6,38,6,1,1,2,0,1,0,1,0,0,0.0,0,1,0.0,0
1.0,1.0,6,1.0,12,2.1388888883333332,12.83333333,2.0238095242857144,14.16666667,1.2768658451522903,135.2,1,6,1.225732834939996,146.0,-1.3333333399999994,1.0542490118577075,1.4404225006140996,18,1.2643147284489245,1.0992070002734482,1.0,1.1666666666666667,2.0,7,6,12,-3.12,-11.719999999999999,9.4,-0.8,1.1743905726499018,2,6,3,6,0,0,1,0,1,0,0,0,1,0.0,0,1,0.0,1
1.0,1.0,8,1.0,16,1.76921875,14.15375,1.76921875,14.15375,1.543190537084399,130.3,1,8,1.1973403408186016,139.0,0.0,1.3025204788909892,1.4102055872516233,18,1.25372234935164,1.2799644037630307,1.0,1.0,10.0,8,8,16,-3.12,-11.719999999999999,9.4,-0.8,1.1584500394906667,18,8,19,8,1,1,3,0,1,0,0,0,0,0.0,0,1,0.0,0
0.8333333333333334,1.0,6,0.6666666666666666,10,1.8888888883333335,11.33333333,1.125,11.25,1.2768658451522903,117.5,1,4,1.1933908806863316,133.1,0.08333333000000032,1.0542490118577075,0.7313379542113002,39,1.0901394585726005,1.1019750589821369,1.0,1.6666666666666667,37.0,10,6,12,1.74,-10.46,10.8,1.4,1.1743905726499018,0,6,37,6,0,0,1,0,0,0,0,1,0,0.0,1,0,0.0,1
0.8333333333333334,0.6666666666666666,4,1.0,10,1.625,13.0,1.271428571,12.71428571,1.1542253521126762,129.9,1,6,1.2145569620253165,132.0,0.2857142899999996,1.196590909090909,1.4512849162011174,20,1.2868092691622104,1.3042389210019267,1.3333333333333333,1.6666666666666667,10.0,10,8,12,1.79,-11.11,12.4,0.5,1.1876220053238686,18,6,19,6,0,0,1,0,1,0,0,0,1,0.0,0,1,0.0,1
0.0,0.0,0,0.0,0,0.0,0.0,0.0,0.0,1.2359420289855074,113.5,1,0,1.442391304347826,130.0,0.0,1.1803969095591578,0.7313379542113002,36,1.0901394585726005,1.1019750589821369,0.0,0.0,37.0,0,0,12,-3.12,-11.719999999999999,9.4,-0.8,1.1743905726499018,0,6,37,6,0,0,1,0,0,0,0,1,0,0.0,1,1,0.0,1
1.0,1.0,6,1.0,12,1.45833333375,11.66666667,1.2962962966666667,11.66666667,1.4763186934451555,116.0,1,6,1.3841209829867676,123.0,0.0,1.2180602006688963,1.2130434782608694,18,1.2275607958732497,1.2921636019934695,1.3333333333333333,1.5,19.0,9,8,12,3.51,-6.790000000000001,8.9,1.4,1.1819062506030606,0,6,19,6,1,1,4,0,1,0,0,0,0,0.0,0,1,0.0,0
1.0,1.0,6,1.0,12,1.5555555555555556,14.0,1.6805555555555556,15.125,0.8011627906976745,120.4,1,6,1.2388505747126437,127.0,-1.125,1.155188679245283,1.4512849162011174,18,1.2868092691622104,1.2365750528541226,1.5,1.5,1.0,9,9,12,0.79,-12.809999999999999,13.9,-0.3,1.1876220053238686,0,6,1,6,0,0,1,0,1,0,1,0,0,0.0,0,1,0.0,1
1.0,1.0,5,1.0,10,1.9714285714285715,13.8,2.0285714285714285,14.2,1.2130202278539874,134.3,1,5,1.1990645264164983,135.0,-0.3999999999999986,1.1004459308807135,1.4304347826086956,19,1.2470369797307752,1.061625708884688,1.4,1.4,1.5,7,7,10,-1.7,-18.099999999999998,12.7,3.7,1.1819062506030606,1,5,2,5,0,0,1,0,1,0,0,0,0,0.0,0,1,0.0,1
1.0,1.0,6,1.0,12,2.1666666666666665,13.0,2.5,15.0,1.331363224637681,134.2,1,6,1.2013971665852468,138.0,-2.0,1.1624045504129656,1.3193236714975844,20,1.0449937888198757,1.2767270531400965,1.0,1.0,37.5,6,6,12,2.02,-9.68,11.1,0.6,1.1584500394906667,1,6,38,6,1,1,3,0,1,0,0,0,0,0.0,0,1,0.0,0
1.0,1.0,6,1.0,12,2.3611111116666668,14.16666667,2.5277777783333333,15.16666667,1.3923076923076922,158.3,1,6,1.2145569620253165,167.0,-1.0,1.2770334928229667,1.4512849162011174,18,1.2868092691622104,1.2365750528541226,1.0,1.0,1.0,6,6,12,-4.06,-22.36,15.5,2.8,1.1876220053238686,0,6,1,6,0,0,4,0,1,0,0,0,0,0.0,0,1,0.0,0
0.9,0.8,4,1.0,9,1.875,15.0,1.5,12.0,1.1776659038901602,113.9,1,5,1.3066447908121412,124.0,3.0,1.355244411692459,1.2294441386901487,20,1.2576025080438908,1.3335857352222766,1.6,1.6,28.5,8,8,10,-1.7,-18.099999999999998,12.7,3.7,1.1758672525439406,19,5,38,5,1,1,1,0,1,0,1,0,0,0.0,0,1,0.0,1
0.0,0.0,0,0.0,0,0.0,0.0,0.0,0.0,1.2359420289855074,107.5,0,0,1.225732834939996,133.1,0.0,1.1697181559973782,0.7313379542113002,29,1.2643147284489245,1.2414858951680476,1.0,1.0,1.0,6,5,11,3.51,-6.790000000000001,8.9,1.4,1.1743905726499018,0,5,1,6,0,0,1,1,0,1,1,1,1,0.0,1,0,0.0,1
0.7142857142857143,0.7142857142857143,5,0.7142857142857143,10,1.3222222222222222,11.9,1.3688888888888888,12.32,1.5717231848623365,124.3,1,5,1.194817160955946,140.0,-0.41999999999999993,0.9590062111801242,1.4304347826086956,19,1.2366956521739132,1.052902889872429,1.2857142857142858,1.2857142857142858,2.5,9,9,14,1.79,-11.11,12.4,0.5,0.9896739130434783,1,7,3,7,0,0,3,0,1,0,0,0,0,0.0,0,1,0.0,0
1.0,1.0,5,1.0,10,2.56,12.8,2.2333333333333334,13.4,1.2021517302573204,139.8,1,5,1.1973403408186016,131.0,-0.5999999999999996,1.1624045504129656,1.4102055872516233,19,1.233967927278964,1.2799644037630307,1.0,1.2,19.0,6,5,10,1.74,-10.46,10.8,1.4,1.1584500394906667,0,5,19,5,0,0,1,0,1,0,1,0,0,0.0,0,1,0.0,1
0.7,0.8,4,0.6,7,1.40625,11.25,0.875,10.5,1.0296727924697446,140.0,1,3,1.192080745341615,140.0,0.75,1.1051039697542533,1.348447204968944,19,1.0986103210077205,1.0399209486166008,1.6,2.4,19.5,12,8,10,1.79,-11.11,12.4,0.5,1.2209718670076726,35,5,37,5,0,0,1,0,1,1,0,0,1,0.0,0,0,0.0,1
0.4,0.8,4,0.0,4,2.107142857142857,14.75,0.0,0.0,1.2130202278539874,170.0,1,0,1.194817160955946,170.0,14.75,1.1004459308807135,1.0228260869565218,19,1.2275607958732497,1.2921636019934695,1.4,1.0,19.0,5,7,10,-1.7,-18.099999999999998,12.7,3.7,1.1819062506030606,0,5,19,5,0,0,1,0,1,0,0,0,0,0.0,0,1,0.0,1
0.3684210526315789,0.3,3,0.4444444444444444,7,0.9166666666666666,11.0,1.25,11.25,1.0663372859025033,108.3,0,4,1.251728743136964,110.0,-0.25,1.201176855181432,1.156304347826087,26,1.0986103210077205,1.1281060708036075,1.2,1.0,37.0,9,12,19,1.79,-11.11,12.4,0.5,1.1758672525439406,0,10,37,9,0,0,1,0,0,0,0,1,0,0.3,1,0,0.4444444444444444,1
0.0,0.0,0,0.0,0,0.0,0.0,0.0,0.0,0.9982473879339401,128.0,0,0,1.225732834939996,129.0,0.0,1.1968670076726344,1.2069998195922786,20,1.2357226792009401,1.1019750589821369,0.0,0.0,37.5,0,0,0,-3.12,-11.719999999999999,9.4,-0.8,1.1743905726499018,1,0,38,0,0,0,1,0,1,0,0,0,1,0.0,0,0,0.0,1
0.8333333333333334,0.6666666666666666,4,1.0,10,1.5,13.5,1.6122448985714286,11.28571429,1.0605978260869566,127.7,1,6,1.2127443159154367,141.0,2.2142857100000004,1.1051039697542533,1.2294441386901487,18,1.2647449755785092,1.0501863354037266,1.5,1.1666666666666667,2.5,7,9,12,-0.92,-17.42,16.2,0.3,1.1758672525439406,3,6,4,6,1,1,2,0,1,0,1,0,0,0.0,0,0,0.0,0
0.0,0.0,0,0.0,0,0.0,0.0,0.0,0.0,1.0663865546218485,168.6,1,0,1.2783606557377047,160.0,0.0,1.2795454545454545,0.748,26,1.2868092691622104,1.3434108527131783,1.0,1.5,19.5,9,6,12,0.79,-12.809999999999999,13.9,-0.3,1.1876220053238686,37,6,38,6,0,0,1,0,0,0,0,1,1,0.0,1,0,0.0,1
1.0,1.0,5,1.0,10,2.4722222216666667,14.83333333,2.4,12.0,0.8409172126265634,152.4,1,5,1.1933908806863316,140.0,2.8333333300000003,1.3083536883243772,0.7313379542113002,26,1.2693138979643126,1.2742242031788749,1.2,1.0,19.0,5,6,10,1.74,-10.46,10.8,1.4,1.1743905726499018,0,5,19,5,0,0,1,0,0,0,0,1,0,0.0,1,0,0.0,1
1.0,1.0,6,1.0,12,1.3199999999999998,13.2,1.640625,13.125,1.0411544227886058,150.0,1,6,1.1933908806863316,150.0,0.07499999999999929,1.1782208343342142,1.1581913043478262,20,1.2357226792009401,1.1019750589821369,1.6666666666666667,1.3333333333333333,37.5,8,10,12,-0.92,-17.42,16.2,0.3,1.1743905726499018,1,6,38,6,0,0,1,0,1,0,1,0,1,0.0,0,1,0.0,1
1.0,1.0,6,1.0,12,1.5714285714285714,11.0,1.1666666669999999,11.66666667,1.2292035398230086,110.0,1,6,0.6161764705882353,114.0,-0.6666666699999997,0.845,0.9358381502890174,29,0.5958333333333333,0.515,1.1666666666666667,1.6666666666666667,34.0,10,7,12,0.32,-9.879999999999999,7.6,2.6,1.1876220053238686,0,6,34,6,0,0,1,0,0,0,0,1,0,0.0,1,0,0.0,1
0.875,0.875,7,0.875,14,1.66071428625,13.28571429,1.66071428625,13.28571429,1.547589908749329,130.0,1,7,1.1933908806863316,120.0,0.0,1.2816864295125163,1.1110212335692617,22,1.2643147284489245,1.1505314009661836,1.0,1.0,1.5,8,8,16,-1.7,-18.099999999999998,12.7,3.7,1.1743905726499018,1,8,2,8,0,0,1,0,0,0,0,0,0,0.5,0,1,0.5,1
0.0,0.0,0,0.0,0,0.0,0.0,0.0,0.0,0.7911983032873808,124.3,0,0,1.251728743136964,140.0,0.0,1.197718162195498,0.9819806763285025,27,1.0986103210077205,1.1281060708036075,1.0,1.0,37.0,5,5,10,-1.7,-18.099999999999998,12.7,3.7,1.1758672525439406,0,5,37,5,0,0,2,0,0,0,1,1,1,0.0,1,1,0.0,0
0.0,0.0,0,0.0,0,0.0,0.0,0.0,0.0,1.0632,108.7,0,0,1.3634920634920635,115.0,0.0,1.2795454545454545,1.4512849162011174,21,1.1583333333333332,1.2365750528541226,0.0,0.0,5.0,0,0,0,-3.12,-11.719999999999999,9.4,-0.8,1.1876220053238686,8,0,9,0,0,0,3,0,0,0,1,0,0,0.0,0,1,0.0,0
0.5714285714285714,0.42857142857142855,3,0.7142857142857143,8,0.8142857142857143,11.4,0.9384615384615385,12.2,1.129933110367893,115.5,1,5,1.0813995369179317,133.1,-0.7999999999999989,1.0307911617961512,0.7234823625922888,36,1.1756521739130434,1.0581939799331104,2.0,1.8571428571428572,42.0,13,14,14,2.02,-9.68,11.1,0.6,1.1758672525439406,4,7,44,7,0,0,1,0,0,0,1,1,0,0.0,1,0,0.0,1
1.0,1.0,5,1.0,10,1.9333333333333333,11.6,1.9666666666666668,11.8,0.9177633108579399,101.7,1,5,1.3592391304347826,102.0,-0.20000000000000107,1.1621739130434783,1.0364130434782608,20,1.0449937888198757,1.2767270531400965,1.2,1.2,37.5,6,6,10,3.51,-6.790000000000001,8.9,1.4,1.1584500394906667,1,5,38,5,1,1,2,0,1,0,0,0,0,0.0,0,1,0.0,0
0.9166666666666666,1.0,6,0.8333333333333334,11,1.233333333,12.33333333,1.0,12.0,1.0067868504772004,150.0,1,5,1.1990645264164983,140.0,0.3333333300000003,1.2806596701649176,0.73904412557989,28,1.117896865520728,1.1229617418778761,1.6666666666666667,2.0,37.0,12,10,12,2.02,-9.68,11.1,0.6,1.1819062506030606,0,6,37,6,0,0,1,0,0,0,0,1,1,0.0,1,0,0.0,1
0.13333333333333333,0.0,0,0.25,2,0.0,0.0,0.9583333333333334,11.5,1.0663865546218485,110.0,0,2,1.2388505747126437,133.1,-11.5,1.1960526315789475,0.748,32,1.2932721712538227,1.3042389210019267,1.2857142857142858,1.5,28.5,12,9,15,-4.06,-22.36,15.5,2.8,1.1876220053238686,19,7,38,8,0,0,2,0,0,0,0,1,1,0.0,1,0,0.25,0
0.0,0.0,0,0.0,0,0.0,0.0,0.0,0.0,1.0808549506759224,126.1,1,0,1.1973403408186016,130.0,0.0,1.1624045504129656,0.7491078753076292,24,0.8976284584980238,1.2915678524374177,1.6666666666666667,1.1666666666666667,12.0,7,10,12,1.79,-11.11,12.4,0.5,1.1584500394906667,0,6,12,6,0,0,1,0,0,0,1,0,1,0.0,1,0,0.0,1
0.9,0.8,4,1.0,9,2.6,13.0,2.6399999999999997,13.2,1.1542253521126762,126.9,1,5,1.1939285714285715,144.0,-0.1999999999999993,1.148233215547703,1.4512849162011174,21,1.0831439393939393,1.3434108527131783,1.0,1.0,37.5,5,5,10,-3.12,-11.719999999999999,9.4,-0.8,1.1876220053238686,1,5,38,5,1,1,2,0,0,0,1,0,0,0.0,0,0,0.0,0
1.0,1.0,6,1.0,12,2.5833333333333335,15.5,2.305555555,13.83333333,1.2413610586011343,113.5,1,6,1.1803307676305388,133.1,1.6666666699999997,1.151400966183575,0.7234823625922888,39,1.0986103210077205,1.1281060708036075,1.0,1.0,37.0,6,6,12,2.02,-9.68,11.1,0.6,1.1758672525439406,0,6,37,6,1,1,1,0,0,0,1,1,0,0.0,1,0,0.0,1
1.0,1.0,5,1.0,10,1.8611111116666665,11.16666667,2.32,11.6,0.7367809883877936,160.0,1,5,1.1973403408186016,160.0,-0.43333332999999996,1.1624045504129656,0.7491078753076292,35,1.0449937888198757,1.0880586922712827,1.2,1.0,37.0,5,6,10,-4.06,-22.36,15.5,2.8,1.1584500394906667,0,5,37,5,0,0,1,0,0,0,1,1,0,0.0,1,0,0.0,1
1.0,1.0,8,1.0,16,1.6002777777777777,14.4025,1.6002777777777777,14.4025,1.5568619113426172,130.8,1,8,1.1803307676305388,137.0,0.0,1.355244411692459,1.4334342940889107,18,1.2576025080438908,1.1281060708036075,1.125,1.125,28.0,9,9,16,-3.12,-11.719999999999999,9.4,-0.8,1.1758672525439406,18,8,37,8,0,0,4,0,1,1,0,0,0,0.0,0,0,0.0,0
0.1,0.0,0,0.2,1,0.0,0.0,1.3,13.0,0.8011627906976745,119.1,1,1,0.6161764705882353,132.0,-13.0,1.155188679245283,1.4512849162011174,29,1.1583333333333332,1.0818181818181818,2.8,2.0,6.0,10,14,10,1.74,-10.46,10.8,1.4,1.1876220053238686,0,5,6,5,0,0,1,0,0,1,0,1,0,0.0,1,1,0.0,1
1.0,1.0,5,1.0,10,1.71428571375,13.71428571,2.6333333333333333,15.8,0.6398191993112355,114.7,1,5,1.1973403408186016,122.0,-2.0857142900000003,1.1624045504129656,1.184466819221968,20,1.233967927278964,1.2799644037630307,1.6,1.2,19.0,6,8,10,2.02,-9.68,11.1,0.6,1.1584500394906667,0,5,19,5,0,0,1,0,1,0,1,0,1,0.0,0,0,0.0,1
0.8333333333333334,0.8333333333333334,5,0.8333333333333334,10,1.4,11.2,1.3333333333333333,12.0,0.8927536231884058,125.0,1,5,1.1933908806863316,119.0,-0.8000000000000007,1.1782208343342142,1.2069998195922786,21,1.0901394585726005,1.3033971014492753,1.3333333333333333,1.5,37.5,9,8,12,1.74,-10.46,10.8,1.4,1.1743905726499018,1,6,38,6,1,1,1,0,0,0,1,0,0,0.0,0,1,0.0,1
1.0,1.0,8,1.0,16,1.73515625,13.88125,1.73515625,13.88125,1.5717231848623365,131.0,1,8,1.056521739130435,140.0,0.0,1.318361688720857,1.4304347826086956,18,1.2470369797307752,1.2050514162006132,1.0,1.0,1.0,8,8,16,-3.12,-11.719999999999999,9.4,-0.8,1.1819062506030606,0,8,1,8,1,1,2,0,1,0,0,0,0,0.0,0,1,0.0,0
1.0,1.0,6,1.0,12,1.91071428625,15.28571429,2.2380952385714283,15.66666667,1.1621118012422362,153.6,1,6,1.1933908806863316,158.0,-0.3809523800000001,1.1782208343342142,1.4404225006140996,18,1.2643147284489245,1.2742242031788749,1.3333333333333333,1.1666666666666667,10.0,7,8,12,3.51,-6.790000000000001,8.9,1.4,1.1743905726499018,18,6,19,6,1,1,3,0,1,0,1,0,0,0.0,0,1,0.0,0
1.0,1.0,8,1.0,15,1.5430555555555554,13.8875,1.9883673471428571,13.91857143,1.5796068796068796,133.2,1,7,1.2521505376344086,143.0,-0.031071430000000788,1.2770334928229667,1.225164113785558,18,1.2868092691622104,1.3434108527131783,1.125,1.0,19.5,7,9,15,2.02,-9.68,11.1,0.6,1.1876220053238686,37,8,38,7,0,0,6,0,1,0,1,0,0,0.0,0,1,0.0,0
0.5833333333333334,0.5,3,0.6666666666666666,7,0.8205128207692307,10.66666667,1.2222222222222223,11.0,0.8265111346765641,130.0,1,4,1.3003910743041178,130.0,-0.3333333300000003,1.1968670076726344,1.1581913043478262,20,1.1418478260869565,1.2414858951680476,2.1666666666666665,1.5,2.0,9,13,12,1.79,-11.11,12.4,0.5,1.1743905726499018,2,6,3,6,0,0,1,0,1,1,0,0,1,0.16666666666666666,0,1,0.3333333333333333,1
1.0,1.0,6,1.0,12,2.0277777783333333,12.16666667,2.194444445,13.16666667,1.2840579710144928,116.1,1,6,1.2099177438307875,121.0,-1.0,1.264619822790027,1.4304347826086956,18,1.2275607958732497,1.2921636019934695,1.0,1.0,19.0,6,6,12,1.79,-11.11,12.4,0.5,1.1819062506030606,0,6,19,6,1,1,3,0,1,0,1,0,0,0.0,0,0,0.0,0
0.6666666666666666,0.5,3,0.8333333333333334,8,1.1111111111111112,10.0,1.2666666666666666,11.4,1.49416149068323,114.9,1,5,1.1933908806863316,125.0,-1.4000000000000004,1.1968670076726344,1.4404225006140996,19,1.2693138979643126,1.3033971014492753,1.5,1.5,28.5,9,9,12,3.51,-6.790000000000001,8.9,1.4,1.1743905726499018,19,6,38,6,1,0,4,0,1,1,0,0,0,0.0,0,1,0.0,0
0.875,0.875,7,0.875,14,1.78571428625,14.28571429,1.78571428625,14.28571429,1.5717231848623365,140.0,1,7,1.1990645264164983,143.0,0.0,1.204451156505842,1.4304347826086956,19,1.3338955940090156,1.339986123959297,1.0,1.0,38.0,8,8,16,-1.7,-18.099999999999998,12.7,3.7,1.1819062506030606,0,8,38,8,0,0,1,0,1,0,1,0,1,0.0,0,0,0.0,1
0.9,0.8,4,1.0,9,1.0681818181818181,11.75,2.2399999999999998,11.2,0.9895400126023945,124.0,1,5,1.2542082169924211,125.0,0.5500000000000007,1.204451156505842,1.4304347826086956,19,1.2470369797307752,1.2921636019934695,2.2,1.0,10.0,5,11,10,1.74,-10.46,10.8,1.4,1.1819062506030606,18,5,19,5,0,0,2,0,1,0,0,0,0,0.0,0,1,0.0,0
1.0,1.0,11,1.0,22,0.9107142857142857,12.75,1.0,12.0,1.49416149068323,118.3,1,11,1.225732834939996,120.0,0.75,1.2816864295125163,1.0102538326212618,20,1.2643147284489245,1.3033971014492753,1.2727272727272727,1.0909090909090908,19.5,12,14,22,0.79,-12.809999999999999,13.9,-0.3,1.1743905726499018,37,11,38,11,1,1,1,0,1,0,0,0,0,0.5454545454545454,0,0,0.7272727272727273,1
1.0,1.0,6,1.0,12,2.444444445,14.66666667,2.244897958571429,15.71428571,1.2067357512953367,153.5,1,6,1.0786585365853658,150.0,-1.0476190400000007,1.1960526315789475,1.4037037037037037,19,1.1182648401826485,1.124342105263158,1.0,1.1666666666666667,3.0,7,6,12,0.79,-12.809999999999999,13.9,-0.3,1.1876220053238686,0,6,3,6,0,0,1,0,1,0,0,0,0,0.0,0,1,0.0,1
1.0,1.0,6,1.0,12,1.259259258888889,11.33333333,1.41666666625,11.33333333,1.2531772575250835,115.0,1,6,1.154390451832907,160.0,0.0,1.1622608695652175,0.7491078753076292,41,1.0449937888198757,1.2767270531400965,1.5,1.3333333333333333,37.5,8,9,12,1.74,-10.46,10.8,1.4,1.1584500394906667,1,6,38,6,1,1,2,0,0,0,0,1,0,0.0,1,0,0.0,0
0.3333333333333333,0.6666666666666666,4,0.0,4,1.2222222222222223,11.0,0.0,0.0,1.4912388027091983,121.7,1,0,1.2127443159154367,135.0,11.0,1.355244411692459,1.4334342940889107,18,1.302210510906163,1.3335857352222766,1.5,2.3333333333333335,38.0,14,9,12,0.32,-9.879999999999999,7.6,2.6,1.1758672525439406,0,6,38,6,1,1,1,0,1,0,0,0,0,0.0,0,1,0.0,1
1.0,1.0,5,1.0,10,1.6666666671428572,11.66666667,1.546875,12.375,1.0288695652173914,115.6,1,5,1.1933908806863316,124.0,-0.7083333300000003,1.1782208343342142,1.4404225006140996,20,1.2357226792009401,1.3033971014492753,1.4,1.6,38.0,8,7,10,0.79,-12.809999999999999,13.9,-0.3,1.1743905726499018,0,5,38,5,1,1,1,0,1,0,1,0,1,0.0,0,0,0.0,1
0.0,0.0,0,0.0,0,0.0,0.0,0.0,0.0,1.545408163265306,136.5,1,0,1.2783606557377047,110.0,0.0,1.196590909090909,0.748,28,1.2662162162162163,1.2365750528541226,1.0,1.2,10.0,6,5,10,0.79,-12.809999999999999,13.9,-0.3,1.1876220053238686,18,5,19,5,0,0,2,0,0,0,1,1,1,0.0,1,0,0.0,0
1.0,1.0,6,1.0,12,1.7551020414285714,12.28571429,1.9722222216666667,11.83333333,1.3096192836224372,124.3,1,6,1.2127443159154367,132.0,0.4523809599999993,1.151400966183575,1.2294441386901487,19,1.2647449755785092,1.1916457060725836,1.1666666666666667,1.0,1.0,6,7,12,-4.06,-22.36,15.5,2.8,1.1758672525439406,0,6,1,6,1,0,3,0,1,1,0,0,0,0.0,0,1,0.0,0
0.08333333333333333,0.0,0,0.16666666666666666,1,0.0,0.0,1.8333333333333333,11.0,1.1542253521126762,106.1,0,1,1.1939285714285715,110.0,-11.0,0.845,1.225164113785558,18,1.2662162162162163,1.0974803149606298,0.0,1.0,28.0,6,0,12,-1.7,-18.099999999999998,12.7,3.7,1.1876220053238686,18,6,37,6,1,0,4,1,1,1,0,0,0,0.0,0,1,0.0,0
1.0,1.0,8,1.0,15,1.3595000000000002,13.595,1.4493827155555554,13.04444444,1.547589908749329,129.1,1,7,1.2125797101449276,130.0,0.5505555600000012,1.1803969095591578,1.4404225006140996,18,1.2643147284489245,1.2742242031788749,1.25,1.2857142857142858,10.0,9,10,15,-4.06,-22.36,15.5,2.8,1.1743905726499018,18,8,19,7,0,0,1,0,1,0,1,0,0,0.0,0,1,0.0,1
0.75,0.6666666666666666,4,0.8333333333333334,9,1.5,16.5,1.7777777777777777,16.0,1.3761848805327068,100.0,1,5,1.2127443159154367,160.0,0.5,1.0307911617961512,0.9819806763285025,38,1.2647449755785092,1.0399209486166008,1.8333333333333333,1.5,1.5,9,11,12,0.79,-12.809999999999999,13.9,-0.3,1.1758672525439406,1,6,2,6,0,0,1,0,0,0,0,1,1,0.0,1,0,0.16666666666666666,1
0.8461538461538461,0.8333333333333334,5,0.8571428571428571,11,1.6875,13.5,1.70833333375,13.66666667,0.901159420289855,124.2,1,6,1.2013971665852468,130.0,-0.16666666999999968,1.0402415458937198,0.9867874396135266,31,1.2919274890242176,1.1621739130434783,1.3333333333333333,1.1428571428571428,34.5,8,8,13,-3.12,-11.719999999999999,9.4,-0.8,1.1584500394906667,7,6,38,7,0,0,2,0,0,0,0,1,0,0.16666666666666666,1,0,0.42857142857142855,0
1.0,1.0,10,1.0,21,1.3636363636363635,15.0,1.0779220778571428,15.09090909,1.0067868504772004,150.0,0,11,1.1990645264164983,130.0,-0.09090909000000025,1.204451156505842,0.73904412557989,28,1.3338955940090156,1.339986123959297,1.1,1.2727272727272727,38.0,14,11,21,2.02,-9.68,11.1,0.6,1.1819062506030606,0,10,38,11,0,0,1,1,0,1,1,1,1,0.5,1,0,0.45454545454545453,1
0.5,0.4,2,0.6,5,1.1363636363636365,12.5,1.066666667,10.66666667,1.0288695652173914,141.5,1,3,1.225732834939996,160.0,1.8333333300000003,1.3083536883243772,1.4404225006140996,18,1.2643147284489245,1.3033971014492753,2.2,2.0,19.5,10,11,10,-3.12,-11.719999999999999,9.4,-0.8,1.1743905726499018,37,5,38,5,0,0,1,0,1,0,0,0,1,0.0,0,1,0.0,1
0.25,0.0,0,0.5,3,0.0,0.0,1.0,11.0,1.0138998682476945,115.1,0,3,1.1990645264164983,120.0,-11.0,1.204451156505842,1.4304347826086956,21,1.117896865520728,1.1229617418778761,2.3333333333333335,1.8333333333333333,37.0,11,14,12,-3.12,-11.719999999999999,9.4,-0.8,1.1819062506030606,0,6,37,6,0,0,2,0,0,0,1,0,1,0.0,0,1,0.0,0
0.9166666666666666,0.8333333333333334,5,1.0,11,0.9166666666666666,11.0,1.58928571375,12.71428571,1.545408163265306,135.8,1,6,1.1939285714285715,147.0,-1.7142857100000004,1.3345945945945945,1.4512849162011174,19,1.2662162162162163,1.3434108527131783,2.0,1.3333333333333333,28.5,8,12,12,0.79,-12.809999999999999,13.9,-0.3,1.1876220053238686,19,6,38,6,1,1,2,0,1,0,0,0,0,0.0,0,1,0.0,0
0.875,0.875,7,0.875,14,1.525,12.2,1.525,12.2,1.5568619113426172,122.0,1,7,1.1803307676305388,134.0,0.0,1.151400966183575,1.4334342940889107,19,1.302210510906163,1.3335857352222766,1.0,1.0,38.0,8,8,16,-1.7,-18.099999999999998,12.7,3.7,1.1758672525439406,0,8,38,8,0,0,6,0,1,0,1,0,1,0.0,0,1,0.0,0
0.5833333333333334,0.5,3,0.6666666666666666,7,1.7619047614285714,12.33333333,1.875,11.25,1.1767016491754123,128.2,0,4,1.1973403408186016,133.1,1.0833333300000003,1.1622608695652175,1.4009057971014494,18,1.25372234935164,1.2179619565217392,1.1666666666666667,1.0,1.0,6,7,12,3.51,-6.790000000000001,8.9,1.4,1.2759057971014494,0,6,1,6,0,0,1,1,1,1,0,0,1,0.0,0,0,0.0,1
1.0,1.0,5,1.0,10,1.515625,12.125,1.3650793655555555,12.28571429,0.8409172126265634,151.6,1,5,1.1933908806863316,130.0,-0.1607142899999996,1.1782208343342142,0.7313379542113002,24,1.0901394585726005,1.1019750589821369,1.6,1.8,37.0,9,8,10,-0.92,-17.42,16.2,0.3,1.1743905726499018,0,5,37,5,0,0,1,0,0,0,1,0,0,0.0,1,0,0.0,1
0.9333333333333333,1.0,8,0.8571428571428571,14,1.3561728400000002,12.20555556,1.58104166625,12.64833333,1.5717231848623365,128.9,1,6,1.194817160955946,135.0,-0.4427777699999993,1.1306197964847364,1.1833540372670808,19,1.2275607958732497,1.2050514162006132,1.125,1.1428571428571428,10.0,8,9,15,2.02,-9.68,11.1,0.6,1.1819062506030606,18,8,19,7,1,1,2,0,1,0,1,0,0,0.0,0,1,0.0,0
0.9565217391304348,0.9090909090909091,10,1.0,22,0.818181818125,13.09090909,1.1041666666666667,13.25,0.9982473879339401,131.8,1,12,1.2125797101449276,133.1,-0.15909090999999975,1.1803969095591578,1.4404225006140996,20,1.2693138979643126,1.3033971014492753,1.4545454545454546,1.0,28.5,12,16,23,3.51,-6.790000000000001,8.9,1.4,1.1743905726499018,19,11,38,12,0,0,1,0,1,1,1,0,0,0.36363636363636365,0,1,0.5,1
0.9130434782608695,1.0,11,0.8333333333333334,21,1.2479338845454544,13.72727273,0.6045454545454546,13.3,1.0138998682476945,120.0,1,10,1.1990645264164983,120.0,0.42727272999999855,1.264619822790027,1.0228260869565218,33,1.3338955940090156,1.1229617418778761,1.0,1.8333333333333333,37.5,22,11,23,-3.12,-11.719999999999999,9.4,-0.8,1.1819062506030606,1,11,38,12,0,0,1,0,0,0,0,1,0,0.8181818181818182,1,1,0.75,1
0.9,0.8,4,1.0,9,1.5357142857142858,10.75,1.7666666666666666,10.6,1.168944099378882,120.0,1,5,1.2542082169924211,100.0,0.15000000000000036,1.139830755763058,0.73904412557989,39,1.117896865520728,1.1229617418778761,1.4,1.2,37.0,6,7,10,-3.12,-11.719999999999999,9.4,-0.8,1.1819062506030606,0,5,37,5,1,0,1,0,0,1,0,1,0,0.0,1,0,0.0,1
1.0,1.0,8,1.0,15,1.6283950622222223,14.65555556,1.9326530614285713,13.52857143,1.5717231848623365,127.6,1,7,1.2542082169924211,137.0,1.1269841300000003,1.189437963944857,1.2130434782608694,18,1.2470369797307752,1.2050514162006132,1.125,1.0,1.0,7,9,15,1.79,-11.11,12.4,0.5,1.1819062506030606,0,8,1,7,0,0,5,0,1,0,1,0,0,0.0,0,1,0.0,0
0.0,0.0,0,0.0,0,0.0,0.0,0.0,0.0,1.0663372859025033,115.2,1,0,1.2127443159154367,125.0,0.0,1.151400966183575,1.4334342940889107,18,1.302210510906163,1.1281060708036075,0.0,0.0,37.5,0,0,0,0.32,-9.879999999999999,7.6,2.6,1.1758672525439406,1,0,38,0,0,0,3,0,1,0,0,0,0,0.0,0,1,0.0,0
1.0,1.0,6,1.0,12,2.1388888883333332,12.83333333,2.0833333333333335,12.5,1.3761848805327068,131.5,1,6,1.2127443159154367,150.0,0.3333333300000003,1.225328614762386,1.4334342940889107,20,1.2647449755785092,1.1916457060725836,1.0,1.0,1.0,6,6,12,0.32,-9.879999999999999,7.6,2.6,1.1758672525439406,0,6,1,6,0,0,3,0,1,0,0,0,0,0.0,0,1,0.0,0
0.0,0.0,0,0.0,0,0.0,0.0,0.0,0.0,1.0632,129.1,1,0,1.1939285714285715,114.0,0.0,1.2994236311239193,1.225164113785558,23,1.2662162162162163,1.3434108527131783,0.0,0.0,28.5,0,0,0,-3.12,-11.719999999999999,9.4,-0.8,1.1876220053238686,19,0,38,0,1,1,1,0,0,0,0,0,1,0.0,0,0,0.0,1
0.8333333333333334,0.8333333333333334,5,0.8333333333333334,10,1.47916666625,11.83333333,1.475,11.8,1.331363224637681,117.0,1,5,1.1973403408186016,133.1,0.033333329999999606,1.1622608695652175,1.184466819221968,21,1.2919274890242176,1.2767270531400965,1.3333333333333333,1.3333333333333333,38.0,8,8,12,-4.06,-22.36,15.5,2.8,1.1584500394906667,0,6,38,6,0,0,1,0,0,0,0,0,0,0.0,0,0,0.0,1
0.6666666666666666,0.8333333333333334,5,0.5,8,1.1800000000000002,11.8,0.9393939390909091,10.33333333,0.8792181890706022,146.0,1,3,1.1990645264164983,160.0,1.4666666700000004,1.204451156505842,1.4304347826086956,19,1.2470369797307752,1.1229617418778761,1.6666666666666667,1.8333333333333333,19.0,11,10,12,-3.12,-11.719999999999999,9.4,-0.8,1.1819062506030606,36,6,37,6,0,0,1,0,1,0,1,0,0,0.0,0,1,0.0,1
0.3,0.2,1,0.4,3,1.3333333333333333,12.0,1.4285714285714286,10.0,0.9177633108579399,115.0,1,2,1.154390451832907,115.0,2.0,1.2639209009952854,1.184466819221968,23,1.233967927278964,1.2799644037630307,1.8,1.4,19.0,7,9,10,-3.12,-11.719999999999999,9.4,-0.8,1.1584500394906667,0,5,19,5,0,0,1,0,0,0,1,0,0,0.0,0,1,0.0,1
1.0,1.0,8,1.0,16,1.7434375,13.9475,1.7434375,13.9475,1.547589908749329,129.5,1,8,1.2125797101449276,131.0,0.0,1.1782208343342142,1.4404225006140996,19,1.2643147284489245,1.2414858951680476,1.0,1.0,1.0,8,8,16,-3.12,-11.719999999999999,9.4,-0.8,1.1743905726499018,0,8,1,8,1,1,2,0,1,0,0,0,0,0.0,0,1,0.0,0
0.8,0.6,3,1.0,8,1.1515151518181819,12.66666667,2.32,11.6,1.0296727924697446,123.5,1,5,1.251728743136964,127.0,1.06666667,1.355244411692459,1.4334342940889107,19,1.2647449755785092,1.3335857352222766,2.2,1.0,19.5,5,11,10,-3.12,-11.719999999999999,9.4,-0.8,1.1758672525439406,37,5,38,5,1,1,3,0,1,0,0,0,0,0.0,0,1,0.0,0
0.0,0.0,0,0.0,0,0.0,0.0,0.0,0.0,1.0138998682476945,102.5,0,0,1.2542082169924211,133.1,0.0,1.1306197964847364,0.73904412557989,24,1.3338955940090156,1.1229617418778761,1.1666666666666667,1.1666666666666667,37.5,7,7,12,-0.92,-17.42,16.2,0.3,1.1819062506030606,1,6,38,6,0,0,1,1,0,1,0,0,1,0.0,1,0,0.0,1
0.0,0.0,0,0.0,0,0.0,0.0,0.0,0.0,0.7812111801242235,128.2,1,0,0.6219486642221058,133.1,0.0,0.772524154589372,0.9867874396135266,28,0.5682898550724638,0.6546057479734708,1.0,1.8,34.0,9,5,10,0.32,-9.879999999999999,7.6,2.6,1.1584500394906667,0,5,34,5,0,0,1,0,0,0,1,1,1,0.0,1,0,0.0,1
0.875,0.875,7,0.875,14,1.86267857125,14.90142857,1.86267857125,14.90142857,1.5796068796068796,123.3,1,7,0.6161764705882353,124.0,0.0,0.744776119402985,1.4512849162011174,20,0.5958333333333333,0.515,1.0,1.0,34.0,8,8,16,-3.12,-11.719999999999999,9.4,-0.8,1.1876220053238686,0,8,34,8,1,1,2,0,1,0,1,0,0,0.0,0,1,0.0,0
0.5,0.6,3,0.4,5,1.259259258888889,11.33333333,1.45,14.5,1.1776659038901602,122.8,1,2,1.1803307676305388,127.0,-3.1666666699999997,1.151400966183575,1.4334342940889107,19,1.0986103210077205,1.1281060708036075,1.8,2.0,37.0,10,9,10,-1.7,-18.099999999999998,12.7,3.7,1.1758672525439406,0,5,37,5,0,0,1,0,1,0,1,0,0,0.0,0,1,0.0,1
0.6,0.6,3,0.6,6,1.29166666625,10.33333333,1.2,12.0,0.683695652173913,116.9,0,3,1.1939285714285715,120.0,-1.6666666699999997,1.2770334928229667,1.225164113785558,18,1.2868092691622104,1.3042389210019267,1.6,2.0,10.0,10,8,10,3.51,-6.790000000000001,8.9,1.4,1.1876220053238686,18,5,19,5,0,0,3,1,1,1,0,0,1,0.0,0,1,0.0,0
1.0,1.0,8,1.0,15,1.6395061733333334,14.75555556,2.0932653057142856,14.65285714,1.543190537084399,147.9,1,7,1.154390451832907,153.0,0.1026984199999994,1.245065950170982,1.4102055872516233,18,1.2919274890242176,1.0880586922712827,1.125,1.0,37.5,7,9,15,1.79,-11.11,12.4,0.5,1.1584500394906667,1,8,38,7,1,1,1,0,1,0,0,0,0,0.0,0,0,0.0,1
1.0,1.0,11,1.0,24,1.0681818183333334,12.81818182,0.9505494507142858,13.30769231,1.2413610586011343,100.0,1,13,1.1756521739130434,130.0,-0.4895104900000007,1.1756521739130434,0.9819806763285025,54,1.302210510906163,1.146645195920558,1.0909090909090908,1.0769230769230769,20.5,14,12,24,-1.7,-18.099999999999998,12.7,3.7,1.1758672525439406,35,11,38,13,0,0,1,0,0,0,0,1,1,0.6363636363636364,1,0,0.6923076923076923,1
1.0,1.0,6,1.0,12,1.80357142875,14.42857143,1.703125,13.625,1.0635714285714286,114.5,1,6,1.2521505376344086,125.0,0.8035714299999999,1.2770334928229667,1.225164113785558,22,1.2868092691622104,1.2365750528541226,1.3333333333333333,1.3333333333333333,1.0,8,8,12,2.02,-9.68,11.1,0.6,1.1876220053238686,0,6,1,6,1,1,1,0,0,0,1,0,1,0.0,0,0,0.0,1
0.8333333333333334,0.6666666666666666,4,1.0,10,1.0727272727272728,11.8,1.5952380957142858,11.16666667,1.0588932806324112,119.3,1,6,1.2125797101449276,133.1,0.633333330000001,1.3083536883243772,0.7313379542113002,25,1.0901394585726005,1.1019750589821369,1.8333333333333333,1.1666666666666667,37.0,7,11,12,-3.12,-11.719999999999999,9.4,-0.8,1.1743905726499018,0,6,37,6,0,0,1,0,0,0,0,0,1,0.0,1,1,0.0,1
0.9375,0.8888888888888888,8,1.0,15,0.9588541666666667,11.50625,1.51517857125,12.12142857,1.5796068796068796,131.1,1,7,1.0786585365853658,130.0,-0.6151785700000012,0.9646551724137932,1.225164113785558,19,1.1182648401826485,1.124342105263158,1.3333333333333333,1.1428571428571428,3.0,8,12,16,1.79,-11.11,12.4,0.5,1.1876220053238686,0,9,3,7,0,0,1,0,1,0,1,0,1,0.0,0,0,0.0,1
1.0,1.0,6,1.0,12,2.25,13.5,2.3333333333333335,14.0,1.2768658451522903,105.0,0,6,1.1933908806863316,133.1,-0.5,1.1782208343342142,1.2069998195922786,21,1.2693138979643126,1.2414858951680476,1.0,1.0,10.0,6,6,12,3.51,-6.790000000000001,8.9,1.4,1.2709565217391303,18,6,19,6,0,0,2,0,0,0,1,0,0,0.0,0,1,0.0,0
1.0,1.0,6,1.0,12,1.5185185188888888,13.66666667,2.25,13.5,1.1767016491754123,131.3,1,6,1.2239130434782608,140.0,0.16666666999999968,1.1624045504129656,1.4102055872516233,18,1.233967927278964,1.2799644037630307,1.5,1.0,19.0,6,9,12,1.74,-10.46,10.8,1.4,1.1584500394906667,0,6,19,6,1,1,1,0,1,0,0,0,0,0.0,0,1,0.0,1
0.0,0.0,0,0.0,0,0.0,0.0,0.0,0.0,1.545408163265306,118.0,1,0,0.6161764705882353,133.1,0.0,0.744776119402985,0.748,47,0.5958333333333333,0.515,2.0,2.0,34.0,12,10,11,0.32,-9.879999999999999,7.6,2.6,1.1876220053238686,0,5,34,6,0,0,1,0,0,0,1,1,0,0.0,1,0,0.0,1
0.8333333333333334,0.6666666666666666,4,1.0,10,0.5833333333333334,12.25,0.7450980394117647,12.66666667,1.1621118012422362,130.0,1,6,1.1933908806863316,133.1,-0.4166666699999997,1.1968670076726344,0.7313379542113002,26,1.2693138979643126,1.1019750589821369,3.5,2.8333333333333335,28.0,17,21,12,-4.06,-22.36,15.5,2.8,1.1743905726499018,18,6,37,6,0,0,1,0,0,0,0,1,0,0.0,1,1,0.0,1
0.16666666666666666,0.0,0,0.3333333333333333,2,0.0,0.0,1.0384615384615385,13.5,1.0635714285714286,157.7,1,2,1.0786585365853658,178.0,-13.5,1.2770334928229667,1.4512849162011174,34,1.2428571428571429,1.2365750528541226,1.0,2.1666666666666665,1.5,13,6,12,-4.06,-22.36,15.5,2.8,1.1876220053238686,1,6,2,6,0,0,1,0,0,0,0,1,1,0.0,1,0,0.0,1
0.8333333333333334,1.0,6,0.6666666666666666,10,1.53571428625,12.28571429,1.5,12.0,1.2840579710144928,98.0,1,4,1.2542082169924211,133.1,0.2857142899999996,1.318361688720857,1.4304347826086956,19,1.3338955940090156,1.2921636019934695,1.3333333333333333,1.3333333333333333,28.5,8,8,12,-4.06,-22.36,15.5,2.8,1.1819062506030606,19,6,38,6,1,1,2,0,1,0,0,0,1,0.0,0,1,0.0,0
0.75,0.8333333333333334,5,0.6666666666666666,9,0.9027777775,10.83333333,0.8461538461538461,11.0,1.545408163265306,114.2,1,4,1.1939285714285715,124.0,-0.16666666999999968,1.2770334928229667,1.4512849162011174,18,1.0831439393939393,1.3434108527131783,2.0,2.1666666666666665,37.5,13,12,12,-4.06,-22.36,15.5,2.8,1.1876220053238686,1,6,38,6,0,0,1,0,1,0,0,0,0,0.0,0,0,0.0,1
1.0,1.0,6,1.0,12,1.8571428571428572,13.0,1.7678571425,14.14285714,1.2130202278539874,150.0,1,6,1.2542082169924211,150.0,-1.1428571400000003,1.318361688720857,1.1124779073877695,19,1.2275607958732497,1.1229617418778761,1.1666666666666667,1.3333333333333333,28.0,8,7,12,0.79,-12.809999999999999,13.9,-0.3,1.1819062506030606,18,6,37,6,0,0,1,0,1,0,0,0,0,0.16666666666666666,0,1,0.3333333333333333,1
0.3333333333333333,0.0,0,0.6666666666666666,4,0.0,0.0,1.1363636363636365,12.5,1.2830584707646178,122.0,0,4,1.1990645264164983,140.0,-12.5,1.318361688720857,0.73904412557989,29,1.117896865520728,1.1229617418778761,1.1666666666666667,1.8333333333333333,37.0,11,7,12,1.79,-11.11,12.4,0.5,1.1819062506030606,0,6,37,6,0,0,1,1,0,1,0,1,1,0.0,1,1,0.0,1
1.0,1.0,6,1.0,12,1.6666666671428572,11.66666667,2.0277777783333333,12.16666667,1.2359420289855074,122.2,1,6,1.2125797101449276,125.0,-0.5,1.1968670076726344,1.2069998195922786,19,1.0901394585726005,1.1019750589821369,1.1666666666666667,1.0,37.0,6,7,12,1.74,-10.46,10.8,1.4,1.1743905726499018,0,6,37,6,0,0,1,0,1,1,0,0,0,0.0,0,1,0.0,1
0.9285714285714286,1.0,7,0.8571428571428571,13,1.4328125,11.4625,1.247142857,12.47142857,1.547589908749329,119.4,1,6,1.225732834939996,125.0,-1.0089285700000001,1.1697181559973782,1.4404225006140996,19,1.1418478260869565,1.2414858951680476,1.1428571428571428,1.4285714285714286,2.0,10,8,14,1.79,-11.11,12.4,0.5,1.1743905726499018,2,7,3,7,0,0,3,0,1,0,1,0,0,0.0,0,1,0.0,0
0.5,0.5,4,0.5,8,0.8461538461538461,11.0,1.15,11.5,1.2359420289855074,111.5,1,4,1.1933908806863316,100.0,-0.5,1.0542490118577075,0.7313379542113002,45,1.2643147284489245,1.1019750589821369,1.625,1.25,19.0,10,13,16,1.74,-10.46,10.8,1.4,1.1743905726499018,36,8,37,8,0,0,1,0,0,0,0,1,1,0.25,1,0,0.25,1
0.1,0.0,0,0.2,1,0.0,0.0,1.75,14.0,1.1776659038901602,140.0,1,1,1.2127443159154367,140.0,-14.0,0.8821256038647343,0.7327294685990338,32,1.2576025080438908,1.1756521739130434,2.4,1.6,19.5,8,12,10,1.74,-10.46,10.8,1.4,1.1758672525439406,1,5,20,5,0,0,1,0,0,0,0,1,0,0.0,1,1,0.0,1
1.0,1.0,6,1.0,12,1.8979591842857142,13.28571429,1.9166666666666667,11.5,1.4912388027091983,106.1,1,6,1.192080745341615,105.0,1.7857142899999996,1.201176855181432,1.4334342940889107,20,1.2576025080438908,1.277410022972858,1.1666666666666667,1.0,19.0,6,7,12,2.02,-9.68,11.1,0.6,1.1758672525439406,0,6,19,6,0,0,1,0,1,0,1,0,0,0.0,0,1,0.0,1
1.0,1.0,6,1.0,12,2.081632652857143,14.57142857,2.305555555,13.83333333,1.2359420289855074,139.2,1,6,1.225732834939996,140.0,0.7380952399999998,1.1968670076726344,1.1581913043478262,20,1.2643147284489245,1.0992070002734482,1.1666666666666667,1.0,2.0,6,7,12,1.79,-11.11,12.4,0.5,1.1743905726499018,2,6,3,6,0,0,1,0,1,1,0,0,0,0.3333333333333333,0,0,0.5,1
1.0,1.0,6,1.0,12,2.2222222216666667,13.33333333,1.7346938771428573,12.14285714,1.4912388027091983,114.6,1,6,1.2127443159154367,117.0,1.19047619,1.355244411692459,1.2294441386901487,18,1.2647449755785092,1.3335857352222766,1.0,1.1666666666666667,19.5,7,6,12,0.79,-12.809999999999999,13.9,-0.3,1.1758672525439406,37,6,38,6,1,1,6,0,1,0,0,0,0,0.0,0,0,0.0,0
0.8235294117647058,0.5714285714285714,4,1.0,14,1.4,12.6,0.78125,12.5,1.4763186934451555,120.6,1,10,1.2542082169924211,133.1,0.09999999999999964,1.1306197964847364,1.0228260869565218,24,1.2275607958732497,1.2921636019934695,1.2857142857142858,1.6,19.0,16,9,17,-0.92,-17.42,16.2,0.3,1.1819062506030606,0,7,19,10,0,0,2,0,0,0,0,0,0,0.2857142857142857,1,1,0.6,0
0.8333333333333334,0.8333333333333334,5,0.8333333333333334,10,1.46,14.6,1.0416666666666667,12.5,1.4912388027091983,150.0,1,5,1.2378260869565216,150.0,2.0999999999999996,1.2683229813664596,0.7327294685990338,31,1.0986103210077205,1.1281060708036075,1.6666666666666667,2.0,37.0,12,10,12,-1.7,-18.099999999999998,12.7,3.7,1.1758672525439406,0,6,37,6,0,0,1,0,0,0,0,1,0,0.0,1,0,0.16666666666666666,1
0.0,0.0,0,0.0,0,0.0,0.0,0.0,0.0,1.2021517302573204,129.4,1,0,1.2013971665852468,135.0,0.0,1.123776517538332,1.4102055872516233,21,1.233967927278964,1.2179619565217392,2.4,1.6,10.0,8,12,10,1.74,-10.46,10.8,1.4,1.1584500394906667,18,5,19,5,0,0,2,0,0,0,1,0,0,0.0,0,1,0.0,0
1.0,1.0,13,1.0,31,0.99408284,12.92307692,0.6260387810526316,11.89473684,1.0663865546218485,131.4,1,18,1.2783606557377047,120.0,1.0283400799999995,1.148233215547703,1.225164113785558,23,1.2932721712538227,1.0974803149606298,1.0,1.0555555555555556,37.5,19,13,31,-4.06,-22.36,15.5,2.8,1.1876220053238686,1,13,38,18,1,1,1,0,0,0,0,0,1,0.9230769230769231,0,1,0.9444444444444444,1
0.07142857142857142,0.0,0,0.14285714285714285,1,0.0,0.0,1.088888888888889,9.8,1.1362068965517242,130.0,1,1,1.1939285714285715,130.0,-9.8,1.148233215547703,0.7888888888888889,36,1.0831439393939393,1.0974803149606298,1.0,1.2857142857142858,37.0,9,7,14,-1.7,-18.099999999999998,12.7,3.7,1.1876220053238686,0,7,37,7,1,1,1,0,0,0,1,1,0,0.0,1,1,0.0,1
0.0,0.0,0,0.0,0,0.0,0.0,0.0,0.0,1.3096192836224372,151.0,1,0,0.5853708439897698,151.0,0.0,1.197718162195498,1.183768115942029,18,1.302210510906163,1.1281060708036075,0.0,2.0,37.5,12,0,12,-3.12,-11.719999999999999,9.4,-0.8,1.1254658385093168,1,6,38,6,0,0,1,0,1,0,0,0,0,0.0,0,1,0.0,1
1.0,1.0,11,1.0,23,0.828125,13.25,1.0625,12.75,1.0632,151.3,1,12,1.1939285714285715,146.0,0.5,1.196590909090909,1.4512849162011174,19,1.2868092691622104,1.2365750528541226,1.4545454545454546,1.0,1.0,12,16,23,3.51,-6.790000000000001,8.9,1.4,1.1876220053238686,0,11,1,12,1,1,4,0,1,0,0,0,0,0.36363636363636365,0,1,0.5,0
1.0,1.0,6,1.0,12,1.8571428571428572,13.0,2.0833333333333335,12.5,1.3309782608695653,126.0,1,6,1.2145569620253165,133.1,0.5,1.2994236311239193,1.225164113785558,19,1.2662162162162163,1.0974803149606298,1.1666666666666667,1.0,28.0,6,7,12,-4.06,-22.36,15.5,2.8,1.1876220053238686,18,6,37,6,1,1,1,0,1,0,1,0,0,0.0,0,0,0.0,1
0.8333333333333334,0.8333333333333334,5,0.8333333333333334,10,1.1805555558333334,14.16666667,1.3777777777777778,12.4,0.7812111801242235,131.8,0,5,1.1081088290210723,143.0,1.7666666699999993,0.9459469417833456,1.184466819221968,18,1.1436586685910157,1.0820586694604504,2.0,1.5,3.0,9,12,12,3.51,-6.790000000000001,8.9,1.4,1.1584500394906667,0,6,3,6,0,0,1,1,1,1,1,0,0,0.0,0,1,0.0,1
0.9333333333333333,0.875,7,1.0,14,1.5634920633333333,14.07142857,1.4484375,11.5875,1.547589908749329,118.9,1,7,1.225732834939996,128.0,2.48392857,1.1559857057772485,1.4404225006140996,20,1.2643147284489245,1.2414858951680476,1.125,1.1428571428571428,1.0,8,9,15,0.79,-12.809999999999999,13.9,-0.3,1.1743905726499018,0,8,1,7,0,0,3,0,1,0,0,0,0,0.0,0,1,0.0,0
0.8333333333333334,0.8333333333333334,5,0.8333333333333334,10,1.6857142857142857,11.8,1.65,13.2,1.49416149068323,118.6,1,5,1.3909565217391304,128.0,-1.3999999999999986,1.2521739130434784,1.2069998195922786,21,1.2357226792009401,1.2742242031788749,1.1666666666666667,1.3333333333333333,28.5,8,7,12,3.51,-6.790000000000001,8.9,1.4,1.1743905726499018,19,6,38,6,1,1,1,0,0,0,0,0,0,0.0,0,1,0.0,1
0.9,1.0,5,0.8,9,1.475,11.8,1.5625,12.5,1.0288695652173914,140.0,0,4,1.1933908806863316,133.1,-0.6999999999999993,1.1782208343342142,0.7313379542113002,35,1.0901394585726005,1.1019750589821369,1.6,1.6,37.0,8,8,10,-3.12,-11.719999999999999,9.4,-0.8,1.1743905726499018,0,5,37,5,0,0,1,0,0,0,1,1,0,0.0,1,0,0.0,1
0.7,0.6,3,0.8,7,1.1111111108333334,13.33333333,1.075,10.75,0.8409172126265634,140.0,1,4,1.442391304347826,133.1,2.5833333300000003,1.2816864295125163,0.7313379542113002,37,1.0901394585726005,1.1019750589821369,2.4,2.0,37.0,10,12,10,-3.12,-11.719999999999999,9.4,-0.8,1.1743905726499018,0,5,37,5,0,0,1,0,0,1,0,1,1,0.0,1,0,0.0,1
0.0,0.0,0,0.0,0,0.0,0.0,0.0,0.0,1.0663865546218485,153.9,0,0,1.1939285714285715,168.0,0.0,1.2770334928229667,0.748,34,1.2868092691622104,1.19,0.0,1.1666666666666667,21.0,7,0,12,1.79,-11.11,12.4,0.5,1.1876220053238686,40,6,41,6,0,0,1,1,0,1,0,1,1,0.0,1,0,0.0,1
0.6666666666666666,0.625,5,0.7142857142857143,10,0.9338461538461539,12.14,1.018181818181818,11.2,1.5717231848623365,140.0,1,5,1.194817160955946,150.0,0.9400000000000013,1.264619822790027,0.73904412557989,26,1.2470369797307752,1.2921636019934695,1.625,1.5714285714285714,10.0,11,13,15,-0.92,-17.42,16.2,0.3,1.1819062506030606,18,8,19,7,0,0,1,0,0,0,0,1,0,0.0,1,0,0.0,1
0.0,0.0,0,0.0,0,0.0,0.0,0.0,0.0,0.9982473879339401,165.7,1,0,1.0673369565217392,159.0,0.0,1.039782608695652,1.4404225006140996,18,1.1418478260869565,1.0992070002734482,0.0,0.0,3.0,0,0,0,-3.12,-11.719999999999999,9.4,-0.8,1.1743905726499018,0,0,3,0,0,0,1,0,1,0,1,0,1,0.0,0,1,0.0,1
0.0,0.0,0,0.0,0,0.0,0.0,0.0,0.0,1.0632,114.5,1,0,1.0786585365853658,145.0,0.0,1.2170068027210885,0.748,24,1.1182648401826485,1.2365750528541226,0.0,0.0,2.0,0,0,0,-3.12,-11.719999999999999,9.4,-0.8,1.1876220053238686,2,0,3,0,0,0,1,0,0,0,0,0,1,0.0,1,1,0.0,1
0.25,0.16666666666666666,1,0.3333333333333333,3,0.9090909090909091,10.0,0.75,10.5,1.0605978260869566,113.2,1,2,1.1803307676305388,110.0,-0.5,1.355244411692459,1.4334342940889107,24,1.0986103210077205,1.1281060708036075,1.8333333333333333,2.3333333333333335,37.0,14,11,12,1.74,-10.46,10.8,1.4,1.1758672525439406,0,6,37,6,0,0,4,0,0,0,0,0,0,0.0,1,1,0.0,0
0.9333333333333333,0.875,7,1.0,14,1.3164285709999999,13.16428571,1.9232653057142859,13.46285714,1.543190537084399,125.4,0,7,1.2011857707509879,132.0,-0.29857143000000086,1.1622608695652175,1.184466819221968,20,1.233967927278964,1.0880586922712827,1.25,1.0,28.0,7,10,15,2.02,-9.68,11.1,0.6,1.1584500394906667,18,8,37,7,1,0,2,0,1,0,0,0,0,0.0,0,1,0.0,0
0.8571428571428571,0.8571428571428571,6,0.8571428571428571,12,1.5,12.0,1.5,12.0,1.5717231848623365,120.0,1,6,1.1990645264164983,120.0,0.0,1.183961352657005,1.0228260869565218,26,1.117896865520728,1.1229617418778761,1.1428571428571428,1.1428571428571428,37.0,8,8,14,0.32,-9.879999999999999,7.6,2.6,1.1819062506030606,0,7,37,7,0,0,1,0,0,0,0,1,0,0.0,1,1,0.0,1
1.0,1.0,5,1.0,10,2.84,14.2,2.6,13.0,0.640366132723112,129.3,1,5,1.2099177438307875,130.0,1.1999999999999993,1.264619822790027,1.2130434782608694,18,1.2470369797307752,1.339986123959297,1.0,1.0,19.5,5,5,10,3.51,-6.790000000000001,8.9,1.4,1.1819062506030606,37,5,38,5,1,1,3,0,1,0,1,0,1,0.0,0,0,0.0,0
1.0,1.0,8,1.0,16,1.5975,14.3775,1.5975,14.3775,1.5568619113426172,136.8,1,8,1.2127443159154367,145.0,0.0,1.225328614762386,1.2294441386901487,18,1.2576025080438908,1.1281060708036075,1.125,1.125,28.0,9,9,16,-3.12,-11.719999999999999,9.4,-0.8,1.1758672525439406,18,8,37,8,0,0,1,0,1,0,0,0,0,0.0,0,1,0.0,1
0.8333333333333334,0.8333333333333334,5,0.8333333333333334,10,0.9444444441666667,11.33333333,0.9818181818181819,10.8,1.4763186934451555,123.0,1,5,1.1224184782608695,138.0,0.5333333299999996,0.9590062111801242,1.2130434782608694,19,1.100568702990277,1.052902889872429,2.0,1.8333333333333333,3.0,11,12,12,-4.06,-22.36,15.5,2.8,1.1819062506030606,0,6,3,6,0,0,6,0,1,0,0,0,0,0.0,0,1,0.0,0
1.0,1.0,5,1.0,10,1.8,10.8,1.55,12.4,1.0138095238095237,124.1,1,5,1.2388505747126437,136.0,-1.5999999999999996,1.155188679245283,1.225164113785558,18,1.2868092691622104,1.2365750528541226,1.2,1.6,1.0,8,6,10,3.51,-6.790000000000001,8.9,1.4,1.1876220053238686,0,5,1,5,0,0,1,0,1,0,1,0,0,0.0,0,0,0.0,1
1.0,1.0,6,1.0,12,1.9523809528571427,13.66666667,2.3611111116666668,14.16666667,0.8310789049919485,133.2,1,6,1.1803307676305388,130.0,-0.5,1.1051039697542533,1.4334342940889107,19,1.2576025080438908,1.1698757763975156,1.1666666666666667,1.0,15.5,6,7,12,0.32,-9.879999999999999,7.6,2.6,1.1758672525439406,7,6,19,6,0,0,1,0,1,0,0,0,0,0.0,0,1,0.0,1
0.8333333333333334,0.8333333333333334,5,0.8333333333333334,10,1.8,12.6,1.625,13.0,1.3309782608695653,133.0,1,5,1.2145569620253165,133.1,-0.40000000000000036,1.148233215547703,0.748,40,1.2662162162162163,1.3042389210019267,1.1666666666666667,1.3333333333333333,19.0,8,7,12,-0.92,-17.42,16.2,0.3,1.1876220053238686,0,6,19,6,0,0,1,0,0,0,0,1,0,0.0,1,0,0.0,1
1.0,1.0,6,1.0,12,1.8571428571428572,13.0,2.2777777783333333,13.66666667,1.2840579710144928,130.1,1,6,1.2099177438307875,135.0,-0.6666666699999997,1.1306197964847364,1.4304347826086956,18,1.2470369797307752,1.2050514162006132,1.1666666666666667,1.0,1.0,6,7,12,-4.06,-22.36,15.5,2.8,1.1819062506030606,0,6,1,6,0,0,3,0,1,0,0,0,0,0.0,0,1,0.0,0
1.0,1.0,5,1.0,10,1.7142857142857142,12.0,1.8,10.8,0.8409172126265634,150.0,1,5,1.1933908806863316,140.0,1.1999999999999993,1.1782208343342142,0.7313379542113002,35,1.0901394585726005,1.326482213438735,1.4,1.2,24.5,6,7,10,-3.12,-11.719999999999999,9.4,-0.8,1.1743905726499018,25,5,37,5,0,0,1,0,0,1,1,1,1,0.0,1,0,0.0,1
1.0,1.0,8,1.0,16,1.286,12.86,1.286,12.86,1.5568619113426172,125.5,1,8,1.251728743136964,141.0,0.0,1.355244411692459,1.4334342940889107,18,1.2576025080438908,1.3335857352222766,1.25,1.25,28.5,10,10,16,-3.12,-11.719999999999999,9.4,-0.8,1.1758672525439406,19,8,38,8,0,0,1,0,1,0,0,0,0,0.0,0,0,0.0,1
1.0,1.0,7,1.0,13,1.67857142875,13.42857143,1.5,12.0,0.7509316770186336,150.0,1,6,1.3634920634920635,150.0,1.4285714299999999,1.2795454545454545,1.2134920634920636,31,1.0831439393939393,1.0974803149606298,1.1428571428571428,1.3333333333333333,37.0,8,8,13,-3.12,-11.719999999999999,9.4,-0.8,1.1876220053238686,0,7,37,6,0,0,1,0,0,0,1,1,0,0.2857142857142857,1,0,0.3333333333333333,1
0.7,0.8,4,0.6,7,1.2222222222222223,11.0,1.033333333,10.33333333,1.0138095238095237,112.0,1,3,1.1939285714285715,112.0,0.6666666699999997,1.2170068027210885,1.225164113785558,20,1.2662162162162163,1.3434108527131783,1.8,2.0,28.5,10,9,10,-0.92,-17.42,16.2,0.3,1.1876220053238686,19,5,38,5,0,0,4,0,1,0,0,0,0,0.0,0,1,0.0,0
0.5,0.16666666666666666,1,0.8333333333333334,6,1.25,10.0,1.9000000000000001,11.4,1.3923076923076922,130.2,1,5,1.2521505376344086,127.0,-1.4000000000000004,1.155188679245283,1.225164113785558,19,1.2868092691622104,1.2365750528541226,1.3333333333333333,1.0,1.0,6,8,12,1.74,-10.46,10.8,1.4,1.1876220053238686,0,6,1,6,0,0,1,0,1,0,0,0,1,0.0,0,1,0.0,1
0.0,0.0,0,0.0,0,0.0,0.0,0.0,0.0,0.8265111346765641,100.0,1,0,1.225732834939996,133.1,0.0,1.1782208343342142,0.7131609870740305,35,1.2521739130434784,1.2414858951680476,1.5,1.1428571428571428,21.5,8,9,13,3.51,-6.790000000000001,8.9,1.4,1.1733695652173912,41,6,42,7,0,0,1,0,0,0,0,1,1,0.0,1,0,0.0,1
1.0,1.0,6,1.0,12,2.0,14.0,2.055555555,12.33333333,1.3309782608695653,125.0,1,6,1.1939285714285715,132.0,1.6666666699999997,1.148233215547703,0.9358381502890174,20,1.2932721712538227,1.3042389210019267,1.1666666666666667,1.0,28.5,6,7,12,1.79,-11.11,12.4,0.5,1.1876220053238686,19,6,38,6,1,1,1,0,1,0,1,0,1,0.0,0,1,0.0,1
0.8695652173913043,0.8695652173913043,20,0.8695652173913043,40,0.633695652173913,14.575,0.633695652173913,14.575,1.5717231848623365,131.0,1,20,0.8377574370709383,148.0,0.0,1.264619822790027,1.0228260869565218,22,1.1528985507246376,1.339986123959297,1.0,1.0,33.5,23,23,46,0.32,-9.879999999999999,7.6,2.6,1.1819062506030606,9,23,38,23,1,1,1,0,0,0,0,0,0,0.782608695652174,0,1,0.782608695652174,1
1.0,1.0,9,1.0,20,1.5432098766666666,13.88888889,0.9190476193333333,13.78571429,1.1776659038901602,160.0,1,11,1.2127443159154367,160.0,0.1031746000000009,1.151400966183575,1.2983277591973243,20,1.2576025080438908,1.1281060708036075,1.0,1.3636363636363635,28.0,15,9,20,3.51,-6.790000000000001,8.9,1.4,1.1758672525439406,18,9,37,11,0,0,1,0,1,0,0,0,0,0.4444444444444444,0,1,0.6363636363636364,1
1.0,1.0,8,1.0,16,1.63234375,13.05875,1.63234375,13.05875,1.543190537084399,141.5,1,8,1.154390451832907,145.0,0.0,1.2639209009952854,1.4102055872516233,18,1.233967927278964,1.0880586922712827,1.0,1.0,28.0,8,8,16,-3.12,-11.719999999999999,9.4,-0.8,1.1584500394906667,18,8,37,8,1,1,3,0,1,0,1,0,0,0.0,0,1,0.0,0
1.0,1.0,6,1.0,12,2.0277777783333333,12.16666667,2.25,13.5,1.545408163265306,133.7,1,6,1.2388505747126437,133.0,-1.3333333300000003,1.196590909090909,1.4037037037037037,18,1.2662162162162163,1.3434108527131783,1.0,1.0,28.5,6,6,12,1.74,-10.46,10.8,1.4,1.1876220053238686,19,6,38,6,0,0,2,0,1,0,0,0,0,0.0,0,1,0.0,0
0.9166666666666666,0.8333333333333334,5,1.0,11,1.625,13.0,1.8888888883333335,11.33333333,1.2531772575250835,102.5,1,6,1.1973403408186016,140.0,1.6666666699999997,1.2639209009952854,0.7491078753076292,32,1.233967927278964,1.2799644037630307,1.3333333333333333,1.0,19.0,6,8,12,-4.06,-22.36,15.5,2.8,1.1584500394906667,0,6,19,6,1,1,1,0,0,0,0,1,0,0.0,1,0,0.0,1
0.9,1.0,5,0.8,9,2.7199999999999998,13.6,2.0714285714285716,14.5,1.2021517302573204,145.0,1,4,1.1973403408186016,145.0,-0.9000000000000004,1.1624045504129656,1.4102055872516233,19,1.0449937888198757,1.2179619565217392,1.0,1.4,19.0,7,5,10,1.74,-10.46,10.8,1.4,1.1584500394906667,36,5,37,5,1,1,4,0,1,0,1,0,0,0.0,0,1,0.0,0
0.5,0.42857142857142855,3,0.5714285714285714,7,0.8946428571428572,12.525,1.1666666666666667,14.0,1.5568619113426172,143.7,1,4,1.3130434782608695,133.1,-1.4749999999999996,1.1756521739130434,0.7234823625922888,27,1.0986103210077205,1.3335857352222766,2.0,1.7142857142857142,37.5,12,14,14,1.79,-11.11,12.4,0.5,1.1758672525439406,1,7,38,7,0,0,1,0,0,0,0,1,0,0.0,1,0,0.0,1
0.0,0.0,0,0.0,0,0.0,0.0,0.0,0.0,1.2021517302573204,130.0,1,0,1.1973403408186016,130.0,0.0,1.1663749294184076,0.8167361524717094,34,1.25372234935164,1.2799644037630307,0.0,0.0,10.0,0,0,12,-4.06,-22.36,15.5,2.8,1.1584500394906667,18,6,19,6,0,0,1,0,0,0,0,1,0,0.0,1,0,0.0,1
0.7,0.8,4,0.6,7,1.9583333333333333,11.75,1.3125,10.5,1.168944099378882,118.4,1,3,1.2550901378579005,125.0,1.25,1.318361688720857,1.2130434782608694,19,1.2275607958732497,1.1528985507246376,1.2,1.6,24.5,8,6,10,0.32,-9.879999999999999,7.6,2.6,1.1819062506030606,11,5,30,5,1,1,5,0,1,0,1,0,0,0.0,0,1,0.0,0
0.9333333333333333,0.875,7,1.0,14,1.63015873,14.67142857,1.957142857142857,13.7,1.5717231848623365,117.8,1,7,1.194817160955946,118.0,0.9714285700000005,1.318361688720857,1.4304347826086956,19,1.2275607958732497,1.2921636019934695,1.125,1.0,19.0,7,9,15,1.79,-11.11,12.4,0.5,1.1819062506030606,0,8,19,7,1,1,1,0,1,0,0,0,0,0.0,0,0,0.0,1
0.0,0.0,0,0.0,0,0.0,0.0,0.0,0.0,1.2830584707646178,140.0,1,0,1.2542082169924211,140.0,0.0,1.189437963944857,0.7927536231884058,30,1.2470369797307752,1.2050514162006132,0.0,0.0,1.0,0,0,12,1.74,-10.46,10.8,1.4,1.1819062506030606,0,6,1,6,0,0,1,0,0,0,1,1,0,0.0,1,0,0.0,1
0.7,0.4,2,1.0,7,1.0384615384615385,13.5,1.2000000000000002,10.8,0.9177633108579399,120.3,1,5,1.1973403408186016,128.0,2.6999999999999993,1.1663210702341136,1.4102055872516233,19,1.25372234935164,1.2179619565217392,2.6,1.8,1.0,9,13,10,3.51,-6.790000000000001,8.9,1.4,1.1584500394906667,0,5,1,5,0,0,2,0,1,0,0,0,1,0.0,0,0,0.0,0
0.8918918918918919,0.75,12,1.0,33,0.5833333333333334,12.25,0.47552447538461534,12.36363636,0.9138586956521739,120.0,0,21,1.2239130434782608,120.0,-0.11363635999999921,1.1663210702341136,0.8167361524717094,25,1.2919274890242176,1.0880586922712827,1.3125,1.2380952380952381,37.5,26,21,37,2.02,-9.68,11.1,0.6,1.1584500394906667,1,16,38,21,0,0,1,1,0,1,0,0,1,0.75,1,1,0.8571428571428571,1
0.0,0.0,0,0.0,0,0.0,0.0,0.0,0.0,1.0138095238095237,116.4,0,0,1.1939285714285715,133.1,0.0,1.2994236311239193,0.748,70,1.0831439393939393,1.0974803149606298,1.8,1.0,37.0,5,9,10,1.74,-10.46,10.8,1.4,1.1876220053238686,0,5,37,5,0,0,2,1,0,1,0,1,1,0.0,1,0,0.0,0
1.0,1.0,5,1.0,10,1.9722222216666667,11.83333333,1.65625,13.25,1.0138095238095237,119.7,1,5,1.1939285714285715,133.0,-1.4166666699999997,1.196590909090909,1.4512849162011174,19,1.0831439393939393,1.0974803149606298,1.2,1.6,37.0,8,6,10,0.79,-12.809999999999999,13.9,-0.3,1.1876220053238686,0,5,37,5,0,0,3,0,1,0,0,0,1,0.0,0,1,0.0,0
1.0,1.0,6,1.0,12,2.25,13.5,2.2777777783333333,13.66666667,1.0635714285714286,126.1,1,6,1.1939285714285715,131.0,-0.16666666999999968,1.2770334928229667,1.4512849162011174,18,1.0831439393939393,1.2365750528541226,1.0,1.0,19.0,6,6,12,0.32,-9.879999999999999,7.6,2.6,1.19,36,6,37,6,0,0,1,0,1,0,0,0,1,0.0,0,1,0.0,1
0.9,0.8,4,1.0,9,1.25,11.25,1.35,10.8,1.0296727924697446,118.6,1,5,1.1803307676305388,120.0,0.4499999999999993,1.355244411692459,1.4334342940889107,19,1.2576025080438908,1.277410022972858,1.8,1.6,19.0,8,9,10,-0.92,-17.42,16.2,0.3,1.1758672525439406,0,5,19,5,0,0,2,0,1,0,0,0,0,0.0,0,1,0.0,0
1.0,1.0,8,1.0,15,1.5092,15.092,1.5115,15.115,1.543190537084399,138.7,1,7,1.1973403408186016,148.0,-0.022999999999999687,1.1624045504129656,1.4102055872516233,19,1.233967927278964,1.2799644037630307,1.25,1.4285714285714286,19.0,10,10,15,-4.06,-22.36,15.5,2.8,1.1584500394906667,0,8,19,7,1,1,1,0,1,0,1,0,0,0.0,0,0,0.0,1
0.875,0.875,7,0.875,14,1.5516071425,12.41285714,1.5516071425,12.41285714,1.5568619113426172,122.0,1,7,1.2127443159154367,100.0,0.0,1.225328614762386,0.7234823625922888,24,1.2647449755785092,1.277410022972858,1.0,1.0,10.0,8,8,16,1.74,-10.46,10.8,1.4,1.1758672525439406,18,8,19,8,0,0,1,0,0,0,0,0,0,0.0,1,0,0.0,1
0.6086956521739131,0.6,6,0.6153846153846154,14,0.6470588235294118,11.0,0.6118421052631579,11.625,1.0067868504772004,120.0,1,8,1.1990645264164983,130.0,-0.625,1.183961352657005,0.73904412557989,28,1.3338955940090156,1.2921636019934695,1.7,1.4615384615384615,28.5,19,17,23,-4.06,-22.36,15.5,2.8,1.1819062506030606,19,10,38,13,0,0,1,0,0,0,0,1,1,0.5,1,1,0.5384615384615384,1
0.75,0.6666666666666666,4,0.8333333333333334,9,1.25,11.25,1.2222222222222223,11.0,1.4912388027091983,118.0,1,5,1.2821204371076491,125.0,0.25,1.271562304971916,1.2294441386901487,18,1.2576025080438908,1.277410022972858,1.5,1.5,19.0,9,9,12,3.51,-6.790000000000001,8.9,1.4,1.1758672525439406,0,6,19,6,0,0,2,0,1,0,1,0,0,0.0,0,1,0.0,0
0.0,0.0,0,0.0,0,0.0,0.0,0.0,0.0,1.0972332015810278,100.8,1,0,1.1990645264164983,140.0,0.0,1.204451156505842,0.73904412557989,26,1.117896865520728,1.1229617418778761,0.0,0.0,37.0,0,0,0,-0.92,-17.42,16.2,0.3,1.1819062506030606,0,0,37,0,0,0,1,0,0,0,1,1,0,0.0,1,0,0.0,1
0.6,0.4,2,0.8,6,1.1,11.0,1.5357142857142858,10.75,1.0288695652173914,100.0,1,4,1.1933908806863316,133.1,0.25,1.3083536883243772,1.2069998195922786,21,1.2693138979643126,1.2742242031788749,2.0,1.4,19.0,7,10,10,-0.92,-17.42,16.2,0.3,1.1743905726499018,0,5,19,5,0,0,1,0,0,0,0,0,1,0.0,0,0,0.0,1
0.0,0.0,0,0.0,0,0.0,0.0,0.0,0.0,0.7367809883877936,154.0,1,0,1.2011857707509879,150.0,0.0,1.1624045504129656,0.7491078753076292,27,1.1436586685910157,1.2179619565217392,1.2,1.0,2.0,5,6,10,1.79,-11.11,12.4,0.5,1.1584500394906667,2,5,3,5,0,0,1,0,0,0,0,1,0,0.0,1,0,0.0,1
0.8571428571428571,0.8571428571428571,6,0.8571428571428571,12,1.8452380957142858,12.91666667,1.8452380957142858,12.91666667,1.543190537084399,121.5,1,6,1.1973403408186016,135.0,0.0,1.123776517538332,1.4102055872516233,18,1.233967927278964,1.0820586694604504,1.0,1.0,11.0,7,7,14,0.32,-9.879999999999999,7.6,2.6,1.1584500394906667,16,7,19,7,0,0,1,0,1,0,0,0,0,0.0,0,1,0.0,1
0.7,0.6,3,0.8,7,1.33333333375,10.66666667,1.2222222222222223,11.0,0.9177633108579399,131.0,1,4,1.1872670807453416,138.0,-0.3333333300000003,1.3301242236024844,1.4102055872516233,19,1.0449937888198757,1.0880586922712827,1.6,1.8,37.0,9,8,10,1.79,-11.11,12.4,0.5,1.1584500394906667,0,5,37,5,0,0,1,0,1,0,0,0,0,0.0,0,1,0.0,1
1.0,1.0,6,1.0,12,2.0833333333333335,12.5,2.1666666666666665,13.0,1.2359420289855074,108.7,1,6,1.1933908806863316,110.0,-0.5,1.1559857057772485,1.4404225006140996,43,1.0901394585726005,1.2414858951680476,1.0,1.0,19.0,6,6,12,-3.12,-11.719999999999999,9.4,-0.8,1.1743905726499018,36,6,37,6,0,0,2,0,0,0,0,1,0,0.0,1,1,0.0,0
0.9166666666666666,0.8333333333333334,5,1.0,11,1.2222222222222223,11.0,1.185714286,11.85714286,1.4763186934451555,130.9,1,6,1.1990645264164983,134.0,-0.8571428599999997,1.183961352657005,1.4304347826086956,18,1.2470369797307752,1.2050514162006132,1.5,1.6666666666666667,1.0,10,9,12,0.79,-12.809999999999999,13.9,-0.3,1.1819062506030606,0,6,1,6,0,0,1,0,1,1,0,0,0,0.0,0,0,0.0,1
0.6,0.6,3,0.6,6,1.133333333,11.33333333,1.2962962966666667,11.66666667,0.6398191993112355,118.9,1,3,0.6219486642221058,129.0,-0.33333333999999937,1.1622608695652175,1.184466819221968,18,0.5682898550724638,1.0414492753623188,2.0,1.8,35.0,9,10,10,0.32,-9.879999999999999,7.6,2.6,1.1584500394906667,2,5,36,5,0,0,4,0,1,0,0,0,1,0.0,0,1,0.0,0
0.0,0.0,0,0.0,0,0.0,0.0,0.0,0.0,0.6712665406427221,116.0,0,0,1.0813995369179317,123.0,0.0,1.151400966183575,1.2294441386901487,20,1.1213355347642635,1.1916457060725836,1.0,1.0,2.0,5,5,10,3.51,-6.790000000000001,8.9,1.4,1.1758672525439406,2,5,3,5,0,0,5,1,1,1,0,0,1,0.0,0,1,0.0,0
0.1,0.2,1,0.0,1,1.4285714285714286,10.0,0.0,0.0,0.640366132723112,121.6,1,0,1.056521739130435,129.0,10.0,1.204451156505842,1.0745995423340962,19,1.2366956521739132,1.1229617418778761,1.4,2.0,19.5,10,7,10,0.32,-9.879999999999999,7.6,2.6,1.1819062506030606,35,5,37,5,0,0,1,0,1,0,0,0,1,0.0,0,1,0.0,1
1.0,1.0,5,1.0,10,3.5200000000000005,17.6,1.58,15.8,0.8409172126265634,123.0,1,5,1.1933908806863316,123.0,1.8000000000000007,1.1782208343342142,1.1110212335692617,37,1.0901394585726005,1.1019750589821369,1.0,2.0,37.0,10,5,10,-3.12,-11.719999999999999,9.4,-0.8,1.1743905726499018,0,5,37,5,0,0,1,0,0,0,1,1,1,0.0,1,0,0.0,1
0.3076923076923077,0.2857142857142857,2,0.3333333333333333,4,2.2857142857142856,16.0,2.6666666666666665,16.0,0.6398191993112355,160.0,0,2,1.1081088290210723,160.0,0.0,1.3025204788909892,1.2388849929873773,24,1.1436586685910157,1.2767270531400965,1.0,1.0,20.5,6,7,13,3.51,-6.790000000000001,8.9,1.4,1.1584500394906667,35,7,38,6,0,0,1,1,0,1,0,0,1,0.2857142857142857,1,0,0.3333333333333333,1
0.875,0.875,7,0.875,14,1.9928571425,15.94285714,1.9928571425,15.94285714,1.543190537084399,160.0,1,7,1.1973403408186016,140.0,0.0,1.1624045504129656,0.7491078753076292,27,1.0449937888198757,1.2767270531400965,1.0,1.0,37.5,8,8,16,-1.7,-18.099999999999998,12.7,3.7,1.1584500394906667,1,8,38,8,0,0,1,0,0,0,1,1,0,0.0,1,0,0.0,1
0.75,0.8333333333333334,5,0.6666666666666666,9,1.1090909090909091,12.2,1.125,11.25,1.1767016491754123,112.0,1,4,1.2013971665852468,120.0,0.9499999999999993,1.1663749294184076,1.4102055872516233,18,1.394429347826087,1.2179619565217392,1.8333333333333333,1.6666666666666667,2.5,10,11,12,3.51,-6.790000000000001,8.9,1.4,1.1584500394906667,3,6,4,6,0,0,5,0,1,0,0,0,0,0.0,0,1,0.0,0
1.0,1.0,6,1.0,12,1.64583333375,13.16666667,2.2222222216666667,13.33333333,1.49416149068323,155.0,1,6,1.2125797101449276,163.0,-0.16666666000000063,1.1968670076726344,1.4404225006140996,21,1.0901394585726005,1.1019750589821369,1.3333333333333333,1.0,37.0,6,8,12,-3.12,-11.719999999999999,9.4,-0.8,1.1743905726499018,0,6,37,6,1,1,1,0,0,0,0,0,0,0.0,0,0,0.0,1
1.0,1.0,6,1.0,12,2.0277777783333333,12.16666667,1.7857142857142858,12.5,1.2413610586011343,101.0,1,6,1.1803307676305388,140.0,-0.3333333300000003,1.151400966183575,0.7234823625922888,35,1.0986103210077205,1.1281060708036075,1.0,1.1666666666666667,37.0,7,6,12,-4.06,-22.36,15.5,2.8,1.1758672525439406,0,6,37,6,0,0,1,0,0,0,1,1,0,0.0,1,0,0.0,1
0.9166666666666666,0.8333333333333334,5,1.0,11,1.3,13.0,1.53571428625,12.28571429,1.0605978260869566,125.0,1,6,1.1803307676305388,130.0,0.7142857100000004,1.151400966183575,0.7234823625922888,41,1.0986103210077205,1.1281060708036075,1.6666666666666667,1.3333333333333333,37.0,8,10,12,3.51,-6.790000000000001,8.9,1.4,1.1758672525439406,0,6,37,6,0,0,1,0,0,0,1,1,0,0.0,1,0,0.0,1
0.0,0.0,0,0.0,0,0.0,0.0,0.0,0.0,1.140246768507638,116.5,1,0,1.3066447908121412,127.0,0.0,1.355244411692459,1.4334342940889107,20,1.2647449755785092,1.1916457060725836,1.0,1.1666666666666667,1.0,7,6,12,-0.92,-17.42,16.2,0.3,1.1758672525439406,0,6,1,6,0,0,4,0,1,0,1,0,0,0.0,0,1,0.0,0
0.7647058823529411,0.7142857142857143,5,0.8,13,1.9142857142857144,13.4,1.0446428571428572,14.625,1.3923076923076922,148.5,1,8,0.6161764705882353,170.0,-1.2249999999999996,1.155188679245283,1.1977777777777778,47,1.0831439393939393,1.19,1.0,1.4,31.0,14,7,17,-3.12,-11.719999999999999,9.4,-0.8,1.1876220053238686,12,7,37,10,0,0,1,0,0,0,0,1,1,0.7142857142857143,1,0,0.8,1
0.6,0.6,3,0.6,6,1.5,12.0,1.8571428571428572,13.0,1.2021517302573204,136.3,0,3,1.1973403408186016,131.0,-1.0,1.245065950170982,1.4102055872516233,18,1.0449937888198757,1.2799644037630307,1.6,1.4,28.0,7,8,10,0.32,-9.879999999999999,7.6,2.6,1.1584500394906667,18,5,37,5,0,0,3,1,1,1,0,0,0,0.0,0,1,0.0,0
0.5833333333333334,0.6666666666666666,4,0.5,7,0.7948717946153846,10.33333333,1.6666666671428572,11.66666667,1.3761848805327068,112.5,1,3,1.2127443159154367,117.0,-1.3333333399999994,1.355244411692459,0.9819806763285025,19,1.2647449755785092,1.1916457060725836,2.1666666666666665,1.1666666666666667,1.0,7,13,12,0.79,-12.809999999999999,13.9,-0.3,1.1758672525439406,0,6,1,6,0,0,1,0,1,0,0,0,1,0.16666666666666666,0,1,0.5,1
1.0,1.0,6,1.0,12,2.3611111116666668,14.16666667,2.4722222216666667,14.83333333,1.2830584707646178,120.5,1,6,1.1990645264164983,146.0,-0.6666666600000006,1.2806596701649176,0.73904412557989,44,1.117896865520728,1.1229617418778761,1.0,1.0,37.0,6,6,12,1.74,-10.46,10.8,1.4,1.1819062506030606,0,6,37,6,0,0,1,0,0,0,0,1,0,0.0,1,0,0.0,1
0.6666666666666666,0.6666666666666666,4,0.6666666666666666,8,1.45,11.6,2.1666666666666665,13.0,1.3761848805327068,119.6,0,4,1.251728743136964,122.0,-1.4000000000000004,1.355244411692459,1.2294441386901487,21,1.2576025080438908,1.3335857352222766,1.3333333333333333,1.0,28.5,6,8,12,1.74,-10.46,10.8,1.4,1.1758672525439406,19,6,38,6,0,0,5,1,0,1,0,0,0,0.0,0,0,0.0,0
1.0,1.0,5,1.0,10,1.0363636363636364,11.4,1.657142857142857,11.6,0.9177633108579399,128.9,1,5,1.2239130434782608,131.0,-0.1999999999999993,1.1622608695652175,1.184466819221968,18,1.0449937888198757,1.2767270531400965,2.2,1.4,37.5,7,11,10,-0.92,-17.42,16.2,0.3,1.1584500394906667,1,5,38,5,1,1,5,0,1,0,1,0,0,0.0,0,0,0.0,0
1.0,1.0,8,1.0,15,1.728125,13.825,1.3513888888888888,12.1625,1.218035426731079,123.9,1,7,1.2125797101449276,122.0,1.6624999999999996,1.1697181559973782,1.4404225006140996,19,1.0901394585726005,1.2414858951680476,1.0,1.2857142857142858,19.0,9,8,15,0.79,-12.809999999999999,13.9,-0.3,1.1743905726499018,36,8,37,7,0,0,4,0,1,0,0,0,0,0.0,0,0,0.0,0
0.6666666666666666,0.5,2,0.8,6,2.875,11.5,2.4,12.0,1.0288695652173914,128.6,1,4,1.3003910743041178,124.0,-0.5,1.1559857057772485,1.4404225006140996,20,1.2357226792009401,1.2742242031788749,1.0,1.0,28.5,5,4,9,0.32,-9.879999999999999,7.6,2.6,1.1743905726499018,19,4,38,5,0,0,1,0,1,0,0,0,0,0.0,0,1,0.0,1
0.7,0.8,4,0.6,7,2.4,12.0,1.6666666671428572,11.66666667,1.1542253521126762,122.4,1,3,1.0786585365853658,121.0,0.3333333300000003,1.3345945945945945,1.4512849162011174,19,1.1182648401826485,1.3042389210019267,1.0,1.4,11.0,7,5,10,-3.12,-11.719999999999999,9.4,-0.8,1.1876220053238686,16,5,19,5,0,0,3,0,1,0,0,0,1,0.0,0,1,0.0,0
1.0,1.0,6,1.0,12,2.1666666666666665,13.0,1.8571428571428572,13.0,1.0588932806324112,123.9,1,6,1.2125797101449276,126.0,0.0,1.3083536883243772,1.4404225006140996,18,1.2357226792009401,1.1019750589821369,1.0,1.1666666666666667,37.5,7,6,12,1.79,-11.11,12.4,0.5,1.1743905726499018,1,6,38,6,1,1,6,0,1,0,0,0,0,0.0,0,1,0.0,0
0.8666666666666667,0.875,7,0.8571428571428571,13,1.69642857125,13.57142857,1.411111111111111,12.7,1.5717231848623365,144.3,1,6,1.1990645264164983,138.0,0.8714285700000008,1.1306197964847364,1.4304347826086956,20,1.3338955940090156,1.2921636019934695,1.0,1.2857142857142858,28.5,9,8,15,0.79,-12.809999999999999,13.9,-0.3,1.1819062506030606,19,8,38,7,0,0,1,0,1,0,0,0,0,0.0,0,0,0.0,1
1.0,1.0,5,1.0,10,2.6399999999999997,13.2,2.32,11.6,0.9895400126023945,129.9,1,5,1.1990645264164983,133.0,1.5999999999999996,1.204451156505842,1.4304347826086956,18,1.2275607958732497,1.1229617418778761,1.0,1.0,28.0,5,5,10,1.79,-11.11,12.4,0.5,1.1819062506030606,18,5,37,5,0,0,1,0,1,0,1,0,1,0.0,0,0,0.0,1
0.71875,0.6666666666666666,10,0.7647058823529411,23,0.8266666666666667,12.4,0.6410256411111112,11.53846154,1.3746562616127835,105.2,1,13,1.2550901378579005,108.0,0.8615384600000002,1.318361688720857,1.0228260869565218,25,1.3338955940090156,1.339986123959297,1.0,1.0588235294117647,38.0,18,15,32,-1.7,-18.099999999999998,12.7,3.7,1.1819062506030606,0,15,38,17,0,0,1,0,0,0,1,0,1,0.6666666666666666,1,1,0.6470588235294118,1
1.0,1.0,5,1.0,10,1.22,12.2,2.0285714285714285,14.2,1.2067357512953367,134.0,1,5,1.2783606557377047,134.0,-2.0,1.196590909090909,1.11875,22,1.0831439393939393,1.0974803149606298,2.0,1.4,37.0,7,10,10,-1.7,-18.099999999999998,12.7,3.7,1.1876220053238686,0,5,37,5,0,0,1,0,0,0,1,0,0,0.0,0,1,0.4,1
0.875,0.875,7,0.875,14,1.63232142875,13.05857143,1.63232142875,13.05857143,1.543190537084399,100.0,1,7,1.154390451832907,100.0,0.0,1.1624045504129656,0.973494983277592,19,1.0449937888198757,1.0880586922712827,1.0,1.0,37.0,8,8,16,1.74,-10.46,10.8,1.4,1.1584500394906667,0,8,37,8,1,1,1,0,1,0,0,0,0,0.0,0,1,0.0,1
1.0,1.0,5,1.0,10,1.7714285714285716,12.4,1.1818181818181819,13.0,1.1776659038901602,123.9,1,5,1.0702608695652174,134.0,-0.5999999999999996,1.225328614762386,1.4555900621118012,18,1.2576025080438908,1.1281060708036075,1.4,2.2,28.0,11,7,10,-3.12,-11.719999999999999,9.4,-0.8,1.1758672525439406,18,5,37,5,0,0,5,0,1,0,1,0,1,0.0,0,1,0.0,0
0.9166666666666666,1.0,6,0.8333333333333334,11,1.8888888883333335,11.33333333,1.65,13.2,1.4912388027091983,135.9,1,5,1.1803307676305388,131.0,-1.866666669999999,1.151400966183575,1.4334342940889107,18,1.0986103210077205,1.1916457060725836,1.0,1.3333333333333333,19.0,8,6,12,-3.12,-11.719999999999999,9.4,-0.8,1.1758672525439406,36,6,37,6,0,0,1,0,1,0,1,0,0,0.0,0,1,0.0,1
0.5833333333333334,0.5,3,0.6666666666666666,7,0.7857142857142857,11.0,0.9,10.8,1.2768658451522903,118.0,1,4,1.0673369565217392,125.0,0.1999999999999993,1.2816864295125163,1.2069998195922786,19,1.1418478260869565,1.0992070002734482,2.3333333333333335,2.0,3.0,12,14,12,0.79,-12.809999999999999,13.9,-0.3,1.1743905726499018,0,6,3,6,0,0,1,0,1,0,0,0,1,0.0,0,1,0.0,1
0.5,0.5,3,0.5,6,0.8611111108333334,10.33333333,0.7948717946153846,10.33333333,1.0605978260869566,121.7,1,3,1.3066447908121412,136.0,0.0,1.355244411692459,1.2294441386901487,20,1.0986103210077205,1.1281060708036075,2.0,2.1666666666666665,37.0,13,12,12,1.74,-10.46,10.8,1.4,1.1758672525439406,0,6,37,6,0,0,1,0,1,0,1,0,0,0.0,0,1,0.0,1
1.0,1.0,6,1.0,12,2.06122449,14.42857143,1.3194444444444444,11.875,1.433108695652174,121.7,1,6,1.1973403408186016,136.0,2.55357143,1.1624045504129656,1.4102055872516233,20,1.233967927278964,1.2767270531400965,1.1666666666666667,1.5,28.5,9,7,12,-0.92,-17.42,16.2,0.3,1.1584500394906667,19,6,38,6,1,1,1,0,1,0,1,0,0,0.0,0,0,0.0,1
0.0,0.0,0,0.0,0,0.0,0.0,0.0,0.0,0.8409172126265634,121.7,0,0,1.2125797101449276,133.1,0.0,1.2816864295125163,0.7313379542113002,31,1.2693138979643126,0.9881006864988557,1.4,1.4,29.0,7,7,10,-0.92,-17.42,16.2,0.3,1.1743905726499018,20,5,39,5,0,0,1,1,0,1,0,1,0,0.0,1,0,0.0,1
0.0,0.0,0,0.0,0,0.0,0.0,0.0,0.0,1.2830584707646178,100.0,1,0,0.7685990338164251,100.0,0.0,0.8917391304347827,0.73904412557989,34,1.117896865520728,1.1229617418778761,0.0,0.0,37.0,0,0,12,-1.7,-18.099999999999998,12.7,3.7,1.1819062506030606,0,6,37,6,0,0,1,0,0,0,1,1,0,0.0,1,0,0.0,1
0.6666666666666666,0.7142857142857143,5,0.625,10,1.0,12.0,0.640350877368421,12.16666667,1.0138998682476945,125.0,0,5,1.1990645264164983,110.0,-0.16666666999999968,1.204451156505842,1.0228260869565218,31,0.9693363844393593,1.2921636019934695,1.7142857142857142,2.375,15.5,19,12,15,0.32,-9.879999999999999,7.6,2.6,1.1819062506030606,7,7,19,8,0,0,1,0,0,0,1,1,1,0.42857142857142855,1,0,0.375,1
0.9166666666666666,0.8333333333333334,5,1.0,11,1.1363636363636365,12.5,1.5,15.0,1.0808549506759224,150.0,1,6,0.9864906832298137,133.1,-2.5,1.2639209009952854,0.7491078753076292,31,1.0449937888198757,1.0880586922712827,1.8333333333333333,1.6666666666666667,37.0,10,11,12,0.79,-12.809999999999999,13.9,-0.3,1.1584500394906667,0,6,37,6,0,0,1,0,0,0,0,1,1,0.0,1,0,0.0,1
0.9,1.0,5,0.8,9,1.342857143,13.42857143,1.3333333333333333,12.0,1.1621118012422362,120.2,1,4,1.2242311770943797,130.0,1.4285714299999999,1.3083536883243772,1.0102538326212618,20,1.2693138979643126,1.3033971014492753,2.0,1.8,28.5,9,10,10,1.74,-10.46,10.8,1.4,1.1743905726499018,19,5,38,5,0,0,1,0,1,0,1,0,0,0.0,0,1,0.0,1
0.7,0.8,4,0.6,7,1.40625,11.25,1.1666666669999999,11.66666667,1.168944099378882,114.0,1,3,0.8377574370709383,120.0,-0.4166666699999997,1.189437963944857,0.73904412557989,29,1.1834782608695653,1.1889855072463769,1.6,2.0,11.0,10,8,10,0.32,-9.879999999999999,7.6,2.6,1.1819062506030606,0,5,11,5,0,0,1,0,0,0,0,1,1,0.0,1,1,0.0,1
0.4166666666666667,0.16666666666666666,1,0.6666666666666666,5,1.2727272727272727,14.0,1.5625,12.5,1.0605978260869566,138.1,1,4,1.251728743136964,158.0,1.5,1.151400966183575,1.2294441386901487,19,1.0986103210077205,1.1281060708036075,1.8333333333333333,1.3333333333333333,37.0,8,11,12,0.32,-9.879999999999999,7.6,2.6,1.1758672525439406,0,6,37,6,0,0,1,0,1,0,0,0,0,0.0,0,1,0.0,1
1.0,1.0,6,1.0,12,1.7142857142857142,12.0,1.7551020414285714,12.28571429,1.4912388027091983,140.7,1,6,1.2127443159154367,140.0,-0.2857142899999996,1.1051039697542533,1.4334342940889107,19,1.2647449755785092,1.277410022972858,1.1666666666666667,1.1666666666666667,10.0,7,7,12,1.79,-11.11,12.4,0.5,1.1758672525439406,18,6,19,6,0,0,1,0,1,0,1,0,0,0.0,0,0,0.0,1
1.0,1.0,6,1.0,12,2.3333333333333335,14.0,2.1666666666666665,13.0,1.1767016491754123,124.4,1,6,1.154390451832907,128.0,1.0,1.2639209009952854,1.184466819221968,19,1.233967927278964,1.2799644037630307,1.0,1.0,19.0,6,6,12,0.79,-12.809999999999999,13.9,-0.3,1.1584500394906667,0,6,19,6,1,1,1,0,1,0,1,0,0,0.0,0,0,0.0,1
0.5,0.6666666666666666,4,0.3333333333333333,6,0.6666666666666666,10.0,0.65625,10.5,1.0588932806324112,107.2,1,2,1.1933908806863316,110.0,-0.5,1.1782208343342142,1.0102538326212618,19,1.0901394585726005,1.1019750589821369,2.5,2.6666666666666665,37.0,16,15,12,0.32,-9.879999999999999,7.6,2.6,1.1743905726499018,0,6,37,6,0,0,3,0,1,0,1,0,1,0.0,0,1,0.16666666666666666,0
1.0,1.0,6,1.0,12,1.66071428625,13.28571429,2.4722222216666667,14.83333333,1.140246768507638,128.8,1,6,1.0702608695652174,141.0,-1.5476190400000007,1.355244411692459,1.2294441386901487,19,1.2647449755785092,1.277410022972858,1.3333333333333333,1.0,10.0,6,8,12,3.51,-6.790000000000001,8.9,1.4,1.1758672525439406,18,6,19,6,0,0,1,0,1,0,0,0,0,0.0,0,1,0.0,1
1.0,1.0,5,1.0,10,2.7199999999999998,13.6,2.0571428571428574,14.4,1.1776659038901602,130.8,1,5,1.1803307676305388,136.0,-0.8000000000000007,1.151400966183575,1.4334342940889107,18,1.2647449755785092,1.3335857352222766,1.0,1.4,19.5,7,5,10,-1.7,-18.099999999999998,12.7,3.7,1.1758672525439406,37,5,38,5,0,0,1,0,1,0,1,0,0,0.0,0,1,0.0,1
1.0,1.0,7,1.0,14,1.87755102,13.14285714,1.214285714,12.14285714,0.8927536231884058,119.4,1,7,1.2125797101449276,125.0,1.0,1.1803969095591578,1.2069998195922786,18,1.2643147284489245,1.2742242031788749,1.0,1.4285714285714286,10.0,10,7,14,1.79,-11.11,12.4,0.5,1.1743905726499018,18,7,19,7,0,0,2,0,1,0,1,0,0,0.0,0,1,0.0,0
0.875,0.875,7,0.875,14,1.78928571375,14.31428571,1.78928571375,14.31428571,1.5796068796068796,133.0,1,7,1.2145569620253165,160.0,0.0,1.2994236311239193,1.4512849162011174,18,1.0831439393939393,1.0974803149606298,1.0,1.0,37.0,8,8,16,-1.7,-18.099999999999998,12.7,3.7,1.1876220053238686,0,8,37,8,1,1,4,0,1,0,1,0,1,0.0,0,1,0.0,0
1.0,1.0,6,1.0,12,2.25,13.5,2.305555555,13.83333333,1.3923076923076922,133.8,1,6,1.1939285714285715,132.0,-0.3333333300000003,1.148233215547703,1.4512849162011174,20,1.2868092691622104,1.2365750528541226,1.0,1.0,1.0,6,6,12,-0.92,-17.42,16.2,0.3,1.1876220053238686,0,6,1,6,1,1,1,0,1,0,1,0,0,0.0,0,1,0.0,1
0.3333333333333333,0.3333333333333333,2,0.3333333333333333,4,1.625,13.0,0.9444444441666667,11.33333333,1.0663865546218485,130.0,0,2,1.1939285714285715,130.0,1.6666666699999997,0.9646551724137932,1.2134920634920636,23,1.2868092691622104,1.124342105263158,1.3333333333333333,2.0,2.0,12,8,12,0.79,-12.809999999999999,13.9,-0.3,1.1876220053238686,2,6,3,6,0,0,1,1,0,1,0,0,1,0.0,0,1,0.0,1
0.7,0.4,2,1.0,7,1.5625,12.5,1.4,12.6,0.683695652173913,123.3,1,5,1.1939285714285715,131.0,-0.09999999999999964,1.2994236311239193,1.225164113785558,19,1.2662162162162163,1.0974803149606298,1.6,1.8,28.0,9,8,10,3.51,-6.790000000000001,8.9,1.4,1.1876220053238686,18,5,37,5,1,1,5,0,1,0,0,0,1,0.0,0,1,0.0,0
1.0,1.0,6,1.0,12,2.0277777783333333,12.16666667,1.60416666625,12.83333333,1.545408163265306,131.1,1,6,1.19,137.0,-0.6666666600000006,1.207142857142857,1.225164113785558,18,1.2932721712538227,1.3042389210019267,1.0,1.3333333333333333,28.5,8,6,12,3.51,-6.790000000000001,8.9,1.4,1.1876220053238686,19,6,38,6,1,1,1,0,1,0,0,0,0,0.0,0,1,0.0,1
1.0,1.0,6,1.0,12,2.1388888883333332,12.83333333,2.5,15.0,1.2840579710144928,127.2,1,6,1.2550901378579005,131.0,-2.1666666699999997,1.318361688720857,1.4304347826086956,18,1.3338955940090156,1.1229617418778761,1.0,1.0,37.5,6,6,12,3.51,-6.790000000000001,8.9,1.4,1.1819062506030606,1,6,38,6,1,1,3,0,1,0,1,0,0,0.0,0,1,0.0,0
0.0,0.0,0,0.0,0,0.0,0.0,0.0,0.0,1.0663865546218485,138.1,0,0,1.1939285714285715,135.0,0.0,1.2795454545454545,0.748,28,1.2932721712538227,1.3434108527131783,1.1666666666666667,1.0,38.0,6,7,12,3.51,-6.790000000000001,8.9,1.4,1.1876220053238686,0,6,38,6,0,0,1,1,0,1,0,1,0,0.0,1,0,0.0,1
0.9,0.8,4,1.0,9,1.40625,11.25,2.3600000000000003,11.8,1.0138095238095237,132.4,1,5,1.1939285714285715,131.0,-0.5500000000000007,1.2994236311239193,1.4512849162011174,19,1.2662162162162163,1.3434108527131783,1.6,1.0,28.5,5,8,10,-3.12,-11.719999999999999,9.4,-0.8,1.1876220053238686,19,5,38,5,0,0,3,0,1,0,0,0,0,0.0,0,1,0.0,0
0.8333333333333334,0.8333333333333334,5,0.8333333333333334,10,0.7857142857142857,11.0,1.1666666666666667,14.0,1.2130202278539874,111.6,1,5,1.2542082169924211,120.0,-3.0,1.318361688720857,1.4304347826086956,19,1.3338955940090156,1.339986123959297,2.3333333333333335,2.0,38.0,12,14,12,-0.92,-17.42,16.2,0.3,1.1819062506030606,0,6,38,6,0,0,1,0,1,0,0,0,0,0.0,0,1,0.0,1
0.08333333333333333,0.0,0,0.16666666666666666,1,0.0,0.0,2.0,14.0,1.168944099378882,125.6,1,1,1.2542082169924211,127.0,-14.0,1.318361688720857,1.2130434782608694,18,1.2470369797307752,1.339986123959297,1.0,1.1666666666666667,19.5,7,6,12,-4.06,-22.36,15.5,2.8,1.1819062506030606,37,6,38,6,1,0,1,0,1,1,0,0,0,0.0,0,0,0.0,1
0.9,1.0,5,0.8,9,2.68,13.4,1.35,13.5,0.7812111801242235,129.5,1,4,1.1973403408186016,140.0,-0.09999999999999964,1.1624045504129656,1.4102055872516233,18,1.233967927278964,1.0880586922712827,1.0,2.0,28.0,10,5,10,-1.7,-18.099999999999998,12.7,3.7,1.1584500394906667,18,5,37,5,0,0,2,0,1,0,1,0,0,0.0,0,1,0.0,0
0.8,0.8,4,0.8,8,2.3,11.5,1.7428571428571427,12.2,1.168944099378882,113.0,1,4,1.194817160955946,120.0,-0.6999999999999993,1.1306197964847364,1.2130434782608694,20,1.2275607958732497,1.2921636019934695,1.0,1.4,19.0,7,5,10,0.32,-9.879999999999999,7.6,2.6,1.1819062506030606,0,5,19,5,0,0,1,0,1,0,1,0,0,0.0,0,1,0.0,1
0.8666666666666667,0.875,7,0.8571428571428571,13,1.53015873,13.77142857,1.79166666625,14.33333333,1.547589908749329,105.8,1,6,1.1933908806863316,110.0,-0.5619047600000009,1.3083536883243772,1.4404225006140996,22,1.2693138979643126,1.2742242031788749,1.125,1.1428571428571428,19.0,8,9,15,2.02,-9.68,11.1,0.6,1.1743905726499018,0,8,19,7,0,0,1,0,0,0,0,0,1,0.0,0,1,0.0,1
0.9230769230769231,1.0,6,0.8571428571428571,12,1.4125,14.125,1.1785714283333333,14.14285714,0.6712665406427221,180.0,1,6,1.1803307676305388,180.0,-0.01785714000000027,1.225328614762386,1.156304347826087,20,1.2647449755785092,1.1916457060725836,1.6666666666666667,1.7142857142857142,1.0,12,10,13,1.79,-11.11,12.4,0.5,1.1758672525439406,0,6,1,7,1,1,1,0,1,0,0,0,1,0.16666666666666666,0,0,0.42857142857142855,1
0.8,1.0,5,0.6,8,1.45,11.6,1.33333333375,10.66666667,1.0296727924697446,151.3,1,3,1.2127443159154367,160.0,0.93333333,1.271562304971916,1.4334342940889107,23,0.9826086956521739,1.277410022972858,1.6,1.6,14.0,8,8,10,0.32,-9.879999999999999,7.6,2.6,1.1758672525439406,10,5,19,5,0,0,1,0,0,0,0,0,0,0.0,0,0,0.0,1
0.8,0.6,3,1.0,8,1.3333333333333333,12.0,1.6857142857142857,11.8,0.6712665406427221,121.7,1,5,1.2889632107023412,135.0,0.1999999999999993,1.1621483375959079,1.2294441386901487,18,1.2647449755785092,1.277410022972858,1.8,1.4,10.0,7,9,10,3.51,-6.790000000000001,8.9,1.4,1.1758672525439406,18,5,19,5,0,0,3,0,1,0,0,0,1,0.0,0,1,0.0,0
0.9166666666666666,0.8333333333333334,5,1.0,11,1.3888888888888888,12.5,1.9285714285714286,13.5,1.3746562616127835,121.2,1,6,1.1990645264164983,124.0,-1.0,1.189437963944857,1.4304347826086956,20,1.117896865520728,1.2921636019934695,1.5,1.1666666666666667,28.0,7,9,12,1.74,-10.46,10.8,1.4,1.1819062506030606,18,6,37,6,1,1,1,0,1,0,0,0,1,0.16666666666666666,0,0,0.16666666666666666,1
0.75,0.5,3,1.0,9,0.7037037038888889,12.66666667,1.4444444444444444,13.0,1.2130202278539874,150.0,1,6,1.056521739130435,150.0,-0.3333333300000003,1.189437963944857,1.1124779073877695,22,1.100568702990277,1.2921636019934695,3.0,1.5,11.0,9,18,12,1.79,-11.11,12.4,0.5,1.1819062506030606,16,6,19,6,0,0,1,0,0,0,0,0,0,0.16666666666666666,0,1,0.16666666666666666,1
0.0,0.0,0,0.0,0,0.0,0.0,0.0,0.0,1.0635714285714286,126.0,0,0,1.2783606557377047,126.0,0.0,1.1960526315789475,1.225164113785558,29,1.0831439393939393,1.0974803149606298,1.0,2.0,37.0,12,6,12,-3.12,-11.719999999999999,9.4,-0.8,1.1876220053238686,0,6,37,6,0,0,1,0,0,0,0,1,1,0.0,1,0,0.0,1
1.0,1.0,8,1.0,15,1.571875,12.575,1.9020408157142856,13.31428571,1.5796068796068796,116.6,1,7,1.2521505376344086,122.0,-0.7392857100000008,1.196590909090909,1.4512849162011174,20,1.2662162162162163,1.0974803149606298,1.0,1.0,28.0,7,8,15,1.79,-11.11,12.4,0.5,1.1876220053238686,18,8,37,7,1,0,6,0,1,1,0,0,1,0.0,0,1,0.0,0
1.0,1.0,5,1.0,10,2.033333333333333,12.2,2.68,13.4,0.9177633108579399,132.3,1,5,1.2239130434782608,147.0,-1.200000000000001,1.2639209009952854,1.184466819221968,18,1.233967927278964,1.2767270531400965,1.2,1.0,28.5,5,6,10,-1.7,-18.099999999999998,12.7,3.7,1.1584500394906667,19,5,38,5,1,1,3,0,1,0,0,0,0,0.0,0,1,0.0,0
0.9166666666666666,0.8333333333333334,5,1.0,11,1.5925925922222222,14.33333333,1.84375,14.75,1.1767016491754123,150.0,1,6,1.2013971665852468,133.1,-0.4166666699999997,1.1622608695652175,1.184466819221968,21,1.25372234935164,1.0880586922712827,1.5,1.3333333333333333,19.0,8,9,12,2.02,-9.68,11.1,0.6,1.1584500394906667,36,6,37,6,0,0,1,0,0,0,0,0,1,0.0,0,0,0.0,1
1.0,1.0,8,1.0,16,1.6709375,13.3675,1.6709375,13.3675,1.5796068796068796,120.0,1,8,1.1939285714285715,133.1,0.0,1.155188679245283,0.748,25,1.2662162162162163,1.0974803149606298,1.0,1.0,28.0,8,8,16,-3.12,-11.719999999999999,9.4,-0.8,1.1876220053238686,18,8,37,8,1,1,1,0,0,0,0,0,0,0.0,1,0,0.0,1
1.0,1.0,8,1.0,15,1.74796875,13.98375,1.76640625,14.13125,1.5717231848623365,122.1,1,7,1.2550901378579005,131.0,-0.14749999999999908,1.1306197964847364,1.4304347826086956,18,1.2275607958732497,1.2921636019934695,1.0,1.1428571428571428,19.0,8,8,15,-4.06,-22.36,15.5,2.8,1.1819062506030606,0,8,19,7,0,0,2,0,1,0,0,0,0,0.0,0,1,0.0,0
0.875,0.875,7,0.875,14,1.875,15.0,1.875,15.0,1.5796068796068796,122.0,1,7,1.1939285714285715,131.0,0.0,1.148233215547703,1.4512849162011174,19,1.2868092691622104,1.2365750528541226,1.0,1.0,1.0,8,8,16,-1.7,-18.099999999999998,12.7,3.7,1.1876220053238686,0,8,1,8,0,0,1,0,1,0,1,0,0,0.0,0,0,0.0,1
0.9166666666666666,1.0,12,0.8333333333333334,22,1.2152777775,14.58333333,1.2249999999999999,14.7,1.3723199468967806,148.0,1,10,1.0673369565217392,148.0,-0.11666666999999897,1.1559857057772485,1.4404225006140996,20,1.1418478260869565,1.2414858951680476,1.0,1.0,2.0,12,12,24,-4.06,-22.36,15.5,2.8,1.1743905726499018,2,12,3,12,0,0,1,0,1,0,0,0,0,0.6666666666666666,0,1,0.5833333333333334,1
1.0,1.0,12,1.0,25,1.0416666666666667,12.5,0.917159763076923,11.92307692,0.9895400126023945,122.8,0,13,1.1990645264164983,120.0,0.5769230800000003,1.204451156505842,1.0228260869565218,42,1.117896865520728,1.1229617418778761,1.0,1.0,37.0,13,12,25,-4.06,-22.36,15.5,2.8,1.1819062506030606,0,12,37,13,0,0,1,1,0,1,1,1,0,1.0,1,0,1.0,1
0.95,0.8888888888888888,8,1.0,19,0.8888888886666667,13.33333333,0.7314814816666666,13.16666667,1.2067357512953367,144.9,0,11,1.236,140.0,0.16666666000000063,1.148233215547703,1.419230769230769,23,1.2662162162162163,1.3434108527131783,1.6666666666666667,1.6363636363636365,28.5,18,15,20,3.51,-6.790000000000001,8.9,1.4,1.1876220053238686,19,9,38,11,0,0,1,1,0,1,0,0,0,0.4444444444444444,0,1,0.6363636363636364,1
0.8666666666666667,0.875,7,0.8571428571428571,13,0.9385416666666666,11.2625,1.128409090909091,12.4125,1.543190537084399,124.8,1,6,1.2013971665852468,137.0,-1.1500000000000004,1.1663749294184076,1.184466819221968,19,1.25372234935164,1.2179619565217392,1.5,1.5714285714285714,1.0,11,12,15,-4.06,-22.36,15.5,2.8,1.1584500394906667,0,8,1,7,1,1,3,0,1,0,0,0,1,0.0,0,1,0.0,0
0.0,0.0,0,0.0,0,0.0,0.0,0.0,0.0,1.5568619113426172,128.0,1,0,0.8501863354037267,141.0,0.0,0.8821256038647343,1.4334342940889107,18,1.2576025080438908,1.1916457060725836,1.0,1.0,10.0,8,8,16,1.74,-10.46,10.8,1.4,1.1758672525439406,18,8,19,8,0,0,1,0,1,0,1,0,1,0.0,0,0,0.0,1
1.0,1.0,5,1.0,10,2.48,12.4,2.6,13.0,1.2021517302573204,122.6,1,5,0.848136645962733,130.0,-0.5999999999999996,0.8200424178154825,1.4102055872516233,18,1.0449937888198757,1.0414492753623188,1.0,1.0,24.0,5,5,10,0.32,-9.879999999999999,7.6,2.6,1.1584500394906667,26,5,37,5,0,0,1,0,1,0,1,0,0,0.0,0,0,0.0,1
0.5,0.3333333333333333,2,0.6666666666666666,6,0.6388888888888888,11.5,1.1363636363636365,12.5,1.1776659038901602,140.0,0,4,1.1803307676305388,140.0,-1.0,1.1051039697542533,1.156304347826087,24,1.2647449755785092,1.146645195920558,3.0,1.8333333333333333,2.0,11,18,12,1.79,-11.11,12.4,0.5,1.1758672525439406,2,6,3,6,0,0,1,1,0,1,0,0,0,0.16666666666666666,1,0,0.3333333333333333,1
1.0,1.0,5,1.0,10,2.2222222216666667,13.33333333,2.6,13.0,0.9177633108579399,144.6,1,5,1.0242050616482803,146.0,0.3333333300000003,1.1622608695652175,1.4102055872516233,18,0.9119162640901771,1.2179619565217392,1.2,1.0,3.0,5,6,10,-0.92,-17.42,16.2,0.3,1.1584500394906667,4,5,5,5,0,0,1,0,1,0,0,0,1,0.0,0,0,0.0,1
0.7,0.8,4,0.6,7,1.28,12.8,0.9393939390909091,10.33333333,0.8455652173913043,146.2,1,3,1.1990645264164983,150.0,2.4666666700000004,1.204451156505842,0.73904412557989,30,1.117896865520728,1.339986123959297,2.0,2.2,37.5,11,10,10,1.79,-11.11,12.4,0.5,1.1819062506030606,1,5,38,5,0,0,1,0,0,0,1,1,0,0.0,1,0,0.0,1
0.0,0.0,0,0.0,0,0.0,0.0,0.0,0.0,1.0605978260869566,125.9,1,0,1.1803307676305388,121.0,0.0,1.201176855181432,1.152445652173913,18,1.2576025080438908,1.277410022972858,0.0,0.0,19.0,0,0,12,0.79,-12.809999999999999,13.9,-0.3,1.1758672525439406,0,6,19,6,0,0,3,0,1,0,0,0,1,0.0,0,1,0.0,0
0.6666666666666666,0.5,3,0.8333333333333334,8,1.2222222222222223,11.0,1.2888888888888888,11.6,0.901159420289855,97.0,1,5,1.1973403408186016,133.1,-0.5999999999999996,1.1624045504129656,1.4102055872516233,23,1.233967927278964,1.2799644037630307,1.5,1.5,19.0,9,9,12,-1.7,-18.099999999999998,12.7,3.7,1.1584500394906667,0,6,19,6,0,0,1,0,0,0,1,0,0,0.0,0,1,0.0,1
0.1,0.0,0,0.2,1,0.0,0.0,0.7857142857142857,11.0,1.0296727924697446,124.8,1,1,1.0813995369179317,130.0,-11.0,1.151400966183575,1.4334342940889107,19,1.302210510906163,1.3335857352222766,1.2,2.8,38.0,14,6,10,0.79,-12.809999999999999,13.9,-0.3,1.1758672525439406,0,5,38,5,0,0,1,0,1,0,0,0,0,0.0,0,0,0.0,1
0.8333333333333334,0.8333333333333334,5,0.8333333333333334,10,1.425,11.4,1.4,12.6,0.8792181890706022,125.0,1,5,1.2542082169924211,132.0,-1.1999999999999993,1.189437963944857,1.4304347826086956,18,1.2366956521739132,1.2921636019934695,1.3333333333333333,1.5,10.5,9,8,12,-3.12,-11.719999999999999,9.4,-0.8,1.1819062506030606,17,6,19,6,0,0,1,0,1,0,1,0,0,0.0,0,1,0.0,1
0.5,0.3333333333333333,2,0.6666666666666666,6,0.65625,10.5,1.15,11.5,1.0635714285714286,122.7,1,4,1.1939285714285715,136.0,-1.0,1.148233215547703,1.4512849162011174,45,1.0831439393939393,1.0974803149606298,2.6666666666666665,1.6666666666666667,37.0,10,16,12,0.32,-9.879999999999999,7.6,2.6,1.1876220053238686,0,6,37,6,1,1,1,0,0,0,1,1,0,0.0,1,0,0.0,1
0.7,0.8,4,0.6,7,1.7916666666666667,10.75,1.5,12.0,1.1542253521126762,114.6,0,3,0.6161764705882353,123.0,-1.25,0.744776119402985,1.225164113785558,18,0.5958333333333333,1.0974803149606298,1.2,1.6,35.5,8,6,10,0.32,-9.879999999999999,7.6,2.6,1.1876220053238686,3,5,37,5,0,0,2,1,1,1,1,0,0,0.0,0,1,0.0,0
0.6,0.6,3,0.6,6,1.2222222222222223,11.0,1.125,11.25,0.9177633108579399,116.4,1,3,1.2013971665852468,122.0,-0.25,1.1622608695652175,1.4102055872516233,21,1.25372234935164,1.2767270531400965,1.8,2.0,19.5,10,9,10,-4.06,-22.36,15.5,2.8,1.1584500394906667,37,5,38,5,0,0,2,0,0,0,0,0,1,0.0,0,0,0.0,0
1.0,1.0,6,1.0,12,1.8979591842857142,13.28571429,2.25,13.5,1.433108695652174,118.4,1,6,1.154390451832907,125.0,-0.2142857100000004,1.123776517538332,1.4102055872516233,19,1.2919274890242176,1.2179619565217392,1.1666666666666667,1.0,19.5,6,7,12,2.02,-9.68,11.1,0.6,1.1584500394906667,37,6,38,6,1,1,6,0,1,0,0,0,0,0.0,0,1,0.0,0
0.0,0.0,0,0.0,0,0.0,0.0,0.0,0.0,1.5796068796068796,126.8,1,0,1.2388505747126437,135.0,0.0,1.196590909090909,1.4512849162011174,19,1.2662162162162163,1.3042389210019267,1.1428571428571428,1.2857142857142858,19.0,9,8,14,-4.06,-22.36,15.5,2.8,1.1876220053238686,0,7,19,7,0,0,1,0,1,0,0,0,1,0.0,0,1,0.0,1
0.0,0.0,0,0.0,0,0.0,0.0,0.0,0.0,1.0632,129.5,1,0,1.106153846153846,140.0,0.0,1.1960526315789475,1.4512849162011174,20,1.2662162162162163,1.3042389210019267,0.0,0.0,19.0,0,0,0,1.74,-10.46,10.8,1.4,1.1876220053238686,0,0,19,0,0,0,1,0,1,0,1,0,1,0.0,0,1,0.0,1
1.0,1.0,8,1.0,15,1.6432098766666667,14.78888889,1.9234693871428572,13.46428571,1.543190537084399,136.6,1,7,1.2239130434782608,142.0,1.3246031800000004,1.123776517538332,1.184466819221968,18,1.2919274890242176,1.2179619565217392,1.125,1.0,19.5,7,9,15,1.79,-11.11,12.4,0.5,1.1584500394906667,37,8,38,7,1,1,1,0,1,0,0,0,0,0.0,0,0,0.0,1
1.0,1.0,6,1.0,12,1.7857142857142858,12.5,1.7619047614285714,12.33333333,1.2768658451522903,113.8,1,6,1.1933908806863316,118.0,0.16666666999999968,1.1782208343342142,1.4404225006140996,19,1.2357226792009401,1.2742242031788749,1.1666666666666667,1.1666666666666667,28.5,7,7,12,3.51,-6.790000000000001,8.9,1.4,1.1743905726499018,19,6,38,6,0,0,5,0,1,0,1,0,0,0.0,0,1,0.0,0
0.0,0.0,0,0.0,0,0.0,0.0,0.0,0.0,0.9982473879339401,148.9,1,0,1.3003910743041178,131.0,0.0,1.2816864295125163,1.2069998195922786,20,1.218035426731079,1.2414858951680476,0.0,0.0,1.5,0,0,0,-3.12,-11.719999999999999,9.4,-0.8,1.1743905726499018,1,0,2,0,0,0,2,0,1,0,1,0,0,0.0,0,1,0.0,0
1.0,1.0,6,1.0,12,1.9285714285714286,13.5,1.7901234566666666,16.11111111,1.0411544227886058,155.8,1,6,1.1933908806863316,120.0,-2.6111111099999995,1.1782208343342142,0.7313379542113002,29,1.0901394585726005,1.1019750589821369,1.1666666666666667,1.5,37.0,9,7,12,0.79,-12.809999999999999,13.9,-0.3,1.1743905726499018,0,6,37,6,0,0,1,0,0,0,1,1,1,0.0,1,0,0.0,1
0.6,0.6,3,0.6,6,1.75,10.5,0.7200000000000001,10.8,1.0288695652173914,117.3,1,3,1.2125797101449276,126.0,-0.3000000000000007,1.1968670076726344,1.2512585812356978,19,1.2693138979643126,1.3033971014492753,1.2,3.0,28.5,15,6,10,0.79,-12.809999999999999,13.9,-0.3,1.1743905726499018,19,5,38,5,0,0,1,0,1,0,0,0,0,0.0,0,1,0.0,1
0.5,0.3333333333333333,2,0.6666666666666666,6,1.41666666625,11.33333333,2.0,12.0,1.3761848805327068,127.5,1,4,1.251728743136964,145.0,-0.6666666699999997,1.355244411692459,1.4334342940889107,20,1.2647449755785092,1.3335857352222766,1.3333333333333333,1.0,19.5,6,8,12,1.74,-10.46,10.8,1.4,1.1758672525439406,37,6,38,6,0,0,1,0,1,0,0,0,1,0.0,0,1,0.0,1
0.9166666666666666,0.8333333333333334,5,1.0,11,1.95,15.6,1.8148148144444443,16.33333333,0.8310789049919485,132.9,0,6,1.0813995369179317,135.0,-0.7333333299999989,1.0307911617961512,1.2294441386901487,29,1.1213355347642635,1.146645195920558,1.3333333333333333,1.5,3.0,9,8,12,-1.7,-18.099999999999998,12.7,3.7,1.1758672525439406,0,6,3,6,0,0,1,0,0,0,1,1,0,0.0,1,1,0.0,1
0.9333333333333333,0.875,7,1.0,14,1.72142857125,13.77142857,1.9204081628571428,13.44285714,1.5717231848623365,131.4,1,7,1.2542082169924211,145.0,0.3285714300000002,1.139830755763058,1.2130434782608694,19,1.2470369797307752,1.2050514162006132,1.0,1.0,1.0,7,8,15,0.79,-12.809999999999999,13.9,-0.3,1.1819062506030606,0,8,1,7,0,0,1,0,1,0,0,0,0,0.0,0,0,0.0,1
0.9166666666666666,0.8333333333333334,5,1.0,11,1.6285714285714286,11.4,2.1111111116666668,12.66666667,1.0588932806324112,108.5,1,6,1.1933908806863316,112.0,-1.2666666699999993,1.1782208343342142,1.0102538326212618,21,1.0901394585726005,1.1019750589821369,1.1666666666666667,1.0,37.0,6,7,12,-3.12,-11.719999999999999,9.4,-0.8,1.1743905726499018,0,6,37,6,0,0,1,0,0,0,1,0,1,0.0,0,0,0.0,1
1.0,1.0,6,1.0,12,1.69047619,11.83333333,2.055555555,12.33333333,1.0605978260869566,120.1,1,6,1.1803307676305388,132.0,-0.5,1.355244411692459,1.4334342940889107,20,1.2576025080438908,1.3335857352222766,1.1666666666666667,1.0,28.5,6,7,12,0.79,-12.809999999999999,13.9,-0.3,1.1758672525439406,19,6,38,6,1,1,1,0,1,0,0,0,0,0.0,0,0,0.0,1
1.0,1.0,11,1.0,21,1.1157024790909091,12.27272727,1.0833333333333333,13.0,1.3761848805327068,122.2,1,10,1.0813995369179317,130.0,-0.7272727299999993,1.225328614762386,1.1219620958751393,20,1.1213355347642635,1.1916457060725836,1.0,1.2,2.0,12,11,21,2.02,-9.68,11.1,0.6,1.1758672525439406,2,11,3,10,0,0,1,0,1,1,0,0,0,0.45454545454545453,0,0,0.4,1
1.0,1.0,5,1.0,10,2.0571428571428574,14.4,1.371428571,13.71428571,1.0138095238095237,99.6,1,5,1.1939285714285715,102.0,0.68571429,1.148233215547703,1.4512849162011174,21,1.2932721712538227,1.3434108527131783,1.4,2.0,38.0,10,7,10,2.02,-9.68,11.1,0.6,1.1876220053238686,0,5,38,5,1,1,1,0,0,0,1,0,0,0.0,0,1,0.0,1
1.0,1.0,6,1.0,12,2.346938775714286,16.42857143,1.921875,15.375,1.4912388027091983,144.4,1,6,1.251728743136964,151.0,1.0535714300000016,0.6634202898550725,1.2294441386901487,18,1.2576025080438908,1.1916457060725836,1.1666666666666667,1.3333333333333333,10.0,8,7,12,-0.92,-17.42,16.2,0.3,1.1758672525439406,18,6,19,6,0,0,1,0,1,0,0,0,0,0.0,0,1,0.0,1
0.8571428571428571,0.8571428571428571,6,0.8571428571428571,12,1.8738095242857145,13.11666667,1.8738095242857145,13.11666667,1.5717231848623365,153.0,1,6,1.2542082169924211,160.0,0.0,1.139830755763058,1.2130434782608694,18,1.2275607958732497,1.2050514162006132,1.0,1.0,10.0,7,7,14,0.32,-9.879999999999999,7.6,2.6,1.1819062506030606,18,7,19,7,0,0,1,0,1,0,0,0,0,0.0,0,1,0.0,1
0.0,0.0,0,0.0,0,0.0,0.0,0.0,0.0,0.8455652173913043,126.3,1,0,1.1990645264164983,133.1,0.0,1.204451156505842,0.73904412557989,26,1.117896865520728,1.1229617418778761,1.6,1.4,37.0,7,8,10,-0.92,-17.42,16.2,0.3,1.1819062506030606,0,5,37,5,1,1,1,0,0,0,1,1,0,0.0,1,0,0.0,1
0.8333333333333334,0.6666666666666666,4,1.0,10,1.75,14.0,1.4629629633333332,13.16666667,1.2067357512953367,106.0,1,6,1.2521505376344086,106.0,0.8333333300000003,1.148233215547703,1.225164113785558,20,1.0831439393939393,1.2365750528541226,1.3333333333333333,1.5,19.0,9,8,12,0.79,-12.809999999999999,13.9,-0.3,1.1876220053238686,36,6,37,6,0,0,4,0,1,0,0,0,0,0.0,0,0,0.0,0
1.0,1.0,14,1.0,29,0.8285714286666667,12.42857143,0.6588235294117647,11.2,0.7911983032873808,119.5,1,15,1.1803307676305388,130.0,1.2285714300000006,1.151400966183575,0.9819806763285025,22,1.0986103210077205,1.1281060708036075,1.0714285714285714,1.1333333333333333,37.0,17,15,29,0.32,-9.879999999999999,7.6,2.6,1.1758672525439406,0,14,37,15,0,0,1,0,0,0,1,0,0,0.6428571428571429,0,1,0.6,1
0.9333333333333333,1.0,8,0.8571428571428571,14,1.18375,11.8375,0.7674603171428572,10.74444444,1.1606324110671935,123.5,1,6,1.2550901378579005,128.0,1.0930555599999998,1.2806596701649176,1.0228260869565218,22,1.3338955940090156,1.339986123959297,1.25,2.0,38.0,14,10,15,-1.7,-18.099999999999998,12.7,3.7,1.1819062506030606,0,8,38,7,0,0,1,0,0,0,0,0,0,0.0,0,1,0.0,1
0.7894736842105263,0.8571428571428571,6,0.75,15,1.5,12.0,1.0370370366666666,12.44444444,1.2292035398230086,130.0,1,9,0.6161764705882353,130.0,-0.44444443999999983,0.744776119402985,0.9358381502890174,45,0.5958333333333333,0.515,1.1428571428571428,1.0,34.0,12,8,19,-3.12,-11.719999999999999,9.4,-0.8,1.1876220053238686,0,7,34,12,0,0,1,0,0,0,1,1,0,0.5714285714285714,1,0,0.8333333333333334,1
1.0,1.0,5,1.0,10,2.163265305714286,15.14285714,1.4857142859999999,14.85714286,0.8011627906976745,100.0,1,5,1.2521505376344086,100.0,0.28571428000000054,0.9646551724137932,0.9358381502890174,19,1.1182648401826485,1.059375,1.4,2.0,3.5,10,7,10,-3.12,-11.719999999999999,9.4,-0.8,1.3535714285714284,1,5,4,5,0,0,1,0,1,0,0,0,0,0.0,0,0,0.0,1
1.0,1.0,6,1.0,12,1.41666666625,11.33333333,1.918367347142857,13.42857143,1.0588932806324112,126.2,0,6,1.225732834939996,129.0,-2.0952380999999995,1.039782608695652,1.4404225006140996,21,1.2643147284489245,1.2414858951680476,1.3333333333333333,1.1666666666666667,1.0,7,8,12,3.51,-6.790000000000001,8.9,1.4,1.1743905726499018,0,6,1,6,1,0,1,1,0,1,0,0,0,0.0,0,0,0.0,1
0.0,0.0,0,0.0,0,0.0,0.0,0.0,0.0,0.9895400126023945,138.7,1,0,1.2099177438307875,146.0,0.0,1.139830755763058,1.4304347826086956,18,1.100568702990277,1.2050514162006132,0.0,0.0,2.0,0,0,10,3.51,-6.790000000000001,8.9,1.4,1.1819062506030606,2,5,3,5,0,0,4,0,1,0,0,0,1,0.0,0,0,0.0,0
0.9166666666666666,0.8333333333333334,5,1.0,11,1.89583333375,15.16666667,1.875,15.0,0.7799621928166351,150.9,1,6,1.2821204371076491,157.0,0.16666666999999968,1.201176855181432,1.2294441386901487,18,1.1213355347642635,1.0399209486166008,1.3333333333333333,1.3333333333333333,2.5,8,8,12,0.79,-12.809999999999999,13.9,-0.3,1.1758672525439406,1,6,3,6,0,0,1,0,1,0,0,0,0,0.0,0,1,0.0,1
0.0,0.0,0,0.0,0,0.0,0.0,0.0,0.0,1.0632,110.0,1,0,1.1939285714285715,133.1,0.0,1.2170068027210885,1.4512849162011174,20,1.2868092691622104,1.2365750528541226,0.0,0.0,1.0,0,0,0,-0.92,-17.42,16.2,0.3,1.1876220053238686,0,0,1,0,0,0,4,0,1,0,0,0,0,0.0,0,1,0.0,0
0.9,1.0,5,0.8,9,1.8857142857142857,13.2,1.0,11.0,1.0138095238095237,118.0,1,4,1.2783606557377047,118.0,2.1999999999999993,1.2994236311239193,1.225164113785558,20,1.2868092691622104,1.3042389210019267,1.4,2.2,10.0,11,7,10,1.79,-11.11,12.4,0.5,1.1876220053238686,18,5,19,5,0,0,3,0,1,0,0,0,0,0.0,0,0,0.0,0
1.0,1.0,8,1.0,15,1.32125,13.2125,1.358730158888889,12.22857143,1.095283714075166,110.2,1,7,1.2013971665852468,120.0,0.9839285699999998,1.3025204788909892,0.9867874396135266,27,1.25372234935164,1.2799644037630307,1.25,1.2857142857142858,10.0,9,10,15,1.74,-10.46,10.8,1.4,1.1584500394906667,18,8,19,7,0,0,2,0,0,0,0,1,0,0.125,1,0,0.0,0
0.8571428571428571,0.8571428571428571,6,0.8571428571428571,12,0.825,13.2,1.6349206344444445,14.71428571,1.2130202278539874,131.6,1,6,1.2542082169924211,140.0,-1.5142857100000011,1.318361688720857,1.4304347826086956,20,1.2470369797307752,1.2921636019934695,2.2857142857142856,1.2857142857142858,10.0,9,16,14,1.79,-11.11,12.4,0.5,0.9896739130434783,18,7,19,7,0,0,1,0,1,0,0,0,0,0.14285714285714285,0,1,0.0,1
0.875,0.875,7,0.875,14,1.0392857141666667,12.47142857,1.0392857141666667,12.47142857,1.5568619113426172,126.3,1,7,1.1803307676305388,141.0,0.0,1.201176855181432,1.4334342940889107,20,1.302210510906163,1.277410022972858,1.5,1.5,28.5,12,12,16,-1.7,-18.099999999999998,12.7,3.7,1.1758672525439406,19,8,38,8,0,0,5,0,1,0,0,0,0,0.0,0,1,0.0,0
1.0,1.0,5,1.0,10,2.566666666666667,15.4,2.8,14.0,1.1621118012422362,137.0,1,5,0.7749734888653234,131.0,1.4000000000000004,0.8041407867494824,1.4404225006140996,18,1.0901394585726005,1.1019750589821369,1.2,1.0,37.0,5,6,10,0.32,-9.879999999999999,7.6,2.6,1.1743905726499018,0,5,37,5,0,0,1,0,1,0,1,0,0,0.0,0,0,0.0,1
0.7142857142857143,0.7142857142857143,5,0.7142857142857143,10,1.9657142857142857,13.76,1.294,12.94,1.5568619113426172,127.5,1,5,1.1803307676305388,138.0,0.8200000000000003,1.1051039697542533,1.4334342940889107,19,1.302210510906163,1.1916457060725836,1.0,1.4285714285714286,19.5,10,7,14,-0.92,-17.42,16.2,0.3,1.1758672525439406,37,7,38,7,0,0,1,0,1,0,0,0,0,0.0,0,1,0.0,1
0.08333333333333333,0.0,0,0.16666666666666666,1,0.0,0.0,0.625,10.0,1.0588932806324112,102.8,1,1,1.2125797101449276,107.0,-10.0,1.1803969095591578,1.2069998195922786,20,0.8416337285902503,1.2742242031788749,2.0,2.6666666666666665,15.5,16,12,12,1.74,-10.46,10.8,1.4,1.1743905726499018,7,6,19,6,0,0,2,0,1,0,1,0,0,0.0,0,1,0.0,0
0.0,0.0,0,0.0,0,0.0,0.0,0.0,0.0,1.0138095238095237,115.2,1,0,1.2388505747126437,125.0,0.0,1.2795454545454545,1.4512849162011174,21,1.2868092691622104,1.3042389210019267,1.0,1.2,10.0,6,5,10,-4.06,-22.36,15.5,2.8,1.1876220053238686,18,5,19,5,0,0,2,0,0,0,0,0,0,0.0,0,0,0.0,0
1.0,1.0,6,1.0,12,1.66071428625,13.28571429,2.194444445,13.16666667,1.3723199468967806,123.5,1,6,1.1933908806863316,128.0,0.11904761999999991,1.1782208343342142,1.4404225006140996,21,1.0901394585726005,1.1019750589821369,1.3333333333333333,1.0,37.0,6,8,12,3.51,-6.790000000000001,8.9,1.4,1.1743905726499018,0,6,37,6,1,1,2,0,0,0,1,0,1,0.0,0,1,0.0,0
0.9,1.0,5,0.8,9,2.0,12.0,1.25,11.25,0.7911983032873808,147.8,1,4,1.192080745341615,120.0,0.75,1.201176855181432,0.7234823625922888,40,1.0986103210077205,1.1281060708036075,1.2,1.8,37.0,9,6,10,0.79,-12.809999999999999,13.9,-0.3,1.1758672525439406,0,5,37,5,0,0,1,0,0,0,1,1,0,0.0,1,0,0.0,1
1.0,1.0,6,1.0,12,1.46,14.6,1.890625,15.125,1.0140521739130435,110.0,1,6,1.0813995369179317,140.0,-0.5250000000000004,1.0307911617961512,0.7234823625922888,31,1.1213355347642635,1.146645195920558,1.6666666666666667,1.3333333333333333,3.0,8,10,12,-0.92,-17.42,16.2,0.3,1.1758672525439406,0,6,3,6,0,0,1,0,0,0,1,1,1,0.0,1,0,0.0,1
0.8666666666666667,1.0,8,0.7142857142857143,13,1.4691358022222223,13.22222222,1.397666667,13.97666667,1.5717231848623365,121.4,1,5,1.056521739130435,127.0,-0.7544444499999994,1.2806596701649176,1.4304347826086956,20,1.100568702990277,1.2050514162006132,1.125,1.4285714285714286,2.0,10,9,15,1.79,-11.11,12.4,0.5,1.1819062506030606,2,8,3,7,0,0,1,0,1,0,0,0,1,0.0,0,0,0.0,1
0.0,0.0,0,0.0,0,0.0,0.0,0.0,0.0,0.9982473879339401,142.8,1,0,1.1933908806863316,162.0,0.0,1.1782208343342142,1.4404225006140996,21,1.0901394585726005,1.1019750589821369,0.0,0.0,37.0,0,0,0,-1.7,-18.099999999999998,12.7,3.7,1.1743905726499018,0,0,37,0,0,0,1,0,0,0,1,0,1,0.0,0,1,0.0,1
0.9166666666666666,0.8333333333333334,5,1.0,11,1.1090909090909091,12.2,1.6419753088888889,14.77777778,1.0411544227886058,150.1,1,6,1.1933908806863316,120.0,-2.57777778,1.1782208343342142,0.7313379542113002,43,1.0901394585726005,1.1019750589821369,1.8333333333333333,1.5,37.0,9,11,12,0.79,-12.809999999999999,13.9,-0.3,1.1743905726499018,0,6,37,6,0,0,1,0,0,0,1,1,1,0.0,1,1,0.0,1
1.0,1.0,6,1.0,12,1.9166666666666667,11.5,1.7777777783333333,10.66666667,1.0605978260869566,118.5,1,6,1.192080745341615,129.0,0.8333333300000003,1.201176855181432,1.4334342940889107,18,1.302210510906163,1.3335857352222766,1.0,1.0,38.0,6,6,12,0.32,-9.879999999999999,7.6,2.6,1.1758672525439406,0,6,38,6,0,0,1,0,1,0,1,0,0,0.0,0,1,0.0,1
0.9333333333333333,0.875,7,1.0,14,0.8028571426666667,12.04285714,0.8535714285714285,11.95,1.1606324110671935,130.0,1,7,1.1990645264164983,160.0,0.09285714000000134,0.9590062111801242,0.73904412557989,25,1.2275607958732497,1.052902889872429,1.875,2.0,11.0,14,15,15,-1.7,-18.099999999999998,12.7,3.7,1.1819062506030606,16,8,19,7,0,0,1,0,0,0,0,0,0,0.0,1,0,0.0,1
1.0,1.0,6,1.0,12,1.5185185188888888,13.66666667,2.2777777783333333,13.66666667,1.1065804935370154,122.2,1,6,1.1933908806863316,126.0,0.0,1.1803969095591578,1.2069998195922786,19,0.8416337285902503,1.3033971014492753,1.5,1.0,25.0,6,9,12,3.51,-6.790000000000001,8.9,1.4,1.1743905726499018,26,6,38,6,1,1,1,0,1,0,0,0,0,0.0,0,0,0.0,1
0.8333333333333334,0.6666666666666666,4,1.0,10,1.3,13.0,1.8367346942857143,12.85714286,1.0635714285714286,140.9,1,6,1.1939285714285715,140.0,0.14285714000000027,1.3345945945945945,1.4512849162011174,18,1.2662162162162163,1.2365750528541226,1.6666666666666667,1.1666666666666667,10.0,7,10,12,-1.7,-18.099999999999998,12.7,3.7,1.1876220053238686,18,6,19,6,1,1,1,0,1,0,0,0,0,0.0,0,1,0.0,1
0.9166666666666666,1.0,6,0.8333333333333334,11,1.242857143,12.42857143,1.575,12.6,1.331363224637681,113.7,1,5,1.1973403408186016,121.0,-0.17142856999999978,1.1663749294184076,1.184466819221968,18,1.0449937888198757,1.2799644037630307,1.6666666666666667,1.3333333333333333,28.0,8,10,12,-4.06,-22.36,15.5,2.8,1.1584500394906667,18,6,37,6,0,0,1,0,1,0,0,0,0,0.0,0,0,0.0,1
0.8571428571428571,0.8571428571428571,6,0.8571428571428571,12,1.8499999999999999,12.95,1.8499999999999999,12.95,1.543190537084399,138.8,1,6,1.1973403408186016,145.0,0.0,1.123776517538332,1.4102055872516233,18,1.0449937888198757,1.2179619565217392,1.0,1.0,19.0,7,7,14,0.32,-9.879999999999999,7.6,2.6,1.1584500394906667,36,7,37,7,1,1,2,0,1,0,0,0,0,0.0,0,1,0.0,0
1.0,1.0,6,1.0,12,2.0277777783333333,12.16666667,2.0833333333333335,12.5,1.0138998682476945,111.7,1,6,1.1990645264164983,118.0,-0.3333333300000003,1.204451156505842,1.4304347826086956,19,1.2470369797307752,1.2921636019934695,1.0,1.0,10.0,6,6,12,1.79,-11.11,12.4,0.5,1.1819062506030606,18,6,19,6,0,0,3,0,1,0,1,0,0,0.0,0,1,0.0,0
0.7857142857142857,0.8571428571428571,6,0.7142857142857143,11,1.3079365077777778,11.77142857,1.3377777777777777,12.04,1.5568619113426172,102.4,1,5,1.2821204371076491,101.0,-0.2685714299999997,1.1051039697542533,1.4334342940889107,20,1.2647449755785092,1.1916457060725836,1.2857142857142858,1.2857142857142858,1.0,9,9,14,1.79,-11.11,12.4,0.5,1.1758672525439406,0,7,1,7,0,0,5,0,1,0,0,0,0,0.0,0,0,0.0,0
0.1,0.0,0,0.2,1,0.0,0.0,0.8333333333333334,10.0,0.9177633108579399,126.3,1,1,1.1973403408186016,121.0,-10.0,1.1624045504129656,1.4102055872516233,20,1.233967927278964,1.2799644037630307,1.0,2.4,19.0,12,5,10,-1.7,-18.099999999999998,12.7,3.7,1.1584500394906667,0,5,19,5,0,0,2,0,1,0,1,0,0,0.0,0,1,0.0,0
0.0,0.0,0,0.0,0,0.0,0.0,0.0,0.0,0.8455652173913043,120.0,1,0,1.2542082169924211,120.0,0.0,1.204451156505842,0.7927536231884058,24,1.2470369797307752,1.2921636019934695,1.2,1.0,10.0,5,6,10,1.79,-11.11,12.4,0.5,1.1819062506030606,18,5,19,5,0,0,1,0,0,0,0,0,0,0.0,1,0,0.0,1
0.5833333333333334,0.3333333333333333,2,0.8333333333333334,7,0.8214285714285714,11.5,1.133333333,11.33333333,1.0635714285714286,125.0,1,5,1.0786585365853658,133.1,0.16666666999999968,1.155188679245283,1.4512849162011174,21,1.1182648401826485,1.2365750528541226,2.3333333333333335,1.6666666666666667,2.0,10,14,12,-1.7,-18.099999999999998,12.7,3.7,1.1876220053238686,2,6,3,6,0,0,1,0,0,0,0,0,1,0.0,0,0,0.0,1
0.8333333333333334,1.0,6,0.6666666666666666,10,1.75,10.5,1.125,11.25,1.0605978260869566,118.2,1,4,1.251728743136964,122.0,-0.75,1.197718162195498,1.2294441386901487,20,1.2576025080438908,1.277410022972858,1.0,1.6666666666666667,19.0,10,6,12,1.79,-11.11,12.4,0.5,1.1758672525439406,0,6,19,6,1,1,1,0,1,0,1,0,0,0.0,0,0,0.0,1
0.8333333333333334,0.8333333333333334,5,0.8333333333333334,10,1.2000000000000002,10.8,1.5,12.0,0.8927536231884058,132.0,1,5,1.1933908806863316,133.1,-1.1999999999999993,1.2021125030704987,1.4404225006140996,21,1.2693138979643126,1.2742242031788749,1.5,1.3333333333333333,19.0,8,9,12,-1.7,-18.099999999999998,12.7,3.7,1.1743905726499018,0,6,19,6,0,0,1,0,0,0,0,0,0,0.0,0,1,0.0,1
0.6666666666666666,0.6666666666666666,4,0.6666666666666666,8,1.488888888888889,13.4,1.1136363636363635,12.25,1.1065804935370154,109.1,0,4,1.3909565217391304,115.0,1.1500000000000004,1.3182608695652174,1.2069998195922786,21,1.2693138979643126,1.2742242031788749,1.5,1.8333333333333333,19.0,11,9,12,2.02,-9.68,11.1,0.6,1.1743905726499018,0,6,19,6,0,0,1,1,0,1,0,0,1,0.0,0,0,0.0,1
0.5,0.4,2,0.6,5,1.2777777777777777,11.5,1.375,11.0,1.0296727924697446,127.7,1,3,1.1803307676305388,140.0,0.5,1.151400966183575,0.7234823625922888,31,1.0986103210077205,1.1281060708036075,1.8,1.6,37.0,8,9,10,0.32,-9.879999999999999,7.6,2.6,1.1758672525439406,0,5,37,5,0,0,1,0,0,0,1,1,0,0.0,1,1,0.0,1
1.0,1.0,8,1.0,15,1.68671875,13.49375,1.595061728888889,14.35555556,1.543190537084399,136.0,1,7,1.2013971665852468,100.0,-0.8618055600000005,1.245065950170982,0.973494983277592,21,1.25372234935164,1.2799644037630307,1.0,1.2857142857142858,10.0,9,8,15,-4.06,-22.36,15.5,2.8,1.1584500394906667,18,8,19,7,0,0,1,0,0,0,0,0,0,0.625,0,1,0.5714285714285714,1
1.0,1.0,6,1.0,12,1.5238095233333333,13.71428571,1.8571428571428572,13.0,1.3309782608695653,140.5,1,6,1.2388505747126437,138.0,0.7142857100000004,0.9646551724137932,1.225164113785558,19,1.2868092691622104,1.2365750528541226,1.5,1.1666666666666667,1.0,7,9,12,0.32,-9.879999999999999,7.6,2.6,1.1876220053238686,0,6,1,6,0,0,6,0,1,0,0,0,0,0.0,0,1,0.0,0
0.8571428571428571,0.8571428571428571,6,0.8571428571428571,12,1.9047619042857142,13.33333333,1.9047619042857142,13.33333333,1.5568619113426172,120.4,1,6,1.1803307676305388,134.0,0.0,1.151400966183575,0.9819806763285025,19,1.2647449755785092,1.1281060708036075,1.0,1.0,19.0,7,7,14,0.32,-9.879999999999999,7.6,2.6,1.1758672525439406,36,7,37,7,0,0,1,0,1,0,1,0,0,0.0,0,1,0.0,1
0.4,0.4,2,0.4,4,1.2777777777777777,11.5,1.1363636363636365,12.5,0.8455652173913043,139.2,1,2,1.1990645264164983,133.0,-1.0,1.1306197964847364,0.73904412557989,33,1.117896865520728,1.1229617418778761,1.8,2.2,37.0,11,9,10,-1.7,-18.099999999999998,12.7,3.7,1.1819062506030606,0,5,37,5,0,0,1,0,0,1,0,1,1,0.0,1,1,0.0,1
0.0,0.0,0,0.0,0,0.0,0.0,0.0,0.0,0.9177633108579399,109.9,0,0,1.1973403408186016,130.0,0.0,1.1624045504129656,0.7491078753076292,29,1.25372234935164,1.2799644037630307,0.0,1.0,10.0,4,0,9,-1.7,-18.099999999999998,12.7,3.7,1.1584500394906667,18,5,19,4,0,0,1,0,0,0,1,1,0,0.0,1,0,0.0,1
1.0,1.0,7,1.0,14,2.040816327142857,14.28571429,1.9795918371428571,13.85714286,0.8792181890706022,113.6,1,7,1.194817160955946,122.0,0.42857142999999986,1.264619822790027,1.4304347826086956,19,1.2470369797307752,1.052902889872429,1.0,1.0,2.0,7,7,14,2.02,-9.68,11.1,0.6,1.1819062506030606,2,7,3,7,0,0,3,0,1,0,0,0,0,0.0,0,0,0.0,0
1.0,1.0,5,1.0,10,2.0277777783333333,12.16666667,1.71875,13.75,0.9177633108579399,132.2,1,5,1.1973403408186016,143.0,-1.5833333300000003,1.2639209009952854,1.0364130434782608,18,1.233967927278964,1.2767270531400965,1.2,1.6,28.5,8,6,10,0.79,-12.809999999999999,13.9,-0.3,1.1584500394906667,19,5,38,5,1,1,2,0,1,0,0,0,0,0.0,0,1,0.0,0
0.9375,0.8888888888888888,8,1.0,15,1.2375,12.375,1.7551020414285714,12.28571429,1.3723199468967806,131.8,1,7,1.1933908806863316,130.0,0.0892857100000004,1.1782208343342142,1.1581913043478262,22,1.2643147284489245,1.2414858951680476,1.1111111111111112,1.0,1.0,7,10,16,1.79,-11.11,12.4,0.5,1.1743905726499018,0,9,1,7,1,1,1,0,0,0,1,0,1,0.5555555555555556,0,0,0.2857142857142857,1
0.0,0.0,0,0.0,0,0.0,0.0,0.0,0.0,1.0411544227886058,119.4,0,0,1.1933908806863316,133.1,0.0,1.1782208343342142,0.7313379542113002,27,1.2693138979643126,1.2414858951680476,1.1666666666666667,1.0,10.0,6,7,12,3.51,-6.790000000000001,8.9,1.4,1.1743905726499018,18,6,19,6,0,0,1,1,0,1,1,1,0,0.0,1,0,0.0,1
1.0,1.0,5,1.0,10,1.5178571425,12.14285714,2.0,12.0,1.2067357512953367,116.5,1,5,1.1939285714285715,128.0,0.14285714000000027,1.148233215547703,1.225164113785558,18,1.2932721712538227,1.0974803149606298,1.6,1.2,37.5,6,8,10,1.74,-10.46,10.8,1.4,1.1876220053238686,1,5,38,5,0,0,1,0,1,0,1,0,1,0.0,0,1,0.0,1
0.08333333333333333,0.0,0,0.16666666666666666,1,0.0,0.0,1.25,10.0,1.1542253521126762,120.0,1,1,1.3634920634920635,140.0,-10.0,1.2795454545454545,0.748,28,1.0831439393939393,1.0974803149606298,1.5,1.3333333333333333,37.0,8,9,12,1.74,-10.46,10.8,1.4,1.1876220053238686,0,6,37,6,0,0,1,0,0,0,1,1,0,0.0,1,0,0.0,1
0.35714285714285715,0.0,0,0.7142857142857143,5,0.0,0.0,1.1090909090909091,12.2,0.8792181890706022,113.7,0,5,1.1990645264164983,120.0,-12.2,1.189437963944857,1.1833540372670808,19,1.2275607958732497,1.1229617418778761,1.8571428571428572,1.5714285714285714,28.0,11,13,14,1.79,-11.11,12.4,0.5,1.1819062506030606,18,7,37,7,0,0,2,1,1,1,0,0,0,0.0,0,1,0.0,0
1.0,1.0,6,1.0,12,2.06122449,14.42857143,2.305555555,13.83333333,1.3309782608695653,148.4,1,6,1.2388505747126437,161.0,0.5952380999999995,1.2994236311239193,1.225164113785558,19,1.2868092691622104,1.3042389210019267,1.1666666666666667,1.0,10.0,6,7,12,-4.06,-22.36,15.5,2.8,1.1876220053238686,18,6,19,6,1,1,1,0,1,0,0,0,0,0.0,0,0,0.0,1
1.0,1.0,6,1.0,12,1.7619047614285714,12.33333333,2.1388888883333332,12.83333333,1.0605978260869566,130.3,1,6,1.1803307676305388,131.0,-0.5,1.151400966183575,1.2294441386901487,18,1.2647449755785092,1.277410022972858,1.1666666666666667,1.0,10.0,6,7,12,0.79,-12.809999999999999,13.9,-0.3,1.1758672525439406,18,6,19,6,1,1,2,0,1,0,1,0,0,0.0,0,1,0.0,0
1.0,1.0,6,1.0,12,1.78571428625,14.28571429,2.357142857142857,16.5,1.1621118012422362,157.4,1,6,1.1933908806863316,128.0,-2.2142857100000004,1.1559857057772485,0.7313379542113002,26,1.2693138979643126,1.2414858951680476,1.3333333333333333,1.1666666666666667,10.0,7,8,12,3.51,-6.790000000000001,8.9,1.4,1.1743905726499018,18,6,19,6,0,0,1,0,0,0,0,1,0,0.0,1,1,0.0,1
1.0,1.0,6,1.0,12,1.5625,12.5,1.66071428625,13.28571429,1.3923076923076922,138.4,1,6,1.1939285714285715,124.0,-0.7857142899999996,1.148233215547703,1.4512849162011174,19,1.2662162162162163,1.3042389210019267,1.3333333333333333,1.3333333333333333,19.0,8,8,12,0.79,-12.809999999999999,13.9,-0.3,1.1876220053238686,0,6,19,6,1,0,1,0,1,1,1,0,0,0.0,0,1,0.16666666666666666,1
0.5,0.6,3,0.4,5,1.5714285714285714,11.0,1.1666666666666667,10.5,0.7509316770186336,119.9,1,2,1.1939285714285715,120.0,0.5,1.148233215547703,0.748,50,1.0831439393939393,1.0974803149606298,1.4,1.8,37.0,9,7,10,-1.7,-18.099999999999998,12.7,3.7,1.1876220053238686,0,5,37,5,0,0,1,0,0,0,1,1,0,0.0,1,0,0.0,1
0.9285714285714286,1.0,7,0.8571428571428571,13,1.58928571375,12.71428571,1.2777777777777777,11.5,0.901159420289855,128.5,1,6,1.2013971665852468,125.0,1.2142857100000004,1.2639209009952854,1.184466819221968,18,1.233967927278964,1.2799644037630307,1.1428571428571428,1.2857142857142858,19.0,9,8,14,0.79,-12.809999999999999,13.9,-0.3,1.1584500394906667,0,7,19,7,0,0,1,0,1,0,0,0,0,0.0,0,1,0.0,1
0.08333333333333333,0.0,0,0.16666666666666666,1,0.0,0.0,1.1111111111111112,10.0,1.0411544227886058,113.3,1,1,1.0673369565217392,120.0,-10.0,1.039782608695652,1.1110212335692617,26,1.1418478260869565,1.2414858951680476,1.0,1.5,2.0,9,6,12,1.79,-11.11,12.4,0.5,1.1743905726499018,2,6,3,6,0,0,1,0,0,0,1,1,1,0.0,1,0,0.0,1
0.2,0.2,1,0.2,2,0.7857142857142857,11.0,0.9090909090909091,10.0,0.683695652173913,118.1,0,1,1.2388505747126437,130.0,1.0,1.196590909090909,1.225164113785558,26,1.2662162162162163,1.2365750528541226,2.8,2.2,10.0,11,14,10,3.51,-6.790000000000001,8.9,1.4,1.1876220053238686,18,5,19,5,0,0,5,1,0,1,0,1,1,0.0,1,1,0.0,0
0.6666666666666666,0.6666666666666666,4,0.6666666666666666,8,0.9230769230769231,12.0,0.9,10.8,1.0808549506759224,130.0,1,4,1.1973403408186016,130.0,1.1999999999999993,1.1663210702341136,1.2388849929873773,20,1.25701394585726,1.0820586694604504,2.1666666666666665,2.0,2.5,12,13,12,1.79,-11.11,12.4,0.5,1.1584500394906667,1,6,3,6,0,0,1,0,1,0,0,0,1,0.0,0,0,0.0,1
0.9166666666666666,0.8333333333333334,5,1.0,11,1.7714285714285716,12.4,1.54166666625,12.33333333,0.8927536231884058,142.0,1,6,1.2125797101449276,150.0,0.06666667000000004,1.1803969095591578,1.2069998195922786,19,1.2357226792009401,1.2742242031788749,1.1666666666666667,1.3333333333333333,28.5,8,7,12,1.74,-10.46,10.8,1.4,1.1743905726499018,19,6,38,6,1,1,2,0,1,0,1,0,0,0.0,0,1,0.0,0
0.25,0.0,0,0.42857142857142855,3,0.0,0.0,1.58333333375,12.66666667,1.129933110367893,140.0,0,3,1.0813995369179317,140.0,-12.66666667,1.0307911617961512,0.7327294685990338,38,1.1213355347642635,1.146645195920558,1.0,1.1428571428571428,3.0,8,5,12,0.79,-12.809999999999999,13.9,-0.3,1.1758672525439406,0,5,3,7,0,0,1,1,0,1,1,1,1,0.0,1,0,0.0,1
1.0,1.0,11,1.0,25,1.5371900827272726,16.90909091,1.1785714285714286,16.5,1.2359420289855074,180.0,1,14,1.1933908806863316,180.0,0.40909090999999975,1.1697181559973782,0.7131609870740305,37,1.2693138979643126,1.2742242031788749,1.0,1.0,19.0,14,11,25,3.51,-6.790000000000001,8.9,1.4,1.1743905726499018,0,11,19,14,0,0,1,0,0,0,0,1,0,0.7272727272727273,1,0,0.8571428571428571,1
0.9333333333333333,0.875,7,1.0,14,1.4142857144444445,12.72857143,1.3761904766666666,12.38571429,1.543190537084399,131.1,1,7,1.2239130434782608,137.0,0.34285714000000134,1.123776517538332,1.184466819221968,18,1.25372234935164,1.2179619565217392,1.125,1.2857142857142858,1.0,9,9,15,0.79,-12.809999999999999,13.9,-0.3,1.1584500394906667,0,8,1,7,0,0,5,0,1,0,0,0,0,0.0,0,1,0.0,0
0.0,0.0,0,0.0,0,0.0,0.0,0.0,0.0,1.0067868504772004,140.0,1,0,1.257707509881423,140.0,0.0,1.1834782608695653,1.1124779073877695,26,1.3338955940090156,1.2050514162006132,1.1666666666666667,1.0,19.5,6,7,12,3.51,-6.790000000000001,8.9,1.4,1.1819062506030606,37,6,38,6,0,0,1,0,0,1,1,1,1,0.0,1,1,0.0,1
0.9166666666666666,1.0,6,0.8333333333333334,11,1.2857142855555557,11.57142857,1.0129870127272727,11.14285714,1.545408163265306,132.0,1,5,1.1939285714285715,133.0,0.42857142999999986,1.148233215547703,1.4512849162011174,20,1.2868092691622104,1.3042389210019267,1.5,1.8333333333333333,10.0,11,9,12,-0.92,-17.42,16.2,0.3,1.1876220053238686,18,6,19,6,1,1,1,0,1,0,1,0,1,0.0,0,0,0.0,1
0.8333333333333334,0.8333333333333334,5,0.8333333333333334,10,1.75,14.0,1.625,13.0,1.1542253521126762,115.5,1,5,1.2388505747126437,120.0,1.0,1.196590909090909,1.4512849162011174,18,1.1182648401826485,1.3042389210019267,1.3333333333333333,1.3333333333333333,11.0,8,8,12,0.79,-12.809999999999999,13.9,-0.3,1.1876220053238686,16,6,19,6,0,0,2,0,1,0,0,0,0,0.0,0,1,0.0,0
0.875,0.875,7,0.875,14,1.02987013,11.32857143,1.02987013,11.32857143,1.5717231848623365,140.0,0,7,1.056521739130435,140.0,0.0,1.204451156505842,1.2843989769820974,23,1.100568702990277,1.052902889872429,1.375,1.375,3.0,11,11,16,-1.7,-18.099999999999998,12.7,3.7,1.3195652173913044,0,8,3,8,0,0,1,1,0,1,0,0,0,0.0,0,1,0.0,1
0.9166666666666666,0.8333333333333334,5,1.0,11,2.0714285714285716,14.5,1.92857142875,15.42857143,1.1776659038901602,120.0,0,6,1.0813995369179317,130.0,-0.9285714299999999,1.151400966183575,0.7234823625922888,26,1.2585507246376813,1.1916457060725836,1.1666666666666667,1.3333333333333333,2.5,8,7,12,2.02,-9.68,11.1,0.6,1.1758672525439406,3,6,4,6,0,0,1,0,0,0,0,1,0,0.0,1,0,0.0,1
1.0,1.0,6,1.0,12,2.0,14.0,1.9285714285714286,13.5,1.4763186934451555,123.6,1,6,1.194817160955946,133.0,0.5,1.318361688720857,1.2130434782608694,19,1.2275607958732497,1.2921636019934695,1.1666666666666667,1.1666666666666667,19.0,7,7,12,-4.06,-22.36,15.5,2.8,1.1819062506030606,0,6,19,6,1,1,1,0,1,0,0,0,0,0.0,0,0,0.0,1
1.0,1.0,5,1.0,10,1.3111111111111111,11.8,2.033333333333333,12.2,0.7509316770186336,150.0,1,5,1.1939285714285715,110.0,-0.3999999999999986,1.2170068027210885,0.748,49,1.0831439393939393,1.0974803149606298,1.8,1.2,37.0,6,9,10,-4.06,-22.36,15.5,2.8,1.1876220053238686,0,5,37,5,0,0,1,0,0,0,0,1,1,0.0,1,0,0.0,1
0.0,0.0,0,0.0,0,0.0,0.0,0.0,0.0,1.5796068796068796,130.2,1,0,1.2388505747126437,148.0,0.0,1.3345945945945945,1.225164113785558,19,1.2868092691622104,1.3042389210019267,0.0,0.0,10.0,0,0,15,1.79,-11.11,12.4,0.5,1.1876220053238686,18,8,19,7,0,0,5,0,1,0,0,0,0,0.0,0,1,0.0,0
0.875,0.875,7,0.875,14,1.1610389609090908,12.77142857,1.1610389609090908,12.77142857,1.543190537084399,130.8,1,7,1.2011857707509879,144.0,0.0,1.1663210702341136,1.0364130434782608,18,1.25372234935164,1.2179619565217392,1.375,1.375,1.0,11,11,16,-1.7,-18.099999999999998,12.7,3.7,1.1584500394906667,0,8,1,8,0,0,6,0,1,0,0,0,0,0.0,0,1,0.0,0
0.18181818181818182,0.0,0,0.4,2,0.0,0.0,1.1,11.0,0.640366132723112,119.8,1,2,1.2099177438307875,117.0,-11.0,0.9590062111801242,1.2130434782608694,19,1.2470369797307752,1.061625708884688,1.6666666666666667,2.0,1.5,10,10,11,2.02,-9.68,11.1,0.6,1.1819062506030606,1,6,2,5,0,0,3,0,1,0,0,0,1,0.0,0,1,0.0,0
0.8333333333333334,0.8333333333333334,5,0.8333333333333334,10,1.5142857142857142,10.6,1.8857142857142857,13.2,0.901159420289855,105.5,1,5,1.2239130434782608,133.1,-2.5999999999999996,1.3025204788909892,0.7491078753076292,33,1.2919274890242176,1.2179619565217392,1.1666666666666667,1.1666666666666667,19.5,7,7,12,0.32,-9.879999999999999,7.6,2.6,1.1584500394906667,37,6,38,6,0,0,1,0,0,1,0,1,0,0.0,1,0,0.0,1
1.0,1.0,5,1.0,10,1.5,12.0,1.03030303,11.33333333,1.0296727924697446,143.9,1,5,1.192080745341615,146.0,0.6666666699999997,1.201176855181432,1.2294441386901487,18,1.302210510906163,1.1281060708036075,1.6,2.2,37.5,11,8,10,0.79,-12.809999999999999,13.9,-0.3,1.1758672525439406,1,5,38,5,0,0,2,0,1,0,1,0,0,0.0,0,0,0.0,0
0.75,0.5,3,1.0,9,1.0,12.0,1.3333333333333333,12.0,1.2021517302573204,140.0,1,6,1.2013971665852468,140.0,0.0,1.2639209009952854,1.2388849929873773,22,1.25372234935164,1.2179619565217392,2.0,1.5,1.0,9,12,12,0.79,-12.809999999999999,13.9,-0.3,1.1584500394906667,0,6,1,6,0,0,1,0,0,1,0,0,0,0.16666666666666666,0,1,0.3333333333333333,1
1.0,1.0,6,1.0,17,2.0714285714285716,14.5,0.8383838383333333,15.09090909,0.9895400126023945,128.2,1,11,1.056521739130435,133.1,-0.5909090900000002,1.1004459308807135,1.0228260869565218,23,1.4363171355498723,1.2921636019934695,1.1666666666666667,1.6363636363636365,11.5,18,7,17,-3.12,-11.719999999999999,9.4,-0.8,1.1819062506030606,15,6,19,11,0,0,1,0,0,0,0,0,0,0.3333333333333333,0,0,0.6363636363636364,1
0.7058823529411765,0.6470588235294118,11,0.7647058823529411,24,0.42532467535714286,11.90909091,0.6396761131578947,12.15384615,1.0972332015810278,127.2,1,13,1.2550901378579005,131.0,-0.24475523999999993,1.189437963944857,1.4304347826086956,23,1.2470369797307752,1.2050514162006132,1.6470588235294117,1.1176470588235294,1.0,19,28,34,2.02,-9.68,11.1,0.6,1.1819062506030606,0,17,1,17,0,0,1,0,0,1,0,0,1,0.5882352941176471,0,1,0.7647058823529411,1
1.0,1.0,1,1.0,5,12.5,12.5,3.46875,13.875,1.218035426731079,190.0,1,4,1.0673369565217392,190.0,-1.375,1.039782608695652,0.7131609870740305,43,0.9892339544513457,0.7983695652173913,1.0,1.0,5.0,4,1,5,2.02,-9.68,11.1,0.6,1.1743905726499018,0,1,5,4,0,0,1,0,0,0,1,1,1,1.0,1,1,1.0,1
0.9,1.0,5,0.8,9,1.6857142857142857,11.8,1.6785714285714286,11.75,1.168944099378882,110.6,1,4,1.2550901378579005,112.0,0.05000000000000071,0.7802142407057341,1.4304347826086956,20,1.117896865520728,1.2050514162006132,1.4,1.4,19.0,7,7,10,0.32,-9.879999999999999,7.6,2.6,1.1819062506030606,36,5,37,5,0,0,1,0,1,0,0,0,0,0.0,0,0,0.0,1
0.6666666666666666,0.5,3,0.8333333333333334,8,0.9743589746153846,12.66666667,1.2363636363636363,13.6,0.8011627906976745,137.8,1,5,1.2783606557377047,146.0,-0.93333333,0.9646551724137932,1.214864864864865,18,1.1182648401826485,1.124342105263158,2.1666666666666665,1.8333333333333333,3.0,11,13,12,0.79,-12.809999999999999,13.9,-0.3,1.1876220053238686,0,6,3,6,0,0,1,0,1,0,0,0,1,0.0,0,0,0.0,1
0.9166666666666666,0.8333333333333334,5,1.0,11,1.5333333333333334,13.8,2.2222222216666667,13.33333333,1.1065804935370154,105.7,1,6,1.0673369565217392,106.0,0.4666666700000004,1.2816864295125163,1.4404225006140996,19,1.1418478260869565,1.2414858951680476,1.5,1.0,2.0,6,9,12,3.51,-6.790000000000001,8.9,1.4,1.1743905726499018,2,6,3,6,0,0,3,0,1,0,0,0,1,0.0,0,1,0.0,0
0.9166666666666666,0.8333333333333334,5,1.0,11,1.425,11.4,2.1388888883333332,12.83333333,1.3746562616127835,120.2,1,6,1.194817160955946,131.0,-1.43333333,1.1306197964847364,1.2130434782608694,18,1.3338955940090156,1.1229617418778761,1.3333333333333333,1.0,37.5,6,8,12,-4.06,-22.36,15.5,2.8,1.1819062506030606,1,6,38,6,0,0,3,0,1,0,1,0,1,0.0,0,1,0.0,0
0.6,0.4,2,0.8,6,1.4285714285714286,10.0,1.1944444444444444,10.75,0.7509316770186336,130.0,1,4,1.1939285714285715,140.0,-0.75,1.2170068027210885,0.748,41,1.0818181818181818,1.2636363636363634,1.4,1.8,25.0,9,7,10,-3.12,-11.719999999999999,9.4,-0.8,1.1876220053238686,22,5,36,5,0,0,1,0,0,0,0,1,1,0.0,1,1,0.0,1
0.8333333333333334,0.6666666666666666,4,1.0,10,1.4444444444444444,13.0,1.233333333,12.33333333,1.0138998682476945,112.4,1,6,1.2099177438307875,111.0,0.6666666699999997,1.264619822790027,1.4304347826086956,20,1.2470369797307752,1.2050514162006132,1.5,1.6666666666666667,1.0,10,9,12,1.79,-11.11,12.4,0.5,1.1819062506030606,0,6,1,6,0,0,1,0,1,0,1,0,1,0.0,0,1,0.0,1
1.0,1.0,5,1.0,10,2.033333333333333,12.2,2.68,13.4,0.9895400126023945,115.8,1,5,1.1990645264164983,127.0,-1.200000000000001,1.318361688720857,1.2130434782608694,18,1.117896865520728,1.339986123959297,1.2,1.0,37.5,5,6,10,2.02,-9.68,11.1,0.6,1.1819062506030606,1,5,38,5,0,0,1,0,1,0,0,0,1,0.0,0,1,0.0,1
0.7647058823529411,0.5555555555555556,5,1.0,13,1.1272727272727272,12.4,1.03125,12.375,0.7367809883877936,120.0,1,8,1.2397006414825373,120.0,0.025000000000000355,1.1663210702341136,0.8167361524717094,46,1.0449937888198757,1.0880586922712827,1.2222222222222223,1.5,37.0,12,11,17,3.51,-6.790000000000001,8.9,1.4,1.1584500394906667,0,9,37,8,0,0,1,0,0,0,1,1,0,0.4444444444444444,1,0,0.75,1
1.0,1.0,17,1.0,34,0.8271604938888889,14.88888889,0.7438271605555555,13.38888889,0.9982473879339401,153.0,1,17,1.1933908806863316,146.0,1.5,1.3083536883243772,1.4404225006140996,21,1.2693138979643126,1.1019750589821369,1.0588235294117647,1.0588235294117647,28.0,18,18,34,2.02,-9.68,11.1,0.6,1.1743905726499018,18,17,37,17,1,1,1,0,0,0,0,0,0,0.8823529411764706,0,1,0.8823529411764706,1
0.8,1.0,5,0.6,8,1.6285714285714286,11.4,0.8222222220000001,12.33333333,1.1621118012422362,160.0,1,3,1.225732834939996,160.0,-0.93333333,1.1697181559973782,1.1581913043478262,21,1.2643147284489245,1.2414858951680476,1.4,3.0,1.0,15,7,10,-3.12,-11.719999999999999,9.4,-0.8,1.1743905726499018,0,5,1,5,0,0,1,0,0,0,1,0,1,0.0,0,0,0.2,1
1.0,1.0,6,1.0,12,1.575,15.75,1.24260355,16.15384615,1.1776659038901602,106.0,1,6,1.3066447908121412,133.1,-0.4038461499999997,1.197718162195498,1.4334342940889107,21,1.0986103210077205,1.3335857352222766,1.6666666666666667,2.1666666666666665,37.5,13,10,12,-4.06,-22.36,15.5,2.8,1.1758672525439406,1,6,38,6,1,1,1,0,0,0,0,0,0,0.0,0,1,0.0,1
1.0,1.0,6,1.0,12,2.0833333333333335,12.5,2.0,12.0,1.2840579710144928,122.8,1,6,1.2542082169924211,134.0,0.5,1.1306197964847364,1.4304347826086956,18,1.2470369797307752,1.339986123959297,1.0,1.0,19.5,6,6,12,-1.7,-18.099999999999998,12.7,3.7,1.1819062506030606,37,6,38,6,0,0,1,0,1,0,0,0,1,0.0,0,0,0.0,1
0.6666666666666666,0.625,5,0.7142857142857143,10,0.8,12.0,0.8828571428571428,12.36,1.1606324110671935,106.0,0,5,1.1990645264164983,140.0,-0.35999999999999943,1.204451156505842,0.73904412557989,24,1.117896865520728,1.339986123959297,1.875,2.0,37.5,14,15,15,3.51,-6.790000000000001,8.9,1.4,1.1819062506030606,1,8,38,7,1,0,1,1,0,1,1,0,0,0.125,1,1,0.0,1
1.0,1.0,6,1.0,12,1.8809523814285714,13.16666667,1.64583333375,13.16666667,1.331363224637681,157.5,1,6,1.1081088290210723,175.0,0.0,1.1663749294184076,1.4102055872516233,19,1.1436586685910157,1.2767270531400965,1.1666666666666667,1.3333333333333333,20.5,8,7,12,1.74,-10.46,10.8,1.4,1.1584500394906667,35,6,38,6,0,0,3,0,1,0,0,0,0,0.0,0,1,0.0,0
0.875,0.875,7,0.875,14,1.60517857125,12.84142857,1.60517857125,12.84142857,1.5717231848623365,127.0,1,7,1.1990645264164983,148.0,0.0,1.204451156505842,1.4304347826086956,20,1.2470369797307752,1.2050514162006132,1.0,1.0,1.0,8,8,16,1.74,-10.46,10.8,1.4,1.1819062506030606,0,8,1,8,0,0,1,0,1,0,1,0,1,0.0,0,1,0.0,1
0.8333333333333334,0.6666666666666666,4,1.0,10,1.7222222222222223,15.5,1.9375,15.5,1.2130202278539874,131.6,1,6,1.2542082169924211,148.0,0.0,1.204451156505842,1.4304347826086956,18,1.3338955940090156,1.339986123959297,1.5,1.3333333333333333,38.0,8,9,12,2.02,-9.68,11.1,0.6,1.1819062506030606,0,6,38,6,1,1,1,0,1,0,0,0,1,0.0,0,0,0.0,1
0.3,0.2,1,0.4,3,0.8461538461538461,11.0,1.7857142857142858,12.5,1.0296727924697446,112.9,0,2,1.251728743136964,115.0,-1.5,1.355244411692459,1.2294441386901487,19,1.2576025080438908,1.1281060708036075,2.6,1.4,28.0,7,13,10,-3.12,-11.719999999999999,9.4,-0.8,1.1758672525439406,18,5,37,5,0,0,1,0,1,0,0,0,1,0.0,0,1,0.0,1
0.875,1.0,10,0.7857142857142857,21,1.1166666666666667,13.4,0.5104166666666666,12.25,0.9177633108579399,128.2,1,11,1.1973403408186016,110.0,1.1500000000000004,1.1624045504129656,0.973494983277592,41,1.0449937888198757,1.0880586922712827,1.2,1.7142857142857142,37.0,24,12,24,-3.12,-11.719999999999999,9.4,-0.8,1.1584500394906667,0,10,37,14,0,0,1,0,0,0,1,1,0,0.5,1,0,0.5714285714285714,1
0.9310344827586207,1.0,14,0.8666666666666667,27,0.7016806723529412,11.92857143,0.6194331984210526,11.76923077,0.9177633108579399,122.0,1,13,1.1973403408186016,150.0,0.1593406599999998,1.1624045504129656,0.9684782608695652,29,1.0449937888198757,1.0880586922712827,1.2142857142857142,1.2666666666666666,37.0,19,17,29,-3.12,-11.719999999999999,9.4,-0.8,1.1584500394906667,0,14,37,15,0,0,1,0,0,0,1,1,0,0.8571428571428571,1,1,0.8666666666666667,1
0.5,0.6,3,0.4,5,1.6190476185714286,11.33333333,0.7142857142857143,10.0,0.8455652173913043,110.0,1,2,1.1990645264164983,120.0,1.3333333300000003,1.204451156505842,0.73904412557989,37,1.117896865520728,1.1229617418778761,1.4,2.8,37.0,14,7,10,-1.7,-18.099999999999998,12.7,3.7,1.1819062506030606,0,5,37,5,0,0,1,0,0,0,1,1,0,0.0,1,0,0.0,1
0.9,0.8,4,1.0,9,2.2083333333333335,13.25,2.7199999999999998,13.6,0.7812111801242235,138.9,1,5,1.2013971665852468,141.0,-0.34999999999999964,1.1663749294184076,1.4102055872516233,18,1.25372234935164,1.2179619565217392,1.2,1.0,1.0,5,6,10,1.74,-10.46,10.8,1.4,1.1584500394906667,0,5,1,5,0,0,1,0,1,0,0,0,1,0.0,0,1,0.0,1
0.0,0.0,0,0.0,0,0.0,0.0,0.0,0.0,0.9622563718140928,139.0,1,0,1.1973403408186016,100.0,0.0,1.1624045504129656,0.7491078753076292,36,1.0449937888198757,1.0880586922712827,0.0,0.0,37.0,0,0,0,1.74,-10.46,10.8,1.4,1.1584500394906667,0,0,37,0,0,0,1,0,0,0,1,1,1,0.0,1,0,0.0,1
0.08333333333333333,0.0,0,0.16666666666666666,1,0.0,0.0,1.8333333333333333,11.0,1.2840579710144928,153.0,1,1,1.3844319775596072,167.0,-11.0,1.318361688720857,1.1833540372670808,18,1.3338955940090156,1.339986123959297,0.0,1.0,38.0,6,0,12,3.51,-6.790000000000001,8.9,1.4,1.1819062506030606,0,6,38,6,1,1,1,0,1,0,0,0,1,0.0,0,1,0.0,1
0.5833333333333334,0.5,3,0.6666666666666666,7,0.625,10.0,0.625,12.5,1.2130202278539874,130.0,1,4,1.2542082169924211,130.0,-2.5,1.189437963944857,1.1124779073877695,26,1.2470369797307752,1.2050514162006132,2.6666666666666665,3.3333333333333335,1.0,20,16,12,-4.06,-22.36,15.5,2.8,1.1819062506030606,0,6,1,6,0,0,1,0,0,0,1,1,1,0.16666666666666666,1,1,0.3333333333333333,1
1.0,1.0,6,1.0,12,2.1388888883333332,12.83333333,2.1388888883333332,12.83333333,1.3923076923076922,142.2,1,6,1.2388505747126437,139.0,0.0,1.2994236311239193,1.4512849162011174,19,1.2868092691622104,1.3434108527131783,1.0,1.0,19.5,6,6,12,-3.12,-11.719999999999999,9.4,-0.8,1.1876220053238686,37,6,38,6,1,1,3,0,1,0,0,0,0,0.0,0,1,0.0,0
0.6666666666666666,0.6666666666666666,4,0.6666666666666666,8,1.1,11.0,1.1136363636363635,12.25,1.168944099378882,107.5,1,4,1.2542082169924211,110.0,-1.25,1.189437963944857,1.2130434782608694,18,1.2275607958732497,1.2050514162006132,1.6666666666666667,1.8333333333333333,10.0,11,10,12,-1.7,-18.099999999999998,12.7,3.7,1.1819062506030606,18,6,19,6,1,1,3,0,1,0,1,0,0,0.0,0,1,0.0,0
0.6,0.6,3,0.6,6,1.1481481477777777,10.33333333,0.8269230769230769,10.75,1.0288695652173914,110.0,1,3,1.225732834939996,120.0,-0.4166666699999997,1.3083536883243772,0.7313379542113002,27,1.2643147284489245,1.2742242031788749,1.8,2.6,10.0,13,9,10,-4.06,-22.36,15.5,2.8,1.1743905726499018,18,5,19,5,0,0,1,0,0,0,0,1,1,0.0,1,0,0.0,1
0.6666666666666666,0.6666666666666666,4,0.6666666666666666,8,1.025,10.25,1.2045454545454546,13.25,0.8310789049919485,114.6,1,4,1.1803307676305388,117.0,-3.0,1.355244411692459,1.2294441386901487,19,1.302210510906163,1.3335857352222766,1.6666666666666667,1.8333333333333333,38.0,11,10,12,-3.12,-11.719999999999999,9.4,-0.8,1.1758672525439406,0,6,38,6,0,0,5,0,1,0,0,0,0,0.0,0,1,0.0,0
1.0,1.0,6,1.0,12,1.9047619042857142,13.33333333,1.7551020414285714,12.28571429,1.1542253521126762,126.4,1,6,1.2145569620253165,125.0,1.0476190400000007,1.196590909090909,1.225164113785558,18,1.2932721712538227,1.0974803149606298,1.1666666666666667,1.1666666666666667,37.5,7,7,12,-0.92,-17.42,16.2,0.3,1.1876220053238686,1,6,38,6,1,1,1,0,1,0,0,0,1,0.0,0,0,0.0,1
0.7142857142857143,0.7142857142857143,5,0.7142857142857143,10,1.2044444444444444,10.84,1.2127272727272727,13.34,1.5568619113426172,163.7,1,5,1.2378260869565216,130.0,-2.5,1.1756521739130434,0.7234823625922888,35,1.0986103210077205,1.1281060708036075,1.2857142857142858,1.5714285714285714,37.0,11,9,14,1.79,-11.11,12.4,0.5,1.1758672525439406,0,7,37,7,0,0,1,0,0,0,0,1,0,0.0,1,0,0.0,1
0.8333333333333334,0.8333333333333334,5,0.8333333333333334,10,1.4444444444444444,13.0,1.375,11.0,1.1767016491754123,135.6,1,5,1.1973403408186016,150.0,2.0,1.123776517538332,0.7491078753076292,43,1.0449937888198757,1.2799644037630307,1.5,1.3333333333333333,28.0,8,9,12,1.79,-11.11,12.4,0.5,1.1584500394906667,18,6,37,6,1,1,1,0,0,0,0,1,0,0.0,1,0,0.0,1
0.5,0.3333333333333333,2,0.6666666666666666,6,0.875,10.5,0.7166666666666667,10.75,0.8011627906976745,110.0,1,4,1.0786585365853658,110.0,-0.25,0.9646551724137932,1.2134920634920636,20,1.1182648401826485,1.059375,2.0,2.5,3.5,15,12,12,0.79,-12.809999999999999,13.9,-0.3,1.1876220053238686,1,6,4,6,0,0,1,0,1,0,1,0,1,0.0,0,1,0.0,1
0.25,0.16666666666666666,1,0.3333333333333333,3,0.8333333333333334,10.0,1.0909090909090908,12.0,0.8265111346765641,160.0,1,2,1.1933908806863316,130.0,-2.0,1.1968670076726344,0.7313379542113002,31,1.0901394585726005,1.1019750589821369,2.0,1.8333333333333333,37.0,11,12,12,-0.92,-17.42,16.2,0.3,1.1743905726499018,0,6,37,6,0,0,1,0,0,0,0,1,1,0.16666666666666666,1,0,0.16666666666666666,1
1.0,1.0,5,1.0,10,1.625,13.0,1.328571429,13.28571429,1.0288695652173914,120.2,1,5,1.3003910743041178,131.0,-0.2857142899999996,1.3083536883243772,1.2069998195922786,19,1.2643147284489245,1.1019750589821369,1.6,2.0,19.0,10,8,10,-1.7,-18.099999999999998,12.7,3.7,1.1743905726499018,36,5,37,5,0,0,1,0,1,0,0,0,0,0.0,0,0,0.0,1
0.0,0.0,0,0.0,0,0.0,0.0,0.0,0.0,0.6201419698314108,122.5,0,0,1.225732834939996,120.0,0.0,1.3083536883243772,0.7313379542113002,32,1.0901394585726005,1.1019750589821369,1.0,1.2,37.0,6,5,10,-1.7,-18.099999999999998,12.7,3.7,1.1743905726499018,0,5,37,5,0,0,1,0,0,0,0,1,0,0.0,1,0,0.0,1
0.0,0.0,0,0.0,0,0.0,0.0,0.0,0.0,0.683695652173913,100.0,1,0,1.1939285714285715,120.0,0.0,1.3345945945945945,0.748,24,1.0831439393939393,1.3434108527131783,1.0,2.2,37.5,11,5,10,-0.92,-17.42,16.2,0.3,1.1876220053238686,1,5,38,5,0,0,1,0,0,1,0,0,1,0.0,1,0,0.0,1
0.6666666666666666,0.7142857142857143,5,0.625,10,0.8653846153846154,11.25,1.4,12.6,0.9895400126023945,120.0,1,5,1.1990645264164983,120.0,-1.3499999999999996,1.204451156505842,0.7927536231884058,33,1.117896865520728,1.1229617418778761,1.8571428571428572,1.125,37.0,9,13,15,1.74,-10.46,10.8,1.4,1.1819062506030606,0,7,37,8,0,0,1,0,0,0,1,1,0,0.2857142857142857,1,0,0.375,1
0.0,0.0,0,0.0,0,0.0,0.0,0.0,0.0,1.2359420289855074,127.0,0,0,0.7749734888653234,138.0,0.0,0.8041407867494824,0.7313379542113002,37,1.2693138979643126,1.2742242031788749,2.0,1.0,19.0,4,10,9,1.74,-10.46,10.8,1.4,1.1743905726499018,0,5,19,4,0,0,1,0,0,0,1,1,0,0.0,1,0,0.0,1
0.9166666666666666,1.0,6,0.8333333333333334,11,1.59375,12.75,2.066666666666667,12.4,1.3923076923076922,140.8,1,5,1.2521505376344086,150.0,0.34999999999999964,0.9646551724137932,0.9358381502890174,19,1.2428571428571429,1.124342105263158,1.3333333333333333,1.0,2.5,6,8,12,1.74,-10.46,10.8,1.4,1.1876220053238686,1,6,3,6,0,0,1,0,1,0,0,0,0,0.0,0,0,0.16666666666666666,1
0.9,0.8,4,1.0,9,2.4166666666666665,14.5,2.52,12.6,1.1542253521126762,140.7,1,5,1.0786585365853658,141.0,1.9000000000000004,1.155188679245283,1.4512849162011174,20,1.2428571428571429,1.2365750528541226,1.2,1.0,1.5,5,6,10,0.32,-9.879999999999999,7.6,2.6,1.1876220053238686,1,5,2,5,0,0,1,0,1,0,0,0,1,0.0,0,1,0.0,1
0.875,0.875,7,0.875,14,1.3666666666666667,12.3,1.3666666666666667,12.3,1.543190537084399,132.5,1,7,1.1973403408186016,136.0,0.0,1.3025204788909892,1.184466819221968,19,1.233967927278964,1.2767270531400965,1.125,1.125,28.5,9,9,16,-1.7,-18.099999999999998,12.7,3.7,1.1584500394906667,19,8,38,8,0,0,6,0,1,0,0,0,0,0.0,0,1,0.0,0
1.0,1.0,6,1.0,12,1.578125,12.625,1.58928571375,12.71428571,1.3541407867494824,123.7,1,6,1.1973403408186016,124.0,-0.0892857100000004,1.3025204788909892,1.4102055872516233,18,1.233967927278964,1.2179619565217392,1.3333333333333333,1.3333333333333333,10.0,8,8,12,0.79,-12.809999999999999,13.9,-0.3,1.1584500394906667,18,6,19,6,1,1,2,0,1,0,0,0,0,0.0,0,1,0.16666666666666666,0
0.875,0.875,7,0.875,14,1.55803571375,12.46428571,1.55803571375,12.46428571,1.5717231848623365,121.3,1,7,1.1990645264164983,127.0,0.0,1.318361688720857,1.2130434782608694,20,1.2275607958732497,1.1229617418778761,1.0,1.0,28.0,8,8,16,1.74,-10.46,10.8,1.4,1.1819062506030606,18,8,37,8,1,1,2,0,1,0,0,0,0,0.0,0,1,0.0,0
0.7307692307692307,0.6923076923076923,9,0.7692307692307693,19,0.5802469133333333,10.44444444,0.6764705882352942,11.5,0.8792181890706022,111.3,1,10,1.2542082169924211,120.0,-1.0555555600000002,1.318361688720857,1.08159111933395,24,1.2470369797307752,1.2921636019934695,1.3846153846153846,1.3076923076923077,10.0,17,18,26,-0.92,-17.42,16.2,0.3,1.1819062506030606,18,13,19,13,0,0,1,0,0,0,0,0,0,0.5384615384615384,1,0,0.6923076923076923,1
1.0,1.0,6,1.0,12,1.3,13.0,1.2121212118181819,13.33333333,0.8265111346765641,138.0,1,6,1.3003910743041178,133.1,-0.3333333300000003,1.1782208343342142,1.4404225006140996,20,1.2643147284489245,1.2414858951680476,1.6666666666666667,1.8333333333333333,1.0,11,10,12,-0.92,-17.42,16.2,0.3,1.1743905726499018,0,6,1,6,0,0,1,0,1,0,0,0,0,0.0,0,1,0.0,1
1.0,1.0,11,1.0,23,1.0238095235714286,14.33333333,1.1041666666666667,13.25,1.0632,140.1,1,12,1.2521505376344086,145.0,1.0833333300000003,1.2770334928229667,1.4512849162011174,20,1.2868092691622104,1.2365750528541226,1.2727272727272727,1.0,1.0,12,14,23,3.51,-6.790000000000001,8.9,1.4,1.1876220053238686,0,11,1,12,0,0,3,0,1,0,1,0,0,0.36363636363636365,0,1,0.5,0
0.6666666666666666,0.6666666666666666,4,0.6666666666666666,8,1.075,10.75,1.2777777777777777,11.5,1.433108695652174,123.6,1,4,1.1973403408186016,132.0,-0.75,1.1624045504129656,1.184466819221968,18,1.0449937888198757,1.0880586922712827,1.6666666666666667,1.5,37.0,9,10,12,0.32,-9.879999999999999,7.6,2.6,1.1584500394906667,0,6,37,6,0,0,1,0,1,0,1,0,0,0.0,0,1,0.0,1
0.0,0.0,0,0.0,0,0.0,0.0,0.0,0.0,1.543190537084399,140.0,0,0,1.2013971665852468,140.0,0.0,1.0402415458937198,0.8167361524717094,39,1.233967927278964,1.2179619565217392,0.0,0.0,10.0,0,0,15,1.79,-11.11,12.4,0.5,1.1584500394906667,18,8,19,7,0,0,1,0,0,0,0,1,0,0.0,1,1,0.0,1
0.0,0.0,0,0.0,0,0.0,0.0,0.0,0.0,1.3923076923076922,113.9,1,0,1.1939285714285715,124.0,0.0,1.2994236311239193,1.4512849162011174,18,1.2662162162162163,1.3042389210019267,0.0,0.0,19.0,0,0,12,1.79,-11.11,12.4,0.5,1.1876220053238686,0,6,19,6,0,0,1,0,1,0,0,0,1,0.0,0,1,0.0,1
0.0,0.0,0,0.0,0,0.0,0.0,0.0,0.0,1.5796068796068796,118.9,1,0,1.1939285714285715,133.1,0.0,1.3345945945945945,0.748,30,1.0831439393939393,1.3434108527131783,0.0,0.0,37.5,0,0,15,0.79,-12.809999999999999,13.9,-0.3,1.1876220053238686,1,8,38,7,0,0,1,0,0,0,0,1,0,0.0,1,0,0.0,1
0.5,0.6,3,0.4,5,1.54166666625,12.33333333,0.9615384615384616,12.5,0.8011627906976745,110.0,1,2,1.2388505747126437,150.0,-0.16666666999999968,1.2170068027210885,0.748,24,1.2868092691622104,1.2365750528541226,1.6,2.6,1.0,13,8,10,-3.12,-11.719999999999999,9.4,-0.8,1.1876220053238686,0,5,1,5,0,0,1,0,0,1,0,0,1,0.0,1,0,0.0,1
1.0,1.0,6,1.0,12,1.80952381,12.66666667,1.7142857142857142,12.0,1.0808549506759224,140.0,1,6,1.2397006414825373,140.0,0.6666666699999997,1.1663210702341136,1.2388849929873773,19,1.2919274890242176,1.2767270531400965,1.1666666666666667,1.1666666666666667,38.0,7,7,12,1.79,-11.11,12.4,0.5,1.1584500394906667,0,6,38,6,0,0,1,0,1,0,1,0,0,0.0,0,0,0.0,1
0.0,0.0,0,0.0,0,0.0,0.0,0.0,0.0,0.9622563718140928,119.4,1,0,1.2013971665852468,132.0,0.0,1.0402415458937198,1.4102055872516233,20,1.25372234935164,1.2179619565217392,0.0,0.0,1.0,0,0,0,1.74,-10.46,10.8,1.4,1.1584500394906667,0,0,1,0,0,0,1,0,1,0,0,0,1,0.0,0,1,0.0,1
0.65,0.7,7,0.6,13,0.660714285625,10.57142857,0.6203703705555556,11.16666667,1.0296727924697446,113.2,1,6,1.1803307676305388,123.0,-0.5952380999999995,1.151400966183575,0.9819806763285025,21,1.1213355347642635,1.277410022972858,1.6,1.8,11.0,18,16,20,0.32,-9.879999999999999,7.6,2.6,1.1758672525439406,16,10,19,10,0,0,1,0,0,0,1,0,0,0.4,0,0,0.3,1
0.875,0.875,7,0.875,14,1.425,11.4,1.425,11.4,1.5568619113426172,119.3,1,7,1.3066447908121412,130.0,0.0,1.225328614762386,1.152445652173913,19,1.0986103210077205,1.3335857352222766,1.0,1.0,37.5,8,8,16,1.74,-10.46,10.8,1.4,1.1758672525439406,1,8,38,8,1,1,1,0,1,0,0,0,0,0.0,0,1,0.0,1
0.7,0.4,2,1.0,7,1.0,11.0,2.16,10.8,0.9895400126023945,101.8,1,5,1.194817160955946,100.0,0.1999999999999993,1.1306197964847364,1.1833540372670808,24,1.3338955940090156,1.339986123959297,2.2,1.0,38.0,5,11,10,1.74,-10.46,10.8,1.4,1.1819062506030606,0,5,38,5,0,0,1,0,0,0,1,0,0,0.0,1,1,0.0,1
0.8636363636363636,0.7272727272727273,8,1.0,19,0.75,12.75,1.1322314045454545,12.45454545,1.2292035398230086,116.2,1,11,0.6161764705882353,116.0,0.29545455000000054,0.744776119402985,0.9358381502890174,21,0.5958333333333333,0.515,1.5454545454545454,1.0,34.0,11,17,22,-3.12,-11.719999999999999,9.4,-0.8,1.1876220053238686,0,11,34,11,0,0,4,0,0,0,1,0,1,0.2727272727272727,0,0,0.8181818181818182,0
0.8333333333333334,0.8333333333333334,5,0.8333333333333334,10,2.1999999999999997,13.2,1.26,12.6,1.0663865546218485,140.0,1,5,1.1939285714285715,140.0,0.5999999999999996,1.2795454545454545,1.2134920634920636,20,1.0831439393939393,1.0974803149606298,1.0,1.6666666666666667,37.0,10,6,12,1.79,-11.11,12.4,0.5,1.1876220053238686,0,6,37,6,1,1,1,0,1,0,0,0,1,0.0,0,1,0.0,1
0.75,0.75,6,0.75,12,1.1522727272727273,12.675,1.1522727272727273,12.675,1.5717231848623365,130.0,1,6,1.1990645264164983,114.0,0.0,1.204451156505842,0.73904412557989,25,1.117896865520728,1.1229617418778761,1.375,1.375,37.0,11,11,16,-1.7,-18.099999999999998,12.7,3.7,1.1819062506030606,0,8,37,8,0,0,1,0,0,0,1,0,1,0.0,1,0,0.0,1
0.5833333333333334,0.3333333333333333,2,0.8333333333333334,7,0.6052631578947368,11.5,1.0666666666666667,12.8,1.2067357512953367,130.0,1,5,1.3634920634920635,130.0,-1.3000000000000007,1.155188679245283,1.2134920634920636,22,1.2662162162162163,1.2365750528541226,3.1666666666666665,2.0,10.0,12,19,12,1.79,-11.11,12.4,0.5,0.9941176470588234,18,6,19,6,0,0,1,0,0,0,0,0,0,0.0,0,1,0.0,1
0.9333333333333333,0.875,7,1.0,14,1.1017045454545455,12.11875,1.5271428575,12.21714286,1.547589908749329,127.3,1,7,1.1933908806863316,143.0,-0.0983928599999988,1.1559857057772485,1.2069998195922786,18,1.2357226792009401,1.2414858951680476,1.375,1.1428571428571428,19.5,8,11,15,2.02,-9.68,11.1,0.6,1.1743905726499018,37,8,38,7,0,0,6,0,1,0,0,0,0,0.0,0,1,0.0,0
0.9285714285714286,1.0,7,0.8571428571428571,13,1.2222222222222223,11.0,0.6875,11.0,1.545408163265306,112.5,1,6,1.1939285714285715,110.0,0.0,1.2994236311239193,0.9358381502890174,53,1.0831439393939393,1.0974803149606298,1.2857142857142858,2.2857142857142856,37.0,16,9,14,-3.12,-11.719999999999999,9.4,-0.8,1.1876220053238686,0,7,37,7,1,1,2,0,0,0,0,1,0,0.2857142857142857,1,1,0.5714285714285714,0
0.9,1.0,5,0.8,9,2.4,12.0,1.8214285714285714,12.75,1.2067357512953367,117.4,1,4,1.2388505747126437,124.0,-0.75,1.2170068027210885,1.4512849162011174,19,1.2428571428571429,1.2365750528541226,1.0,1.4,1.5,7,5,10,1.74,-10.46,10.8,1.4,1.1876220053238686,1,5,2,5,0,0,1,0,1,0,0,0,0,0.0,0,1,0.0,1
0.8333333333333334,0.6666666666666666,4,1.0,10,1.8214285714285714,12.75,2.0,12.0,1.0635714285714286,127.0,1,6,1.1939285714285715,128.0,0.75,1.148233215547703,1.4512849162011174,19,1.2662162162162163,1.3434108527131783,1.1666666666666667,1.0,28.5,6,7,12,1.79,-11.11,12.4,0.5,1.1876220053238686,19,6,38,6,0,0,1,0,1,0,1,0,0,0.0,0,0,0.0,1
0.8,0.8,4,0.8,8,2.55,12.75,1.2166666666666666,14.6,1.2067357512953367,133.6,0,4,1.106153846153846,135.0,-1.8499999999999996,1.1960526315789475,1.4512849162011174,22,1.1182648401826485,1.08125,1.0,2.4,2.5,12,5,10,-3.12,-11.719999999999999,9.4,-0.8,1.1876220053238686,1,5,3,5,0,0,1,0,0,0,1,0,0,0.0,0,1,0.0,1
0.0,0.0,0,0.0,0,0.0,0.0,0.0,0.0,1.5796068796068796,123.5,1,0,1.2145569620253165,142.0,0.0,1.2994236311239193,1.4512849162011174,19,1.2868092691622104,1.0974803149606298,0.0,0.0,19.0,0,0,15,-1.7,-18.099999999999998,12.7,3.7,1.1876220053238686,36,8,37,7,0,0,6,0,1,0,1,0,0,0.0,0,1,0.0,0
0.5,0.0,0,1.0,6,0.0,0.0,2.0277777783333333,12.16666667,1.3761848805327068,122.3,0,6,1.251728743136964,131.0,-12.16666667,1.197718162195498,1.152445652173913,19,1.2647449755785092,1.1281060708036075,1.0,1.0,19.0,6,6,12,-4.06,-22.36,15.5,2.8,1.1758672525439406,36,6,37,6,0,0,3,0,1,0,1,0,0,0.0,0,1,0.0,0
1.0,1.0,5,1.0,10,3.16,15.8,2.1020408157142856,14.71428571,0.8011627906976745,159.3,1,5,0.8071428571428572,167.0,1.0857142900000003,0.8348837209302326,1.4512849162011174,19,1.0831439393939393,1.0974803149606298,1.0,1.4,37.0,7,5,10,0.32,-9.879999999999999,7.6,2.6,1.1876220053238686,0,5,37,5,0,0,3,0,1,0,1,0,0,0.0,0,0,0.0,0
0.875,0.875,7,0.875,14,1.54571428625,12.36571429,1.54571428625,12.36571429,1.547589908749329,129.0,1,7,1.225732834939996,143.0,0.0,1.1697181559973782,1.4404225006140996,18,1.2643147284489245,1.2414858951680476,1.0,1.0,1.0,8,8,16,1.74,-10.46,10.8,1.4,1.1743905726499018,0,8,1,8,0,0,3,0,1,0,1,0,1,0.0,0,1,0.0,0
0.0,0.0,0,0.0,0,0.0,0.0,0.0,0.0,0.7799621928166351,150.0,1,0,1.1803307676305388,120.0,0.0,1.151400966183575,0.7234823625922888,25,1.2647449755785092,1.3335857352222766,1.0,1.0,19.5,6,6,12,1.79,-11.11,12.4,0.5,1.1758672525439406,37,6,38,6,0,0,1,0,0,0,1,0,1,0.0,1,0,0.0,1
0.0,0.0,0,0.0,0,0.0,0.0,0.0,0.0,1.0588932806324112,126.0,1,0,1.1933908806863316,140.0,0.0,1.1782208343342142,1.0102538326212618,19,1.2693138979643126,1.2742242031788749,2.0,0.0,19.0,0,12,12,1.74,-10.46,10.8,1.4,1.1743905726499018,0,6,19,6,0,0,2,0,1,0,1,0,0,0.0,0,1,0.0,0
0.6538461538461539,0.6666666666666666,8,0.6428571428571429,17,0.5357142857142857,11.25,0.5217391304347826,12.0,1.0663865546218485,125.0,1,9,1.2388505747126437,125.0,-0.75,1.2994236311239193,0.9358381502890174,21,1.2868092691622104,1.3434108527131783,1.75,1.6428571428571428,19.5,23,21,26,-4.06,-22.36,15.5,2.8,1.1876220053238686,37,12,38,14,0,0,1,0,0,0,0,0,0,0.5,0,1,0.6428571428571429,1
0.0,0.0,0,0.0,0,0.0,0.0,0.0,0.0,0.9177633108579399,130.0,1,0,1.1973403408186016,130.0,0.0,1.1624045504129656,0.8167361524717094,25,1.0449937888198757,1.0880586922712827,0.0,0.0,37.0,0,0,10,-1.7,-18.099999999999998,12.7,3.7,1.1584500394906667,0,5,37,5,0,0,1,0,0,0,1,0,0,0.0,1,0,0.0,1
1.0,1.0,6,1.0,12,2.1666666666666665,13.0,2.055555555,12.33333333,1.3761848805327068,123.7,1,6,1.1803307676305388,130.0,0.6666666699999997,1.151400966183575,1.2294441386901487,18,1.0986103210077205,1.1281060708036075,1.0,1.0,37.0,6,6,12,0.32,-9.879999999999999,7.6,2.6,1.1758672525439406,0,6,37,6,0,0,2,0,1,0,1,0,0,0.0,0,1,0.0,0
0.9,1.0,5,0.8,9,2.1111111116666668,12.66666667,2.4,12.0,0.7367809883877936,115.2,1,4,1.2013971665852468,130.0,0.6666666699999997,1.1663749294184076,0.7491078753076292,24,1.25372234935164,1.2179619565217392,1.2,1.0,1.0,5,6,10,1.79,-11.11,12.4,0.5,1.1584500394906667,0,5,1,5,0,0,1,0,0,0,0,0,1,0.0,1,0,0.0,1
0.8333333333333334,0.6666666666666666,4,1.0,10,1.59375,12.75,2.0277777783333333,12.16666667,1.3309782608695653,134.4,1,6,1.2145569620253165,133.0,0.5833333300000003,1.2994236311239193,1.4512849162011174,20,1.2662162162162163,1.3042389210019267,1.3333333333333333,1.0,19.0,6,8,12,-3.12,-11.719999999999999,9.4,-0.8,1.1876220053238686,0,6,19,6,1,1,4,0,1,0,1,0,1,0.0,0,1,0.0,0
0.0,0.0,0,0.0,0,0.0,0.0,0.0,0.0,1.0632,114.2,1,0,1.106153846153846,110.0,0.0,1.2994236311239193,1.2134920634920636,19,1.2868092691622104,1.2365750528541226,0.0,0.0,1.0,0,0,0,1.79,-11.11,12.4,0.5,1.1876220053238686,0,0,1,0,0,0,1,0,1,0,0,0,1,0.0,0,0,0.0,1
0.5416666666666666,0.45454545454545453,5,0.6153846153846154,13,1.2,14.4,1.0384615384615385,13.5,1.1776659038901602,140.0,1,8,1.0813995369179317,140.0,0.9000000000000004,1.0307911617961512,0.7327294685990338,27,0.9906354515050168,1.146645195920558,1.0909090909090908,1.0,4.0,13,12,24,2.02,-9.68,11.1,0.6,1.1758672525439406,2,11,5,13,0,0,1,0,0,1,1,1,1,0.45454545454545453,1,0,0.6153846153846154,1
1.0,1.0,6,1.0,12,2.2222222216666667,13.33333333,2.5,15.0,1.4912388027091983,133.5,1,6,1.251728743136964,138.0,-1.6666666699999997,1.225328614762386,1.4334342940889107,19,1.2576025080438908,1.3335857352222766,1.0,1.0,28.5,6,6,12,3.51,-6.790000000000001,8.9,1.4,1.1758672525439406,19,6,38,6,1,1,1,0,1,0,0,0,0,0.0,0,0,0.0,1
0.0,0.0,0,0.0,0,0.0,0.0,0.0,0.0,0.6398191993112355,119.9,1,0,1.154390451832907,130.0,0.0,1.3025204788909892,1.184466819221968,20,1.2919274890242176,1.2799644037630307,1.0,1.0,28.5,5,5,10,-3.12,-11.719999999999999,9.4,-0.8,1.1584500394906667,19,5,38,5,0,0,1,0,1,1,0,0,1,0.0,0,1,0.0,1
0.0,0.0,0,0.0,0,0.0,0.0,0.0,0.0,0.9622563718140928,137.5,0,0,1.2239130434782608,135.0,0.0,1.2639209009952854,1.4102055872516233,19,1.25372234935164,1.2767270531400965,0.0,0.0,19.5,0,0,0,-1.7,-18.099999999999998,12.7,3.7,1.1584500394906667,37,0,38,0,0,0,1,1,1,1,0,0,1,0.0,0,1,0.0,1
0.75,0.8333333333333334,5,0.6666666666666666,9,1.9714285714285715,13.8,1.8571428571428572,13.0,1.3096192836224372,121.4,0,4,1.251728743136964,120.0,0.8000000000000007,1.197718162195498,1.2294441386901487,20,1.2647449755785092,1.3335857352222766,1.1666666666666667,1.1666666666666667,19.5,7,7,12,1.79,-11.11,12.4,0.5,1.1758672525439406,37,6,38,6,0,0,1,0,1,0,1,0,0,0.0,0,0,0.0,1
0.9,1.0,5,0.8,9,2.68,13.4,1.8214285714285714,12.75,1.2130202278539874,135.7,1,4,1.194817160955946,128.0,0.6500000000000004,1.189437963944857,1.4304347826086956,20,1.2275607958732497,1.2050514162006132,1.0,1.4,10.0,7,5,10,1.74,-10.46,10.8,1.4,1.1819062506030606,18,5,19,5,0,0,1,0,1,0,0,0,0,0.0,0,1,0.0,1
1.0,1.0,6,1.0,12,1.4126984122222224,12.71428571,1.93877551,13.57142857,1.0067868504772004,160.0,1,6,1.1990645264164983,160.0,-0.8571428599999997,1.183961352657005,1.1124779073877695,20,1.3338955940090156,1.339986123959297,1.5,1.1666666666666667,38.0,7,9,12,1.79,-11.11,12.4,0.5,1.1819062506030606,0,6,38,6,0,0,1,0,1,0,0,0,0,0.0,0,1,0.0,1
1.0,1.0,8,1.0,15,1.5185185188888888,13.66666667,1.9102040814285715,13.37142857,1.543190537084399,119.4,1,7,1.2011857707509879,126.0,0.29523809999999884,1.1624045504129656,1.184466819221968,19,1.233967927278964,1.0880586922712827,1.125,1.0,28.0,7,9,15,-0.92,-17.42,16.2,0.3,1.1584500394906667,18,8,37,7,1,1,6,0,1,0,0,0,0,0.0,0,1,0.0,0
1.0,1.0,8,1.0,15,1.5765625,12.6125,1.9685714285714284,13.78,1.543190537084399,119.9,1,7,1.1973403408186016,130.0,-1.1674999999999986,1.2639209009952854,1.4102055872516233,18,1.233967927278964,1.2799644037630307,1.0,1.0,19.0,7,8,15,1.79,-11.11,12.4,0.5,1.1584500394906667,0,8,19,7,0,0,4,0,1,0,0,0,0,0.0,0,1,0.0,0
0.8333333333333334,0.8333333333333334,5,0.8333333333333334,10,1.3,13.0,0.9761904764285714,13.66666667,1.2130202278539874,159.9,1,5,1.1990645264164983,140.0,-0.6666666699999997,1.1004459308807135,1.08159111933395,21,1.2275607958732497,1.052902889872429,1.6666666666666667,2.3333333333333335,11.0,14,10,12,-0.92,-17.42,16.2,0.3,1.1819062506030606,16,6,19,6,0,0,1,0,0,0,0,0,0,0.3333333333333333,0,1,0.3333333333333333,1
0.7058823529411765,1.0,5,0.5833333333333334,12,2.12,10.6,0.9166666666666666,11.0,0.8455652173913043,128.2,0,7,1.194817160955946,110.0,-0.40000000000000036,1.204451156505842,1.0745995423340962,22,1.2275607958732497,1.1229617418778761,1.0,1.0,28.0,12,5,17,3.51,-6.790000000000001,8.9,1.4,1.1819062506030606,18,5,37,12,0,0,1,0,0,0,0,0,0,1.0,0,0,0.5833333333333334,1
0.0,0.0,0,0.0,0,0.0,0.0,0.0,0.0,0.8455652173913043,111.9,1,0,1.3844319775596072,130.0,0.0,1.183961352657005,0.73904412557989,36,1.117896865520728,1.1229617418778761,1.0,1.0,37.0,5,5,10,-1.7,-18.099999999999998,12.7,3.7,1.1819062506030606,0,5,37,5,0,0,1,0,0,1,1,1,0,0.0,1,0,0.0,1
1.0,1.0,12,1.0,18,1.2637362635714287,17.69230769,2.359375,18.875,1.0663865546218485,150.0,1,6,1.2388505747126437,110.0,-1.1826923100000002,1.2795454545454545,0.748,32,1.1182648401826485,1.3042389210019267,1.1666666666666667,1.3333333333333333,11.0,8,14,18,-0.92,-17.42,16.2,0.3,1.1876220053238686,16,12,19,6,0,0,1,0,0,0,0,1,1,0.5,1,0,0.0,1
0.8,0.8,4,0.8,8,1.5714285714285714,11.0,1.425,11.4,0.9177633108579399,98.0,1,4,1.154390451832907,133.1,-0.40000000000000036,1.2639209009952854,1.4102055872516233,23,1.0449937888198757,1.2767270531400965,1.4,1.6,37.5,8,7,10,2.02,-9.68,11.1,0.6,1.1584500394906667,1,5,38,5,0,0,1,0,0,0,1,0,1,0.0,0,1,0.0,1
0.5,0.3333333333333333,2,0.6666666666666666,6,0.9743589746153846,12.66666667,1.0416666666666667,12.5,1.1776659038901602,98.9,1,4,1.2127443159154367,101.0,0.16666666999999968,1.151400966183575,1.4334342940889107,21,1.2647449755785092,1.1281060708036075,2.1666666666666665,2.0,19.0,12,13,12,2.02,-9.68,11.1,0.6,1.1758672525439406,36,6,37,6,0,0,1,0,0,0,0,0,0,0.0,0,1,0.0,1
0.75,1.0,6,0.5,9,1.5714285714285714,11.0,0.904761905,12.66666667,1.545408163265306,127.1,1,3,1.2521505376344086,126.0,-1.6666666699999997,1.196590909090909,1.4037037037037037,19,1.2932721712538227,1.0974803149606298,1.1666666666666667,2.3333333333333335,37.5,14,7,12,-3.12,-11.719999999999999,9.4,-0.8,1.1876220053238686,1,6,38,6,1,1,2,0,1,0,0,0,0,0.0,0,1,0.0,0
0.4,0.4,2,0.4,4,0.8571428571428571,12.0,0.6666666666666666,10.0,1.0138095238095237,120.1,1,2,1.1939285714285715,133.0,2.0,1.2770334928229667,1.225164113785558,18,1.2662162162162163,1.2365750528541226,2.8,3.0,10.0,15,14,10,0.79,-12.809999999999999,13.9,-0.3,1.1876220053238686,18,5,19,5,1,1,2,0,1,0,0,0,0,0.0,0,1,0.0,0
1.0,1.0,6,1.0,12,2.2777777783333333,13.66666667,1.8571428571428572,13.0,1.433108695652174,122.6,1,6,1.2239130434782608,131.0,0.6666666699999997,1.3025204788909892,1.184466819221968,18,1.25372234935164,0.9138586956521739,1.0,1.1666666666666667,20.0,7,6,12,1.79,-11.11,12.4,0.5,1.1584500394906667,38,6,39,6,0,0,3,0,1,0,0,0,0,0.0,0,1,0.0,0
0.0,0.0,0,0.0,0,0.0,0.0,0.0,0.0,0.9622563718140928,124.0,0,0,1.154390451832907,138.0,0.0,1.2639209009952854,1.4102055872516233,19,1.233967927278964,1.0880586922712827,0.0,0.0,28.0,0,0,0,1.74,-10.46,10.8,1.4,1.1584500394906667,18,0,37,0,0,0,1,0,1,0,1,0,0,0.0,0,1,0.0,1
0.08333333333333333,0.16666666666666666,1,0.0,1,0.9090909090909091,10.0,0.0,0.0,1.2840579710144928,132.5,1,0,1.056521739130435,129.0,10.0,1.318361688720857,1.2130434782608694,21,1.100568702990277,1.2050514162006132,1.8333333333333333,1.1666666666666667,2.0,7,11,12,1.74,-10.46,10.8,1.4,1.1819062506030606,2,6,3,6,0,0,4,0,0,0,0,0,1,0.0,0,1,0.0,0
1.0,1.0,6,1.0,12,2.25,13.5,1.7959183671428571,12.57142857,1.4912388027091983,141.8,1,6,1.251728743136964,140.0,0.9285714299999999,0.6634202898550725,1.156304347826087,21,1.302210510906163,1.277410022972858,1.0,1.1666666666666667,28.5,7,6,12,1.79,-11.11,12.4,0.5,1.1758672525439406,19,6,38,6,0,0,1,0,0,0,0,0,0,0.3333333333333333,0,0,0.5,1
0.9,1.0,5,0.8,9,1.6481481477777777,14.83333333,1.8571428571428572,13.0,0.6201419698314108,126.1,1,4,1.225732834939996,124.0,1.8333333300000003,0.701041028781384,1.2069998195922786,20,1.2693138979643126,1.2742242031788749,1.8,1.4,19.0,7,9,10,0.32,-9.879999999999999,7.6,2.6,1.1743905726499018,0,5,19,5,0,0,6,0,1,0,0,0,1,0.0,0,1,0.0,0
1.0,1.0,5,1.0,10,1.5740740744444444,14.16666667,1.3375,13.375,1.0288695652173914,128.8,1,5,1.0673369565217392,134.0,0.7916666699999997,1.1559857057772485,1.4404225006140996,18,1.1418478260869565,1.2742242031788749,1.8,2.0,11.0,10,9,10,0.79,-12.809999999999999,13.9,-0.3,1.1743905726499018,16,5,19,5,0,0,1,0,1,0,0,0,0,0.0,0,0,0.0,1
0.8333333333333334,0.8333333333333334,5,0.8333333333333334,10,1.6857142857142857,11.8,1.37037037,12.33333333,1.545408163265306,121.7,1,5,1.2388505747126437,136.0,-0.5333333299999996,1.2994236311239193,1.4512849162011174,21,1.2662162162162163,1.3042389210019267,1.1666666666666667,1.5,19.0,9,7,12,0.79,-12.809999999999999,13.9,-0.3,1.1876220053238686,0,6,19,6,1,1,2,0,0,0,0,0,0,0.0,0,1,0.0,0
0.8,0.875,7,0.7142857142857143,12,1.4972222222222222,13.475,1.411111111111111,12.7,1.547589908749329,115.7,1,5,1.225732834939996,118.0,0.7750000000000004,1.1559857057772485,1.4404225006140996,20,0.8416337285902503,1.2414858951680476,1.125,1.2857142857142858,6.5,9,9,15,0.79,-12.809999999999999,13.9,-0.3,1.1743905726499018,11,8,12,7,0,0,1,0,1,0,0,0,1,0.0,0,0,0.0,1
1.0,1.0,5,1.0,10,2.84,14.2,2.7199999999999998,13.6,0.7367809883877936,133.8,1,5,1.1973403408186016,133.1,0.5999999999999996,1.1624045504129656,0.7491078753076292,52,1.0449937888198757,1.0880586922712827,1.0,1.0,37.0,5,5,10,0.32,-9.879999999999999,7.6,2.6,1.1584500394906667,0,5,37,5,0,0,1,0,0,0,1,1,1,0.0,1,1,0.0,1
1.0,1.0,5,1.0,10,2.7600000000000002,13.8,2.0571428571428574,14.4,1.2021517302573204,141.8,1,5,1.0242050616482803,140.0,-0.5999999999999996,0.8200424178154825,1.4102055872516233,21,0.8976284584980238,1.2179619565217392,1.0,1.4,6.5,7,5,10,0.32,-9.879999999999999,7.6,2.6,1.1584500394906667,11,5,12,5,0,0,1,0,0,0,0,0,0,0.0,0,0,0.0,1
1.0,1.0,9,1.0,20,1.7530864199999998,15.77777778,1.3388429754545454,14.72727273,1.0588932806324112,148.3,1,11,1.1933908806863316,120.0,1.05050505,1.1782208343342142,0.7313379542113002,47,1.2643147284489245,1.2742242031788749,1.0,1.0,10.0,11,9,20,1.74,-10.46,10.8,1.4,1.1743905726499018,18,9,19,11,0,0,1,0,0,0,1,1,1,0.6666666666666666,1,0,0.5454545454545454,1
0.0,0.0,0,0.0,0,0.0,0.0,0.0,0.0,0.8409172126265634,125.4,1,0,1.0673369565217392,133.1,0.0,1.1782208343342142,1.0102538326212618,39,1.1418478260869565,1.2414858951680476,1.0,2.5,2.0,5,4,6,1.74,-10.46,10.8,1.4,1.1743905726499018,2,4,3,2,0,0,2,0,0,0,0,1,1,0.0,1,0,0.0,0
0.6363636363636364,0.5,3,0.8,7,1.66666666625,13.33333333,2.9,14.5,0.683695652173913,116.9,1,4,1.2783606557377047,126.0,-1.1666666699999997,1.148233215547703,1.225164113785558,20,1.2932721712538227,1.3434108527131783,1.3333333333333333,1.0,38.0,5,8,11,2.02,-9.68,11.1,0.6,1.1876220053238686,0,6,38,5,0,0,5,0,1,1,0,0,1,0.0,0,1,0.0,0
0.9375,1.0,9,0.8571428571428571,15,1.395061728888889,12.55555556,1.3968253966666666,12.57142857,1.3761848805327068,140.0,1,6,1.2127443159154367,140.0,-0.015873009999999965,1.1051039697542533,1.156304347826087,25,1.2647449755785092,1.277410022972858,1.0,1.2857142857142858,10.0,9,9,16,-0.92,-17.42,16.2,0.3,1.1758672525439406,18,9,19,7,0,0,1,0,0,0,1,0,1,0.5555555555555556,1,0,0.2857142857142857,1
0.0,0.0,0,0.0,0,0.0,0.0,0.0,0.0,0.9622563718140928,160.6,1,0,1.1973403408186016,170.0,0.0,0.9459469417833456,1.4102055872516233,18,1.2919274890242176,1.2799644037630307,0.0,0.0,28.5,0,0,0,-1.7,-18.099999999999998,12.7,3.7,1.1584500394906667,19,0,38,0,1,1,1,0,1,0,0,0,1,0.0,0,1,0.0,1
0.0,0.0,0,0.0,0,0.0,0.0,0.0,0.0,1.0972332015810278,115.7,1,0,1.1990645264164983,122.0,0.0,1.264619822790027,1.4304347826086956,20,1.117896865520728,1.1229617418778761,0.0,0.0,37.0,0,0,0,-3.12,-11.719999999999999,9.4,-0.8,1.1819062506030606,0,0,37,0,0,0,1,0,1,0,0,0,0,0.0,0,1,0.0,1
0.0,0.0,0,0.0,0,0.0,0.0,0.0,0.0,0.6398191993112355,134.0,1,0,0.6219486642221058,140.8,0.0,0.772524154589372,0.8167361524717094,24,0.5682898550724638,0.6546057479734708,0.0,0.0,34.0,0,0,10,0.32,-9.879999999999999,7.6,2.6,1.1584500394906667,0,5,34,5,0,0,1,0,0,0,1,0,1,0.0,1,0,0.0,1
1.0,1.0,6,1.0,12,2.0277777783333333,12.16666667,1.9722222216666667,11.83333333,1.3096192836224372,141.8,1,6,1.1803307676305388,132.0,0.33333333999999937,1.151400966183575,1.2294441386901487,20,1.2576025080438908,1.1916457060725836,1.0,1.0,10.0,6,6,12,-1.7,-18.099999999999998,12.7,3.7,1.1758672525439406,18,6,19,6,0,0,2,0,1,0,1,0,1,0.0,0,1,0.0,0
1.0,1.0,8,1.0,15,1.4666666666666666,13.2,1.9367346942857144,13.55714286,1.5568619113426172,115.9,1,7,1.1803307676305388,125.0,-0.3571428600000015,1.151400966183575,1.4334342940889107,18,1.2576025080438908,1.277410022972858,1.125,1.0,19.0,7,9,15,1.79,-11.11,12.4,0.5,1.1758672525439406,0,8,19,7,0,0,6,0,1,0,1,0,0,0.0,0,0,0.0,0
0.8,1.0,5,0.6,8,2.1333333333333333,12.8,1.1481481477777777,10.33333333,1.0288695652173914,114.2,1,3,1.1933908806863316,118.0,2.4666666700000004,1.1782208343342142,1.4404225006140996,20,1.2693138979643126,1.2742242031788749,1.2,1.8,19.0,9,6,10,1.79,-11.11,12.4,0.5,1.1743905726499018,0,5,19,5,0,0,5,0,1,0,1,0,1,0.0,0,1,0.0,0
0.0,0.0,0,0.0,0,0.0,0.0,0.0,0.0,1.0138095238095237,122.7,0,0,1.1939285714285715,120.0,0.0,1.1960526315789475,0.748,25,1.0831439393939393,1.2365750528541226,1.8,1.0,19.0,5,9,10,1.74,-10.46,10.8,1.4,1.1876220053238686,36,5,37,5,0,0,1,0,0,0,0,0,0,0.0,1,0,0.0,1
0.0,0.0,0,0.0,0,0.0,0.0,0.0,0.0,0.8455652173913043,128.2,1,0,0.8377574370709383,133.1,0.0,1.2806596701649176,0.73904412557989,33,1.117896865520728,1.1229617418778761,0.0,0.0,37.0,0,0,10,-1.7,-18.099999999999998,12.7,3.7,1.1819062506030606,0,5,37,5,0,0,1,0,0,0,0,1,0,0.0,1,0,0.0,1
0.16666666666666666,0.0,0,0.3333333333333333,2,0.0,0.0,1.1,11.0,1.4763186934451555,120.5,0,2,0.664626945786366,133.1,-11.0,1.189437963944857,0.73904412557989,32,1.117896865520728,0.986231884057971,2.0,1.6666666666666667,33.0,10,12,12,0.32,-9.879999999999999,7.6,2.6,1.1819062506030606,8,6,37,6,0,0,1,0,0,0,0,1,1,0.0,1,0,0.0,1
1.0,1.0,6,1.0,12,1.765625,14.125,2.1111111116666668,12.66666667,1.3746562616127835,138.1,1,6,1.1990645264164983,157.0,1.4583333300000003,1.183961352657005,1.096567505720824,18,1.100568702990277,1.2050514162006132,1.3333333333333333,1.0,2.0,6,8,12,1.74,-10.46,10.8,1.4,1.1819062506030606,2,6,3,6,0,0,3,0,1,0,0,0,0,0.0,0,1,0.0,0
0.9375,1.0,7,0.8888888888888888,15,1.4444444444444444,13.0,0.9914529915384616,12.88888889,1.2292035398230086,126.0,1,8,1.2783606557377047,160.0,0.11111110999999951,1.196590909090909,0.748,38,1.0831439393939393,1.0974803149606298,1.2857142857142858,1.4444444444444444,37.0,13,9,16,0.79,-12.809999999999999,13.9,-0.3,1.1876220053238686,0,7,37,9,1,1,1,0,0,0,1,1,0,0.2857142857142857,1,0,0.4444444444444444,1
0.0,0.0,0,0.0,0,0.0,0.0,0.0,0.0,1.49416149068323,103.5,1,0,1.1933908806863316,133.1,0.0,1.1697181559973782,0.7313379542113002,42,1.0901394585726005,1.1019750589821369,0.0,0.0,37.0,0,0,12,-4.06,-22.36,15.5,2.8,1.1743905726499018,0,6,37,6,0,0,1,0,0,0,0,1,1,0.0,1,0,0.0,1
0.0,0.0,0,0.0,0,0.0,0.0,0.0,0.0,1.2768658451522903,125.8,0,0,0.5651100375738056,133.1,0.0,1.039782608695652,1.2069998195922786,22,1.1418478260869565,0.7983695652173913,2.0,2.0,4.0,8,8,8,0.32,-9.879999999999999,7.6,2.6,1.1743905726499018,2,4,5,4,1,0,2,0,0,0,0,0,1,0.0,0,1,0.0,0
0.6666666666666666,0.5,3,0.8333333333333334,8,0.9393939390909091,10.33333333,0.9166666666666666,11.0,1.0635714285714286,121.5,1,5,1.2388505747126437,125.0,-0.6666666699999997,1.1960526315789475,1.4512849162011174,18,1.2868092691622104,1.3042389210019267,1.8333333333333333,2.0,10.0,12,11,12,-3.12,-11.719999999999999,9.4,-0.8,1.1876220053238686,18,6,19,6,0,0,2,0,1,0,0,0,1,0.0,0,1,0.0,0
0.4166666666666667,0.3333333333333333,2,0.5,5,1.5714285714285714,11.0,1.03030303,11.33333333,1.2840579710144928,105.0,1,3,1.194817160955946,119.0,-0.3333333300000003,1.1306197964847364,1.0228260869565218,23,1.2275607958732497,1.1229617418778761,1.1666666666666667,1.8333333333333333,28.0,11,7,12,-0.92,-17.42,16.2,0.3,1.1819062506030606,18,6,37,6,0,0,1,0,0,0,1,0,0,0.0,0,1,0.0,1
1.0,1.0,8,1.0,15,1.6790123455555555,15.11111111,2.1240816328571426,14.86857143,1.5796068796068796,128.5,1,7,1.1939285714285715,133.0,0.24253968000000015,1.148233215547703,1.225164113785558,18,1.2868092691622104,1.2365750528541226,1.125,1.0,1.0,7,9,15,2.02,-9.68,11.1,0.6,1.1876220053238686,0,8,1,7,1,1,3,0,1,0,1,0,0,0.0,0,1,0.0,0
0.9166666666666666,0.8333333333333334,5,1.0,11,1.8571428571428572,13.0,1.52083333375,12.16666667,1.1542253521126762,126.3,1,6,1.2783606557377047,141.0,0.8333333300000003,1.148233215547703,1.4512849162011174,18,1.2868092691622104,1.2365750528541226,1.1666666666666667,1.3333333333333333,1.0,8,7,12,0.79,-12.809999999999999,13.9,-0.3,1.1876220053238686,0,6,1,6,1,1,1,0,1,0,0,0,1,0.0,0,0,0.0,1
1.0,1.0,5,1.0,10,2.3666666666666667,14.2,2.5,15.0,0.6201419698314108,129.8,0,5,1.1933908806863316,148.0,-0.8000000000000007,1.2021125030704987,1.4404225006140996,18,1.2693138979643126,1.2742242031788749,1.2,1.2,19.0,6,6,10,3.51,-6.790000000000001,8.9,1.4,1.1743905726499018,0,5,19,5,1,0,1,0,1,0,0,0,1,0.0,0,0,0.0,1
0.8333333333333334,0.8333333333333334,5,0.8333333333333334,10,1.4,12.6,1.0,11.0,1.2292035398230086,122.0,1,5,1.3634920634920635,120.0,1.5999999999999996,1.3345945945945945,0.748,24,1.2868092691622104,1.3042389210019267,1.5,1.8333333333333333,10.0,11,9,12,2.02,-9.68,11.1,0.6,1.1876220053238686,18,6,19,6,1,1,1,0,0,0,0,0,0,0.0,1,0,0.0,1
0.9166666666666666,1.0,6,0.8333333333333334,11,1.0,11.0,0.9761904758333334,11.71428571,1.545408163265306,128.6,1,5,1.2145569620253165,145.0,-0.7142857100000004,1.2795454545454545,1.225164113785558,19,1.2662162162162163,1.3434108527131783,1.8333333333333333,2.0,28.5,12,11,12,-1.7,-18.099999999999998,12.7,3.7,1.1876220053238686,19,6,38,6,1,1,2,0,1,0,0,0,0,0.0,0,1,0.0,0
1.0,1.0,5,1.0,10,2.56,12.8,2.066666666666667,12.4,1.0138095238095237,136.2,1,5,1.2388505747126437,133.0,0.40000000000000036,1.196590909090909,1.225164113785558,19,1.2868092691622104,1.2365750528541226,1.0,1.2,1.0,6,5,10,0.32,-9.879999999999999,7.6,2.6,1.1876220053238686,0,5,1,5,0,0,4,0,1,0,0,0,0,0.0,0,1,0.0,0
0.8571428571428571,0.8571428571428571,6,0.8571428571428571,12,1.95952381,13.71666667,1.4370370366666667,12.93333333,1.5717231848623365,118.8,1,6,1.1224184782608695,127.0,0.7833333400000004,1.139830755763058,1.2130434782608694,19,1.100568702990277,1.052902889872429,1.0,1.2857142857142858,3.0,9,7,14,-0.92,-17.42,16.2,0.3,1.1819062506030606,0,7,3,7,0,0,2,0,1,0,0,0,1,0.0,0,1,0.0,0
1.0,1.0,6,1.0,12,1.81632653,12.71428571,1.58333333375,12.66666667,1.2840579710144928,142.0,1,6,1.194817160955946,129.0,0.04761904000000072,1.1306197964847364,1.4304347826086956,19,1.3338955940090156,1.1229617418778761,1.1666666666666667,1.3333333333333333,37.5,8,7,12,-3.12,-11.719999999999999,9.4,-0.8,1.1819062506030606,1,6,38,6,0,0,3,0,1,0,1,0,0,0.0,0,1,0.0,0
0.5,0.0,0,1.0,6,0.0,0.0,2.1666666666666665,13.0,1.2840579710144928,123.6,1,6,1.2542082169924211,139.0,-13.0,1.189437963944857,1.2130434782608694,18,1.3338955940090156,1.2050514162006132,2.0,1.0,19.5,6,12,12,0.32,-9.879999999999999,7.6,2.6,1.1819062506030606,37,6,38,6,0,0,5,0,1,0,1,0,1,0.0,0,1,0.0,0
0.75,0.8333333333333334,5,0.6666666666666666,9,1.0454545454545454,11.5,1.34375,10.75,1.433108695652174,121.4,1,4,1.2013971665852468,121.0,0.75,1.3025204788909892,1.0364130434782608,19,1.233967927278964,1.2179619565217392,1.8333333333333333,1.3333333333333333,10.0,8,11,12,-4.06,-22.36,15.5,2.8,1.1584500394906667,18,6,19,6,1,1,2,0,1,0,0,0,0,0.0,0,1,0.0,0
0.875,0.875,7,0.875,14,1.59821428625,12.78571429,1.59821428625,12.78571429,1.5568619113426172,118.8,1,7,1.1803307676305388,126.0,0.0,1.225328614762386,1.4334342940889107,19,1.302210510906163,1.3335857352222766,1.0,1.0,38.0,8,8,16,-1.7,-18.099999999999998,12.7,3.7,1.1758672525439406,0,8,38,8,1,1,3,0,1,0,0,0,0,0.0,0,1,0.0,0
0.875,0.875,7,0.875,14,1.55178571375,12.41428571,1.55178571375,12.41428571,1.5717231848623365,129.0,1,7,1.2099177438307875,140.0,0.0,1.2806596701649176,1.1833540372670808,21,1.100568702990277,1.2921636019934695,1.0,1.0,11.0,8,8,16,-1.7,-18.099999999999998,12.7,3.7,1.1819062506030606,16,8,19,8,0,0,6,0,0,0,0,0,0,0.0,0,1,0.0,0
0.9310344827586207,0.9285714285714286,13,0.9333333333333333,27,0.8564102566666667,12.84615385,0.6680672270588235,11.35714286,0.9895400126023945,131.8,1,14,0.664626945786366,133.1,1.4890109900000006,0.7802142407057341,1.4304347826086956,24,0.584463768115942,0.6530292230933714,1.0714285714285714,1.1333333333333333,34.0,17,15,29,0.32,-9.879999999999999,7.6,2.6,1.1819062506030606,0,14,34,15,0,0,1,0,0,0,1,0,0,0.9285714285714286,1,0,0.9333333333333333,1
0.0,0.0,0,0.0,0,0.0,0.0,0.0,0.0,1.3309782608695653,110.0,0,0,1.1939285714285715,133.1,0.0,1.2795454545454545,0.748,53,1.0831439393939393,1.0974803149606298,1.25,1.0,37.0,5,5,9,-4.06,-22.36,15.5,2.8,1.1876220053238686,0,4,37,5,0,0,1,0,0,0,0,1,0,0.0,1,0,0.0,1
0.0,0.0,0,0.0,0,0.0,0.0,0.0,0.0,1.0972332015810278,116.4,1,0,1.056521739130435,123.0,0.0,1.204451156505842,1.2130434782608694,19,1.100568702990277,1.2731884057971015,0.0,0.0,7.5,0,0,0,1.74,-10.46,10.8,1.4,1.1819062506030606,9,0,12,0,0,0,1,0,1,1,0,0,1,0.0,0,1,0.0,1
0.0,0.0,0,0.0,0,0.0,0.0,0.0,0.0,1.0972332015810278,137.6,1,0,1.194817160955946,147.0,0.0,1.189437963944857,1.2130434782608694,20,1.2275607958732497,1.2050514162006132,0.0,0.0,10.0,0,0,0,-1.7,-18.099999999999998,12.7,3.7,1.1819062506030606,18,0,19,0,1,1,3,0,1,0,0,0,0,0.0,0,1,0.0,0
0.9166666666666666,0.8333333333333334,5,1.0,11,1.35,10.8,1.7142857142857142,12.0,1.0588932806324112,100.0,1,6,1.2242311770943797,160.0,-1.1999999999999993,1.1559857057772485,0.7313379542113002,26,1.2693138979643126,1.1019750589821369,1.3333333333333333,1.1666666666666667,28.0,7,8,12,-1.7,-18.099999999999998,12.7,3.7,1.1743905726499018,18,6,37,6,0,0,1,0,0,0,0,1,1,0.0,1,0,0.0,1
0.8333333333333334,1.0,6,0.6666666666666666,10,1.0454545454545454,11.5,1.15,11.5,1.2359420289855074,119.7,1,4,1.2125797101449276,133.0,0.0,1.1803969095591578,1.2069998195922786,19,1.2693138979643126,1.2414858951680476,1.8333333333333333,1.6666666666666667,10.0,10,11,12,-3.12,-11.719999999999999,9.4,-0.8,1.1743905726499018,18,6,19,6,1,1,2,0,1,0,1,0,0,0.0,0,1,0.0,0
0.9166666666666666,0.8333333333333334,5,1.0,11,1.1555555555555557,10.4,1.47916666625,11.83333333,1.0189981096408318,135.0,1,6,1.2013971665852468,135.0,-1.43333333,1.3025204788909892,1.184466819221968,20,1.233967927278964,1.2799644037630307,1.5,1.3333333333333333,19.0,8,9,12,0.32,-9.879999999999999,7.6,2.6,1.1584500394906667,0,6,19,6,0,0,2,0,1,0,0,0,1,0.0,0,1,0.0,0
1.0,1.0,6,1.0,12,2.25,13.5,2.3888888883333332,14.33333333,1.3761848805327068,140.9,1,6,1.2127443159154367,136.0,-0.8333333300000003,1.355244411692459,1.2294441386901487,19,1.2576025080438908,1.3335857352222766,1.0,1.0,28.5,6,6,12,-3.12,-11.719999999999999,9.4,-0.8,1.1758672525439406,19,6,38,6,0,0,2,0,1,0,0,0,0,0.0,0,1,0.0,0
0.8,0.8,4,0.8,8,1.05,10.5,0.8076923076923077,10.5,0.8409172126265634,160.0,1,4,1.1933908806863316,160.0,0.0,1.1782208343342142,0.7313379542113002,31,1.0901394585726005,1.2742242031788749,2.0,2.6,28.0,13,10,10,-4.06,-22.36,15.5,2.8,1.2709565217391303,18,5,37,5,1,1,1,0,0,0,1,1,0,0.0,1,0,0.0,1
0.5,0.16666666666666666,1,0.8333333333333334,6,1.0,11.0,1.3777777777777778,12.4,0.8927536231884058,113.0,1,5,1.2242311770943797,121.0,-1.4000000000000004,1.3083536883243772,1.4404225006140996,21,1.2693138979643126,1.2742242031788749,1.8333333333333333,1.5,19.0,9,11,12,-1.7,-18.099999999999998,12.7,3.7,1.1743905726499018,0,6,19,6,0,0,1,0,0,0,1,0,0,0.0,0,1,0.0,1
1.0,1.0,5,1.0,10,2.1388888883333332,12.83333333,2.48,12.4,0.8455652173913043,135.0,1,5,1.194817160955946,143.0,0.43333332999999996,1.2806596701649176,1.4304347826086956,20,1.2275607958732497,1.1229617418778761,1.2,1.0,28.0,5,6,10,1.74,-10.46,10.8,1.4,1.1819062506030606,18,5,37,5,1,1,1,0,1,0,0,0,0,0.0,0,0,0.0,1
0.5,0.6,3,0.4,5,0.9833333333333334,11.8,0.9583333333333334,11.5,1.2130202278539874,126.8,1,2,1.056521739130435,138.0,0.3000000000000007,1.204451156505842,1.2130434782608694,18,1.2366956521739132,1.2921636019934695,2.4,2.4,10.5,12,12,10,1.74,-10.46,10.8,1.4,1.1819062506030606,17,5,19,5,0,0,1,0,1,0,0,0,0,0.0,0,1,0.0,1
0.0,0.0,0,0.0,0,0.0,0.0,0.0,0.0,1.3923076923076922,152.0,0,0,1.106153846153846,160.0,0.0,1.148233215547703,1.4512849162011174,19,1.1182648401826485,1.3434108527131783,0.0,1.0,20.5,5,0,11,1.74,-10.46,10.8,1.4,1.1876220053238686,35,6,38,5,0,0,1,0,1,0,0,0,0,0.0,0,1,0.0,1
1.0,1.0,11,1.0,23,1.1805555558333334,14.16666667,1.1388888891666666,13.66666667,0.9982473879339401,147.5,1,12,1.225732834939996,138.0,0.5,1.1697181559973782,1.4404225006140996,19,1.2643147284489245,1.0992070002734482,1.0909090909090908,1.0,2.0,12,12,23,3.51,-6.790000000000001,8.9,1.4,1.1743905726499018,2,11,3,12,1,1,1,0,1,0,1,0,0,0.36363636363636365,0,1,0.5,1
0.1,0.2,1,0.0,1,2.0,10.0,0.0,0.0,0.7911983032873808,120.0,1,0,1.3066447908121412,133.1,10.0,1.225328614762386,0.7234823625922888,39,1.302210510906163,1.3335857352222766,1.0,1.8,38.0,9,5,10,-1.7,-18.099999999999998,12.7,3.7,1.1758672525439406,0,5,38,5,0,0,1,0,0,0,0,1,1,0.0,1,0,0.0,1
0.0,0.0,0,0.0,0,0.0,0.0,0.0,0.0,0.9982473879339401,149.9,1,0,1.225732834939996,138.0,0.0,1.2816864295125163,1.4404225006140996,20,1.2643147284489245,0.9811594202898551,0.0,0.0,20.5,0,0,0,2.02,-9.68,11.1,0.6,1.1743905726499018,39,0,40,0,0,0,1,0,1,0,0,0,0,0.0,0,1,0.0,1
0.8,1.0,5,0.6,8,1.35416666625,10.83333333,0.8857142857142858,12.4,0.9895400126023945,116.8,1,3,1.2542082169924211,121.0,-1.56666667,1.1306197964847364,1.4304347826086956,20,1.100568702990277,1.2921636019934695,1.6,2.8,11.0,14,8,10,0.79,-12.809999999999999,13.9,-0.3,1.1819062506030606,16,5,19,5,0,0,6,0,1,0,0,0,1,0.0,0,0,0.0,0
0.4,0.6,3,0.2,4,1.575,12.6,1.0833333333333333,13.0,0.683695652173913,130.0,1,1,1.2521505376344086,130.0,-0.40000000000000036,1.155188679245283,1.2134920634920636,20,1.1182648401826485,1.3042389210019267,1.6,2.4,11.0,12,8,10,1.79,-11.11,12.4,0.5,1.1876220053238686,16,5,19,5,0,0,1,0,1,0,0,0,1,0.0,0,0,0.0,1
0.4166666666666667,0.3333333333333333,2,0.5,5,1.4375,11.5,0.8717948715384616,11.33333333,1.2130202278539874,105.0,0,3,1.2542082169924211,110.0,0.16666666999999968,1.183961352657005,1.0228260869565218,34,1.100568702990277,1.2921636019934695,1.3333333333333333,2.1666666666666665,11.0,13,8,12,0.79,-12.809999999999999,13.9,-0.3,1.1819062506030606,16,6,19,6,0,0,1,1,0,1,0,1,1,0.0,1,0,0.3333333333333333,1
0.08333333333333333,0.0,0,0.16666666666666666,1,0.0,0.0,1.2,12.0,1.140246768507638,119.0,1,1,0.8501863354037267,126.0,-12.0,0.8821256038647343,1.4334342940889107,20,1.2647449755785092,1.1916457060725836,0.0,1.6666666666666667,1.0,10,0,12,1.74,-10.46,10.8,1.4,1.1758672525439406,0,6,1,6,0,0,1,0,1,1,1,0,1,0.0,0,1,0.0,1
0.6,0.8,4,0.4,6,1.2222222222222223,11.0,1.2,12.0,0.7799621928166351,108.0,1,2,1.1803307676305388,106.0,-1.0,1.151400966183575,1.4334342940889107,20,1.0986103210077205,1.1281060708036075,1.8,2.0,37.0,10,9,10,-3.12,-11.719999999999999,9.4,-0.8,1.1758672525439406,0,5,37,5,0,0,1,0,1,1,1,0,0,0.0,0,1,0.0,1
0.0,0.0,0,0.0,0,0.0,0.0,0.0,0.0,1.0189981096408318,114.3,0,0,1.2239130434782608,122.0,0.0,1.1663210702341136,1.184466819221968,20,1.0449937888198757,1.0880586922712827,0.0,0.0,37.0,0,0,12,-4.06,-22.36,15.5,2.8,1.1584500394906667,0,6,37,6,0,0,1,0,1,0,0,0,0,0.0,0,0,0.0,1
1.0,1.0,6,1.0,12,1.55357142875,12.42857143,2.194444445,13.16666667,1.3096192836224372,121.8,1,6,1.1803307676305388,134.0,-0.7380952399999998,1.197718162195498,1.2294441386901487,19,1.2647449755785092,1.277410022972858,1.3333333333333333,1.0,10.0,6,8,12,-0.92,-17.42,16.2,0.3,1.1758672525439406,18,6,19,6,0,0,5,0,1,0,0,0,1,0.0,0,1,0.0,0
1.0,1.0,5,1.0,10,3.04,15.2,3.04,15.2,0.7367809883877936,168.0,1,5,1.1973403408186016,133.1,0.0,1.1624045504129656,0.7491078753076292,29,1.0449937888198757,1.0880586922712827,1.0,1.0,37.0,5,5,10,2.02,-9.68,11.1,0.6,1.1584500394906667,0,5,37,5,0,0,1,0,0,0,1,1,1,0.0,1,0,0.0,1
0.9166666666666666,0.8333333333333334,5,1.0,11,1.4444444444444444,13.0,2.25,13.5,1.140246768507638,130.0,1,6,1.0813995369179317,130.0,-0.5,1.355244411692459,1.348447204968944,20,0.9797101449275362,1.1916457060725836,1.5,1.0,21.5,6,9,12,3.51,-6.790000000000001,8.9,1.4,1.2209718670076726,41,6,42,6,0,0,1,0,1,1,0,0,0,0.0,0,0,0.0,1
1.0,1.0,6,1.0,12,2.194444445,13.16666667,2.444444445,14.66666667,1.3541407867494824,138.3,1,6,1.0242050616482803,139.0,-1.5,1.1622608695652175,1.4102055872516233,19,1.1436586685910157,1.2799644037630307,1.0,1.0,11.0,6,6,12,-3.12,-11.719999999999999,9.4,-0.8,1.1584500394906667,16,6,19,6,0,0,4,0,1,0,0,0,0,0.0,0,1,0.0,0
0.4166666666666667,0.3333333333333333,2,0.5,5,0.9444444441666667,11.33333333,0.9230769230769231,12.0,1.4912388027091983,117.0,1,3,1.2127443159154367,125.0,-0.6666666699999997,1.225328614762386,0.9819806763285025,21,1.2576025080438908,1.277410022972858,2.0,2.1666666666666665,19.0,13,12,12,-0.92,-17.42,16.2,0.3,1.1758672525439406,0,6,19,6,0,0,1,0,0,0,0,0,0,0.0,0,1,0.0,1
1.0,1.0,5,1.0,10,1.6857142857142857,11.8,2.3666666666666667,14.2,1.1621118012422362,122.3,1,5,1.225732834939996,123.0,-2.3999999999999986,0.8041407867494824,1.4404225006140996,18,1.1773913043478261,1.2742242031788749,1.4,1.2,24.5,6,7,10,0.32,-9.879999999999999,7.6,2.6,1.1743905726499018,11,5,30,5,0,0,1,0,1,0,0,0,0,0.0,0,0,0.0,1
0.9166666666666666,0.8333333333333334,5,1.0,11,1.4285714288888889,12.85714286,1.625,13.0,1.3761848805327068,126.5,1,6,1.0813995369179317,160.0,-0.14285714000000027,1.197718162195498,0.7234823625922888,30,1.1213355347642635,1.1916457060725836,1.5,1.3333333333333333,2.0,8,9,12,0.79,-12.809999999999999,13.9,-0.3,1.1758672525439406,2,6,3,6,1,1,1,0,0,0,0,1,0,0.0,1,0,0.16666666666666666,1
1.0,1.0,5,1.0,10,2.88,14.4,1.6875,13.5,1.1621118012422362,150.0,1,5,1.442391304347826,120.0,0.9000000000000004,1.1968670076726344,0.7313379542113002,43,1.0901394585726005,1.1019750589821369,1.0,1.6,37.0,8,5,10,-3.12,-11.719999999999999,9.4,-0.8,1.1743905726499018,0,5,37,5,0,0,1,0,0,0,1,1,1,0.0,1,0,0.0,1
1.0,1.0,11,1.0,23,0.9464285714285714,13.25,1.0833333333333333,13.0,1.0663372859025033,151.4,0,12,1.2821204371076491,158.0,0.25,1.271562304971916,1.2294441386901487,19,1.1213355347642635,1.146645195920558,1.2727272727272727,1.0,3.0,12,14,23,3.51,-6.790000000000001,8.9,1.4,1.1758672525439406,0,11,3,12,0,0,1,0,1,0,1,0,0,0.36363636363636365,0,1,0.5,1
0.9166666666666666,0.8333333333333334,5,1.0,11,1.425,11.4,2.1111111116666668,12.66666667,1.3923076923076922,123.7,1,6,1.2521505376344086,117.0,-1.2666666699999993,1.196590909090909,1.4512849162011174,19,1.3909090909090909,1.3042389210019267,1.3333333333333333,1.0,11.5,6,8,12,1.79,-11.11,12.4,0.5,1.1876220053238686,15,6,19,6,0,0,1,0,1,0,0,0,0,0.0,0,1,0.0,1
0.8333333333333334,0.8333333333333334,5,0.8333333333333334,10,1.2424242427272727,13.66666667,1.2363636363636363,13.6,1.2021517302573204,122.5,0,5,1.2013971665852468,120.0,0.06666667000000004,1.245065950170982,1.184466819221968,19,1.233967927278964,1.2767270531400965,1.8333333333333333,1.8333333333333333,28.5,11,11,12,2.02,-9.68,11.1,0.6,1.1584500394906667,19,6,38,6,0,0,1,0,1,0,0,0,1,0.0,0,0,0.0,1
1.0,1.0,6,1.0,12,1.944444445,11.66666667,2.0833333333333335,12.5,1.49416149068323,128.4,1,6,1.2242311770943797,134.0,-0.8333333300000003,1.3083536883243772,1.4404225006140996,18,1.2357226792009401,1.2742242031788749,1.0,1.0,28.5,6,6,12,1.74,-10.46,10.8,1.4,1.1743905726499018,19,6,38,6,1,1,4,0,1,0,1,0,0,0.0,0,1,0.0,0
0.8333333333333334,1.0,6,0.6666666666666666,10,1.2222222222222223,11.0,1.0208333333333333,12.25,1.49416149068323,118.8,1,4,1.225732834939996,124.0,-1.25,1.1697181559973782,1.4404225006140996,19,1.2643147284489245,1.2414858951680476,1.5,2.0,1.0,12,9,12,-3.12,-11.719999999999999,9.4,-0.8,1.1743905726499018,0,6,1,6,0,0,1,0,1,0,1,0,1,0.0,0,0,0.0,1
1.0,1.0,8,1.0,16,1.81265625,14.50125,1.81265625,14.50125,1.543190537084399,136.5,1,8,1.1973403408186016,150.0,0.0,1.2639209009952854,1.4102055872516233,18,1.0449937888198757,1.0880586922712827,1.0,1.0,37.0,8,8,16,-3.12,-11.719999999999999,9.4,-0.8,1.1584500394906667,0,8,37,8,1,1,1,0,1,0,0,0,0,0.0,0,1,0.0,1
0.8333333333333334,0.8333333333333334,5,0.8333333333333334,10,2.066666666666667,12.4,1.7714285714285716,12.4,1.3761848805327068,125.4,1,5,1.1803307676305388,125.0,0.0,1.151400966183575,1.4334342940889107,19,1.2576025080438908,1.3335857352222766,1.0,1.1666666666666667,28.5,7,6,12,-3.12,-11.719999999999999,9.4,-0.8,1.1758672525439406,19,6,38,6,0,0,3,0,1,0,1,0,0,0.0,0,1,0.0,0
0.08333333333333333,0.0,0,0.16666666666666666,1,0.0,0.0,0.9166666666666666,11.0,1.2768658451522903,123.2,1,1,1.1933908806863316,127.0,-11.0,1.2021125030704987,1.4404225006140996,18,1.0901394585726005,1.1019750589821369,2.0,2.0,37.0,12,12,12,-3.12,-11.719999999999999,9.4,-0.8,1.1743905726499018,0,6,37,6,0,0,1,0,1,0,0,0,0,0.0,0,1,0.0,1
0.75,0.75,6,0.75,12,1.378,13.78,1.378,13.78,1.5717231848623365,127.8,1,6,1.1990645264164983,129.0,0.0,1.318361688720857,1.4304347826086956,19,1.117896865520728,1.2921636019934695,1.25,1.25,28.0,10,10,16,-3.12,-11.719999999999999,9.4,-0.8,1.1819062506030606,18,8,37,8,0,0,6,0,1,0,0,0,0,0.0,0,1,0.0,0
0.8,0.8,4,0.8,8,1.7222222222222223,15.5,1.0769230769230769,14.0,0.8265111346765641,157.0,1,4,1.0673369565217392,133.1,1.5,1.1782208343342142,0.7313379542113002,44,1.218035426731079,1.2414858951680476,1.8,2.6,1.5,13,9,10,1.74,-10.46,10.8,1.4,1.1743905726499018,1,5,2,5,0,0,1,0,0,0,0,1,1,0.2,1,1,0.2,1
0.5,0.16666666666666666,1,0.8333333333333334,6,0.6666666666666666,10.0,1.018181818181818,11.2,1.433108695652174,121.0,1,5,1.2011857707509879,135.0,-1.1999999999999993,1.1622608695652175,1.4102055872516233,21,1.0449937888198757,1.2179619565217392,2.5,1.8333333333333333,19.0,11,15,12,0.32,-9.879999999999999,7.6,2.6,1.1584500394906667,36,6,37,6,0,0,1,0,0,0,0,0,0,0.0,0,0,0.0,1
0.0,0.0,0,0.0,0,0.0,0.0,0.0,0.0,1.2292035398230086,120.0,0,0,1.1939285714285715,120.0,0.0,1.148233215547703,0.7888888888888889,35,1.2932721712538227,1.2365750528541226,0.0,0.0,19.5,0,0,12,1.74,-10.46,10.8,1.4,1.1876220053238686,37,6,38,6,0,0,1,0,0,0,1,1,0,0.0,1,0,0.0,1
1.0,1.0,6,1.0,12,2.020408162857143,14.14285714,2.3888888883333332,14.33333333,1.4763186934451555,156.2,1,6,1.1990645264164983,167.0,-0.19047619000000005,1.318361688720857,1.4304347826086956,18,1.2275607958732497,1.2921636019934695,1.1666666666666667,1.0,19.0,6,7,12,-4.06,-22.36,15.5,2.8,1.1819062506030606,0,6,19,6,1,1,1,0,1,0,0,0,0,0.0,0,0,0.0,1
1.0,1.0,9,1.0,18,1.4691358022222223,13.22222222,1.277777778,12.77777778,1.4763186934451555,136.9,1,9,1.1990645264164983,140.0,0.4444444400000016,1.139830755763058,1.339799331103679,21,1.117896865520728,1.1229617418778761,1.0,1.1111111111111112,37.0,10,9,18,3.51,-6.790000000000001,8.9,1.4,1.1819062506030606,0,9,37,9,0,0,1,0,0,0,0,0,0,0.4444444444444444,0,1,0.5555555555555556,1
1.0,1.0,8,1.0,15,1.8828125,15.0625,1.8571428571428572,13.0,1.1606324110671935,113.3,1,7,1.2099177438307875,122.0,2.0625,1.139830755763058,1.4304347826086956,20,1.2275607958732497,1.2921636019934695,1.0,1.0,19.0,7,8,15,1.79,-11.11,12.4,0.5,1.1819062506030606,0,8,19,7,1,1,3,0,1,0,0,0,0,0.0,0,1,0.0,0
0.5,0.5,3,0.5,6,0.96969697,10.66666667,1.0606060609090908,11.66666667,0.8927536231884058,116.8,1,3,1.442391304347826,121.0,-1.0,1.3083536883243772,1.4404225006140996,18,1.0901394585726005,1.2742242031788749,1.8333333333333333,1.8333333333333333,28.0,11,11,12,-3.12,-11.719999999999999,9.4,-0.8,1.1743905726499018,18,6,37,6,0,0,1,0,1,0,0,0,0,0.0,0,1,0.0,1
1.0,1.0,6,1.0,12,1.8333333328571428,12.83333333,2.1111111116666668,12.66666667,1.2840579710144928,123.0,1,6,1.1990645264164983,130.0,0.16666666000000063,1.204451156505842,1.4304347826086956,18,1.2275607958732497,1.2921636019934695,1.1666666666666667,1.0,19.0,6,7,12,-1.7,-18.099999999999998,12.7,3.7,1.1819062506030606,0,6,19,6,0,0,3,0,1,0,1,0,0,0.0,0,1,0.0,0
1.0,1.0,6,1.0,12,1.8979591842857142,13.28571429,2.2222222216666667,13.33333333,1.1065804935370154,113.4,1,6,1.1933908806863316,120.0,-0.04761904000000072,1.2021125030704987,1.2069998195922786,19,1.2357226792009401,1.1019750589821369,1.1666666666666667,1.0,37.5,6,7,12,3.51,-6.790000000000001,8.9,1.4,1.1743905726499018,1,6,38,6,1,1,1,0,1,0,0,0,1,0.0,0,1,0.0,1
1.0,1.0,13,1.0,31,0.4615384614814815,12.46153846,0.2629629628888889,11.83333333,1.2021517302573204,150.0,1,18,1.2013971665852468,150.0,0.6282051299999996,1.2639209009952854,0.973494983277592,26,1.25372234935164,1.2179619565217392,2.076923076923077,2.5,1.0,45,27,31,-4.06,-22.36,15.5,2.8,1.1584500394906667,0,13,1,18,0,0,1,0,0,0,0,1,0,0.6923076923076923,1,1,0.6111111111111112,1
0.8620689655172413,0.7857142857142857,11,0.9333333333333333,25,0.541322314090909,11.90909091,0.4971428572,12.42857143,0.880909090909091,130.0,1,14,1.1939285714285715,130.0,-0.5194805200000001,1.148233215547703,0.7888888888888889,28,1.0831439393939393,1.0974803149606298,1.5714285714285714,1.6666666666666667,37.0,25,22,29,0.32,-9.879999999999999,7.6,2.6,1.1876220053238686,0,14,37,15,0,0,1,0,0,0,1,1,0,0.5714285714285714,1,0,0.9333333333333333,1
1.0,1.0,12,1.0,24,1.0329670328571428,14.46153846,1.1183431953846155,14.53846154,1.0140521739130435,115.0,1,12,1.2127443159154367,133.1,-0.07692308000000025,1.225328614762386,1.4334342940889107,21,1.302210510906163,1.3335857352222766,1.1666666666666667,1.0833333333333333,38.0,13,14,24,-4.06,-22.36,15.5,2.8,1.1758672525439406,0,12,38,12,0,0,1,0,0,1,0,0,1,0.3333333333333333,0,0,0.6666666666666666,1
0.8,0.8,4,0.8,8,1.0833333330000001,10.83333333,1.0227272727272727,11.25,0.7911983032873808,148.0,1,4,1.1803307676305388,130.0,-0.4166666699999997,1.355244411692459,0.7234823625922888,31,1.302210510906163,1.277410022972858,2.0,2.2,28.5,11,10,10,0.79,-12.809999999999999,13.9,-0.3,1.1758672525439406,19,5,38,5,1,1,1,0,0,0,0,1,0,0.0,1,0,0.0,1
0.5833333333333334,0.3333333333333333,2,0.8333333333333334,7,1.125,13.5,1.2909090909090908,14.2,1.2130202278539874,140.0,1,5,1.2099177438307875,140.0,-0.6999999999999993,1.318361688720857,1.1124779073877695,20,1.2470369797307752,1.2050514162006132,2.0,1.8333333333333333,1.0,11,12,12,0.79,-12.809999999999999,13.9,-0.3,1.1819062506030606,0,6,1,6,0,0,1,0,1,0,0,0,0,0.0,0,1,0.3333333333333333,1
0.9333333333333333,1.0,8,0.8571428571428571,14,1.6516049377777777,14.86444444,1.2625,13.8875,1.543190537084399,124.9,1,6,1.2011857707509879,137.0,0.9769444400000005,1.1624045504129656,1.184466819221968,19,1.233967927278964,1.2767270531400965,1.125,1.5714285714285714,28.5,11,9,15,-4.06,-22.36,15.5,2.8,1.1584500394906667,19,8,38,7,1,1,1,0,1,0,0,0,0,0.0,0,0,0.0,1
0.8,0.8,4,0.8,8,2.0833333333333335,12.5,1.25,11.25,0.7799621928166351,166.9,1,4,1.2821204371076491,156.0,1.25,1.197718162195498,1.2294441386901487,18,1.1959420289855072,1.250592885375494,1.2,1.8,5.5,9,6,10,0.32,-9.879999999999999,7.6,2.6,1.1758672525439406,7,5,9,5,0,0,1,0,1,0,0,0,0,0.0,0,0,0.0,1
1.0,1.0,6,1.0,12,2.0277777783333333,12.16666667,1.625,13.0,1.0189981096408318,129.9,1,6,1.1973403408186016,132.0,-0.8333333300000003,1.1624045504129656,1.4102055872516233,19,1.25372234935164,1.2799644037630307,1.0,1.3333333333333333,10.0,8,6,12,3.51,-6.790000000000001,8.9,1.4,1.1584500394906667,18,6,19,6,1,1,2,0,1,0,1,0,0,0.0,0,1,0.0,0
1.0,1.0,8,1.0,15,1.351239669090909,14.86363636,1.959183672857143,13.71428571,1.5796068796068796,126.7,1,7,1.2145569620253165,137.0,1.1493506499999988,1.2994236311239193,1.225164113785558,19,1.2662162162162163,1.0974803149606298,1.375,1.0,28.0,7,11,15,-0.92,-17.42,16.2,0.3,1.1876220053238686,18,8,37,7,1,1,3,0,1,0,1,0,0,0.0,0,1,0.0,0
0.0,0.0,0,0.0,0,0.0,0.0,0.0,0.0,0.8409172126265634,127.3,1,0,1.442391304347826,140.0,0.0,1.3083536883243772,1.2069998195922786,20,1.2357226792009401,1.1019750589821369,0.0,0.0,37.5,0,0,10,2.02,-9.68,11.1,0.6,1.1743905726499018,1,5,38,5,0,0,1,0,1,0,0,0,0,0.0,0,0,0.0,1
1.0,1.0,6,1.0,12,1.39583333375,11.16666667,1.944444445,11.66666667,1.4912388027091983,129.8,1,6,1.2127443159154367,134.0,-0.5,1.151400966183575,1.4334342940889107,20,1.2647449755785092,1.277410022972858,1.3333333333333333,1.0,10.0,6,8,12,-4.06,-22.36,15.5,2.8,1.1758672525439406,18,6,19,6,1,1,1,0,1,0,0,0,0,0.0,0,0,0.0,1
0.9,0.8,4,1.0,9,1.075,10.75,1.4,11.2,0.9177633108579399,120.1,1,5,1.154390451832907,125.0,-0.4499999999999993,1.2639209009952854,1.4102055872516233,19,1.25372234935164,1.2767270531400965,2.0,1.6,19.5,8,10,10,-0.92,-17.42,16.2,0.3,1.1584500394906667,37,5,38,5,0,0,3,0,1,1,1,0,1,0.0,0,0,0.0,0
1.0,1.0,5,1.0,10,2.92,14.6,2.84,14.2,0.8455652173913043,146.0,1,5,1.2542082169924211,150.0,0.40000000000000036,0.9590062111801242,0.73904412557989,34,1.2470369797307752,1.1278260869565218,1.0,1.0,2.5,5,5,10,-1.7,-18.099999999999998,12.7,3.7,1.1819062506030606,3,5,4,5,0,0,1,0,0,0,0,1,1,0.0,1,0,0.0,1
0.0,0.0,0,0.0,0,0.0,0.0,0.0,0.0,1.0663372859025033,135.8,1,0,1.251728743136964,141.0,0.0,1.1672994488671158,1.4334342940889107,19,1.2576025080438908,1.277410022972858,0.0,0.0,19.0,0,0,0,-4.06,-22.36,15.5,2.8,1.1758672525439406,0,0,19,0,0,0,1,0,1,0,0,0,1,0.0,0,1,0.0,1
0.8333333333333334,0.8333333333333334,5,0.8333333333333334,10,1.45,11.6,1.475,11.8,1.0588932806324112,102.0,1,5,1.2242311770943797,102.0,-0.20000000000000107,1.3083536883243772,1.2069998195922786,19,1.0901394585726005,1.1019750589821369,1.3333333333333333,1.3333333333333333,37.0,8,8,12,1.74,-10.46,10.8,1.4,1.1743905726499018,0,6,37,6,0,0,1,0,1,0,1,0,0,0.0,0,0,0.0,1
0.3,0.2,1,0.4,3,1.3333333333333333,12.0,1.03030303,11.33333333,0.8409172126265634,149.4,0,2,1.1933908806863316,133.1,0.6666666699999997,1.1782208343342142,0.7313379542113002,29,1.2693138979643126,1.1019750589821369,1.8,2.2,28.0,11,9,10,2.02,-9.68,11.1,0.6,1.1743905726499018,18,5,37,5,0,0,1,0,0,0,1,1,1,0.0,1,0,0.0,1
0.0,0.0,0,0.0,0,0.0,0.0,0.0,0.0,1.2531772575250835,142.4,1,0,0.6219486642221058,126.0,0.0,0.772524154589372,1.4102055872516233,32,0.5682898550724638,0.6546057479734708,0.0,0.0,34.0,0,0,12,0.32,-9.879999999999999,7.6,2.6,1.1584500394906667,0,6,34,6,0,0,1,0,0,0,1,1,0,0.0,1,0,0.0,1
0.0,0.0,0,0.0,0,0.0,0.0,0.0,0.0,1.0663865546218485,130.0,1,0,1.1939285714285715,133.1,0.0,1.1960526315789475,0.748,29,1.2662162162162163,1.2365750528541226,1.3333333333333333,2.8333333333333335,10.0,17,8,12,-4.06,-22.36,15.5,2.8,1.1876220053238686,18,6,19,6,0,0,1,0,0,0,0,1,1,0.0,1,0,0.0,1
0.0,0.0,0,0.0,0,0.0,0.0,0.0,0.0,0.8409172126265634,111.0,0,0,1.2242311770943797,133.1,0.0,1.1782208343342142,0.7313379542113002,28,1.0901394585726005,1.1019750589821369,0.0,0.0,37.0,0,0,10,3.51,-6.790000000000001,8.9,1.4,1.1743905726499018,0,5,37,5,0,0,1,0,0,0,0,1,1,0.0,1,0,0.0,1
0.6,0.4,2,0.8,6,0.7692307692307693,10.0,1.075,10.75,1.0288695652173914,130.1,1,4,1.2125797101449276,135.0,-0.75,1.1803969095591578,1.4404225006140996,18,1.2643147284489245,1.2742242031788749,2.6,2.0,10.0,10,13,10,-3.12,-11.719999999999999,9.4,-0.8,1.1743905726499018,18,5,19,5,0,0,1,0,1,0,1,0,0,0.0,0,1,0.0,1
0.0,0.0,0,0.0,0,0.0,0.0,0.0,0.0,1.545408163265306,125.1,0,0,1.2388505747126437,130.0,0.0,1.2170068027210885,0.7888888888888889,27,1.2868092691622104,1.2365750528541226,1.2,1.3333333333333333,1.0,8,6,11,-0.92,-17.42,16.2,0.3,1.1876220053238686,0,5,1,6,0,0,1,1,0,1,0,1,0,0.0,1,0,0.0,1
0.6666666666666666,0.3333333333333333,2,1.0,8,0.6666666666666666,12.0,1.625,13.0,1.1621118012422362,150.0,1,6,1.1933908806863316,150.0,-1.0,1.1782208343342142,1.1581913043478262,20,1.0901394585726005,1.1019750589821369,3.0,1.3333333333333333,37.0,8,18,12,1.79,-11.11,12.4,0.5,1.1743905726499018,0,6,37,6,0,0,1,0,1,0,1,0,0,0.16666666666666666,0,0,0.3333333333333333,1
1.0,1.0,6,1.0,12,1.6938775514285713,11.85714286,1.71875,13.75,1.545408163265306,121.9,1,6,1.1939285714285715,131.0,-1.8928571400000003,1.2994236311239193,1.225164113785558,19,1.0831439393939393,1.0974803149606298,1.1666666666666667,1.3333333333333333,37.0,8,7,12,-0.92,-17.42,16.2,0.3,1.1876220053238686,0,6,37,6,1,1,1,0,1,0,0,0,0,0.0,0,0,0.0,1
0.8333333333333334,0.8333333333333334,5,0.8333333333333334,10,1.5185185188888888,13.66666667,1.675,13.4,0.880909090909091,113.7,1,5,1.2783606557377047,121.0,0.26666666999999933,1.2994236311239193,1.225164113785558,20,1.2932721712538227,1.3434108527131783,1.5,1.3333333333333333,38.0,8,9,12,-3.12,-11.719999999999999,9.4,-0.8,1.1876220053238686,0,6,38,6,1,1,4,0,1,0,0,0,0,0.0,0,1,0.0,0
1.0,1.0,6,1.0,12,1.0,12.0,1.35,13.5,1.1621118012422362,163.3,1,6,1.225732834939996,163.3,-1.5,1.1782208343342142,1.163171355498721,18,1.2693138979643126,1.2414858951680476,2.0,1.6666666666666667,10.0,10,12,12,1.79,-11.11,12.4,0.5,1.0515942028985508,18,6,19,6,0,0,2,0,1,0,0,0,0,0.0,0,0,0.0,0
0.4,0.375,3,0.42857142857142855,6,1.1666666669999999,11.66666667,1.3,13.0,1.1606324110671935,100.0,1,3,1.2099177438307875,126.0,-1.3333333300000003,0.9590062111801242,1.0228260869565218,25,1.2366956521739132,1.052902889872429,1.25,1.4285714285714286,2.5,10,10,15,1.74,-10.46,10.8,1.4,1.1819062506030606,1,8,3,7,0,0,1,0,0,0,0,0,0,0.125,1,0,0.2857142857142857,1
0.0,0.0,0,0.0,0,0.0,0.0,0.0,0.0,1.0632,120.0,1,0,1.0786585365853658,120.0,0.0,0.9646551724137932,0.9358381502890174,22,1.1182648401826485,1.124342105263158,0.0,0.0,3.0,0,0,0,0.32,-9.879999999999999,7.6,2.6,1.1876220053238686,0,0,3,0,0,0,1,0,0,0,1,0,1,0.0,0,1,0.0,1
1.0,1.0,11,1.0,23,1.25,15.0,1.2708333333333333,15.25,0.9622563718140928,163.1,0,12,1.1973403408186016,161.0,-0.25,1.2639209009952854,1.4102055872516233,19,1.25372234935164,1.2179619565217392,1.0909090909090908,1.0,1.0,12,12,23,3.51,-6.790000000000001,8.9,1.4,1.2759057971014494,0,11,1,12,0,0,1,0,1,0,0,0,0,0.36363636363636365,0,1,0.5,1
0.8,0.6,3,1.0,8,1.4285714285714286,10.0,1.5714285714285714,11.0,1.0288695652173914,115.7,1,5,1.1933908806863316,130.0,-1.0,1.2021125030704987,0.9677345537757437,20,1.2693138979643126,1.3033971014492753,1.4,1.4,28.5,7,7,10,3.51,-6.790000000000001,8.9,1.4,1.1743905726499018,19,5,38,5,0,0,1,0,1,0,0,0,1,0.0,0,0,0.0,1
1.0,1.0,6,1.0,12,2.2222222216666667,13.33333333,2.3333333333333335,14.0,1.433108695652174,118.1,1,6,1.1081088290210723,123.0,-0.6666666699999997,1.1624045504129656,1.2130434782608697,19,1.0478260869565217,1.2767270531400965,1.0,1.0,39.0,6,6,12,3.51,-6.790000000000001,8.9,1.4,1.1584500394906667,2,6,40,6,0,0,2,0,1,0,0,0,0,0.0,0,1,0.0,0
0.3,0.2,1,0.4,3,1.4285714285714286,10.0,1.25,10.0,0.9177633108579399,131.4,1,2,1.2239130434782608,137.0,0.0,1.1624045504129656,1.184466819221968,22,1.25372234935164,1.0880586922712827,1.4,1.6,19.0,8,7,10,0.32,-9.879999999999999,7.6,2.6,1.1584500394906667,36,5,37,5,0,0,1,0,0,0,0,0,1,0.0,0,1,0.0,1
0.1,0.0,0,0.2,1,0.0,0.0,1.5714285714285714,11.0,1.0296727924697446,132.0,0,1,1.3066447908121412,100.0,-11.0,1.151400966183575,0.7234823625922888,28,1.302210510906163,1.277410022972858,1.8,1.4,28.5,7,9,10,1.74,-10.46,10.8,1.4,1.1758672525439406,19,5,38,5,0,0,1,1,0,1,0,1,1,0.0,1,0,0.0,1
1.0,1.0,6,1.0,12,2.305555555,13.83333333,2.1388888883333332,12.83333333,1.3309782608695653,126.6,1,6,1.1939285714285715,122.0,1.0,1.148233215547703,1.4512849162011174,18,1.2932721712538227,1.3042389210019267,1.0,1.0,28.5,6,6,12,3.51,-6.790000000000001,8.9,1.4,1.1876220053238686,19,6,38,6,0,0,1,0,1,0,1,0,0,0.0,0,1,0.0,1
0.25,0.3333333333333333,2,0.16666666666666666,3,0.7857142857142857,11.0,1.2,12.0,1.433108695652174,137.4,1,1,1.2239130434782608,137.0,-1.0,1.245065950170982,1.0364130434782608,18,1.233967927278964,1.2767270531400965,2.3333333333333335,1.6666666666666667,28.5,10,14,12,1.74,-10.46,10.8,1.4,1.1584500394906667,19,6,38,6,0,0,1,0,1,0,0,0,0,0.0,0,1,0.0,1
0.25,0.16666666666666666,1,0.3333333333333333,3,1.0833333333333333,13.0,0.9230769230769231,12.0,1.0189981096408318,114.6,1,2,1.1973403408186016,124.0,1.0,1.245065950170982,1.4102055872516233,19,1.0449937888198757,1.2767270531400965,2.0,2.1666666666666665,37.5,13,12,12,0.32,-9.879999999999999,7.6,2.6,1.1584500394906667,1,6,38,6,0,0,1,0,1,0,0,0,1,0.0,0,1,0.0,1
0.7142857142857143,0.7142857142857143,5,0.7142857142857143,10,1.6075,12.86,1.6075,12.86,1.5717231848623365,123.6,1,5,1.1990645264164983,125.0,0.0,1.318361688720857,1.0228260869565218,18,1.117896865520728,1.1229617418778761,1.1428571428571428,1.1428571428571428,37.0,8,8,14,0.32,-9.879999999999999,7.6,2.6,1.1819062506030606,0,7,37,7,1,1,1,0,1,0,0,0,0,0.0,0,1,0.0,1
1.0,1.0,6,1.0,12,2.0833333333333335,12.5,1.7142857142857142,12.0,1.0189981096408318,121.5,1,6,1.1973403408186016,125.0,0.5,1.245065950170982,1.4102055872516233,21,1.233967927278964,1.2767270531400965,1.0,1.1666666666666667,28.5,7,6,12,0.79,-12.809999999999999,13.9,-0.3,1.1584500394906667,19,6,38,6,1,1,1,0,0,0,0,0,0,0.0,0,0,0.0,1
0.875,0.875,7,0.875,14,1.8703571425,14.96285714,1.8703571425,14.96285714,1.543190537084399,137.8,1,7,1.2239130434782608,148.0,0.0,1.1624045504129656,1.184466819221968,18,1.2919274890242176,1.0880586922712827,1.0,1.0,37.5,8,8,16,1.74,-10.46,10.8,1.4,1.1584500394906667,1,8,38,8,1,1,1,0,1,0,0,0,0,0.0,0,1,0.0,1
0.3,0.4,2,0.2,3,1.1,11.0,1.2142857142857142,17.0,0.683695652173913,116.0,1,1,1.1939285714285715,120.0,-6.0,1.148233215547703,0.748,34,1.0831439393939393,1.0974803149606298,2.0,2.8,37.0,14,10,10,-3.12,-11.719999999999999,9.4,-0.8,1.1876220053238686,0,5,37,5,1,0,1,0,0,1,1,1,1,0.0,1,0,0.0,1
1.0,1.0,6,1.0,12,2.1388888883333332,12.83333333,2.055555555,12.33333333,1.0138998682476945,119.6,1,6,1.1990645264164983,122.0,0.5,1.318361688720857,1.096567505720824,19,1.2470369797307752,1.1229617418778761,1.0,1.0,19.0,6,6,12,1.79,-11.11,12.4,0.5,1.1819062506030606,36,6,37,6,1,1,5,0,1,0,0,0,0,0.0,0,1,0.0,0
1.0,1.0,6,1.0,12,2.3611111116666668,14.16666667,1.5238095233333333,13.71428571,1.4912388027091983,138.9,1,6,1.1803307676305388,141.0,0.4523809599999993,1.1672994488671158,1.4334342940889107,18,1.0986103210077205,1.3335857352222766,1.0,1.5,37.5,9,6,12,0.79,-12.809999999999999,13.9,-0.3,1.1758672525439406,1,6,38,6,0,0,1,0,1,0,0,0,0,0.0,0,0,0.0,1
1.0,1.0,6,1.0,12,1.5,10.5,1.6190476185714286,11.33333333,1.2413610586011343,152.4,1,6,1.1803307676305388,151.0,-0.8333333300000003,1.151400966183575,1.4334342940889107,40,1.0986103210077205,1.1281060708036075,1.1666666666666667,1.1666666666666667,37.0,7,7,12,1.74,-10.46,10.8,1.4,1.1758672525439406,0,6,37,6,0,0,1,0,0,0,1,1,0,0.0,1,0,0.0,1
0.5833333333333334,0.5833333333333334,7,0.5833333333333334,14,0.9880952383333333,11.85714286,0.9523809525,11.42857143,1.3746562616127835,108.0,1,7,1.1990645264164983,100.0,0.42857142999999986,1.204451156505842,1.0228260869565218,34,1.117896865520728,1.1229617418778761,1.0,1.0,37.0,12,12,24,0.32,-9.879999999999999,7.6,2.6,1.1819062506030606,0,12,37,12,0,0,1,0,0,0,1,1,1,0.3333333333333333,1,1,0.5833333333333334,1
0.9629629629629629,1.0,12,0.9333333333333333,26,0.6826923075,10.92307692,0.4025641026923077,10.46666667,0.9177633108579399,110.0,1,14,1.1973403408186016,110.0,0.45641024999999935,1.1624045504129656,0.8167361524717094,52,1.0449937888198757,1.0880586922712827,1.3333333333333333,1.7333333333333334,37.0,26,16,27,0.79,-12.809999999999999,13.9,-0.3,1.1584500394906667,0,12,37,15,0,0,1,0,0,0,1,1,0,0.75,1,0,0.7333333333333333,1
0.0,0.0,0,0.0,0,0.0,0.0,0.0,0.0,1.0663372859025033,134.8,1,0,1.192080745341615,133.0,0.0,1.355244411692459,1.2294441386901487,18,1.2647449755785092,1.1916457060725836,0.0,0.0,1.0,0,0,0,1.79,-11.11,12.4,0.5,1.1758672525439406,0,0,1,0,0,0,1,0,1,0,0,0,0,0.0,0,1,0.0,1
0.5833333333333334,0.6666666666666666,4,0.5,7,1.28125,10.25,1.2,12.0,0.8310789049919485,120.0,1,3,1.3066447908121412,121.0,-1.75,1.197718162195498,1.4334342940889107,18,1.302210510906163,1.3335857352222766,1.3333333333333333,1.6666666666666667,38.0,10,8,12,1.74,-10.46,10.8,1.4,1.1758672525439406,0,6,38,6,0,0,2,0,1,0,0,0,0,0.0,0,1,0.0,0
0.7222222222222222,0.5555555555555556,5,0.8888888888888888,13,0.8714285714285713,12.2,1.325,13.25,1.1776659038901602,140.0,1,8,1.2127443159154367,140.0,-1.0500000000000007,1.271562304971916,1.2983277591973243,21,1.2647449755785092,1.1916457060725836,1.5555555555555556,1.1111111111111112,1.0,10,14,18,3.51,-6.790000000000001,8.9,1.4,1.1758672525439406,0,9,1,9,0,0,1,0,0,1,0,0,0,0.4444444444444444,0,1,0.7777777777777778,1
1.0,1.0,6,1.0,12,1.2962962966666667,11.66666667,1.5952380957142858,11.16666667,1.49416149068323,132.7,1,6,1.3003910743041178,139.0,0.5,1.2816864295125163,1.2069998195922786,19,1.218035426731079,1.0992070002734482,1.5,1.1666666666666667,2.5,7,9,12,-3.12,-11.719999999999999,9.4,-0.8,1.1743905726499018,1,6,3,6,0,0,2,0,1,0,1,0,0,0.0,0,1,0.0,0
1.0,1.0,13,1.0,32,0.9526627215384615,12.38461538,0.6675900278947369,12.68421053,1.0411544227886058,136.0,1,19,1.1933908806863316,133.1,-0.29959515000000003,1.3083536883243772,1.0102538326212618,41,1.0901394585726005,1.1019750589821369,1.0,1.0,37.0,19,13,32,-4.06,-22.36,15.5,2.8,1.1743905726499018,0,13,37,19,0,0,1,0,0,0,0,1,1,0.9230769230769231,1,0,0.9473684210526315,1
1.0,1.0,6,1.0,12,1.734375,13.875,2.305555555,13.83333333,1.3541407867494824,132.2,1,6,1.2013971665852468,136.0,0.041666669999999684,1.1622608695652175,1.4102055872516233,19,1.25372234935164,1.2767270531400965,1.3333333333333333,1.0,19.5,6,8,12,1.74,-10.46,10.8,1.4,1.1584500394906667,37,6,38,6,0,0,1,0,1,1,0,0,0,0.0,0,0,0.0,1
1.0,1.0,8,1.0,16,1.60359375,12.82875,1.60359375,12.82875,1.5796068796068796,119.8,1,8,1.2388505747126437,125.0,0.0,1.155188679245283,1.4512849162011174,19,1.2868092691622104,1.2365750528541226,1.0,1.0,1.0,8,8,16,-3.12,-11.719999999999999,9.4,-0.8,1.1876220053238686,0,8,1,8,1,1,1,0,1,0,1,0,0,0.0,0,1,0.0,1
1.0,1.0,6,1.0,12,1.4259259255555556,12.83333333,1.433333333,14.33333333,1.0808549506759224,120.0,0,6,1.1081088290210723,150.0,-1.5,0.9459469417833456,0.7491078753076292,34,1.1436586685910157,1.0820586694604504,1.5,1.6666666666666667,3.0,10,9,12,2.02,-9.68,11.1,0.6,1.1584500394906667,0,6,3,6,0,0,1,1,0,1,1,1,0,0.0,1,0,0.16666666666666666,1
0.8666666666666667,0.875,7,0.8571428571428571,13,1.6928571425,13.54285714,1.3126984122222223,11.81428571,1.5717231848623365,118.6,1,6,1.194817160955946,128.0,1.7285714300000006,1.1306197964847364,1.4304347826086956,19,1.3338955940090156,1.339986123959297,1.0,1.2857142857142858,38.0,9,8,15,0.79,-12.809999999999999,13.9,-0.3,1.1819062506030606,0,8,38,7,1,1,3,0,1,0,1,0,0,0.0,0,1,0.0,0
1.0,1.0,6,1.0,12,2.0,12.0,2.055555555,12.33333333,1.3309782608695653,130.5,1,6,1.2521505376344086,140.0,-0.3333333300000003,1.148233215547703,1.4512849162011174,20,1.2868092691622104,1.0974803149606298,1.0,1.0,19.0,6,6,12,-1.7,-18.099999999999998,12.7,3.7,1.1357142857142857,36,6,37,6,0,0,4,0,1,0,0,0,0,0.0,0,1,0.0,0
0.8,1.0,5,0.6,8,1.8333333328571428,12.83333333,1.5,12.0,0.7799621928166351,118.4,1,3,1.251728743136964,131.0,0.8333333300000003,1.271562304971916,1.2294441386901487,19,1.2576025080438908,1.250592885375494,1.4,1.6,14.0,8,7,10,0.32,-9.879999999999999,7.6,2.6,1.1758672525439406,10,5,19,5,0,0,1,0,1,0,0,0,0,0.0,0,0,0.0,1
1.0,1.0,7,1.0,14,1.6071428575,12.85714286,1.87755102,13.14285714,0.8310789049919485,105.8,1,7,1.2378260869565216,111.0,-0.28571428000000054,1.2504347826086957,1.152445652173913,19,1.302210510906163,1.3335857352222766,1.1428571428571428,1.0,38.0,7,8,14,3.51,-6.790000000000001,8.9,1.4,1.1758672525439406,0,7,38,7,0,0,2,0,1,0,0,0,0,0.0,0,1,0.0,0
0.7,0.6,3,0.8,7,1.6190476185714286,11.33333333,0.7692307692307693,10.0,1.0288695652173914,131.4,0,4,1.1126654064272212,137.0,1.3333333300000003,1.1782208343342142,1.2069998195922786,19,1.1418478260869565,1.3033971014492753,1.4,2.6,20.5,13,7,10,-4.06,-22.36,15.5,2.8,1.1743905726499018,35,5,38,5,0,0,1,0,1,0,0,0,1,0.0,0,0,0.0,1
1.0,1.0,8,1.0,15,2.0484375,16.3875,1.71875,15.46875,1.5568619113426172,138.8,1,7,1.1803307676305388,143.0,0.9187499999999993,1.151400966183575,1.4334342940889107,31,1.302210510906163,1.3335857352222766,1.0,1.2857142857142858,38.0,9,8,15,2.02,-9.68,11.1,0.6,1.1758672525439406,0,8,38,7,0,0,1,0,0,0,1,1,0,0.0,1,1,0.0,1
1.0,1.0,6,1.0,12,2.194444445,13.16666667,2.040816327142857,14.28571429,1.3096192836224372,116.5,1,6,1.1803307676305388,127.0,-1.11904762,1.151400966183575,1.4334342940889107,19,1.2576025080438908,1.1281060708036075,1.0,1.1666666666666667,28.0,7,6,12,2.02,-9.68,11.1,0.6,1.1758672525439406,18,6,37,6,1,1,1,0,1,0,1,0,0,0.0,0,0,0.0,1
0.9333333333333333,1.0,8,0.8571428571428571,14,1.3291666666666666,11.9625,1.141666667,11.41666667,1.095283714075166,117.8,1,6,1.2011857707509879,133.1,0.5458333300000007,1.2639209009952854,0.7491078753076292,24,1.0449937888198757,1.0880586922712827,1.125,1.4285714285714286,37.0,10,9,15,0.79,-12.809999999999999,13.9,-0.3,1.1584500394906667,0,8,37,7,0,0,2,0,0,0,0,0,0,0.0,1,0,0.0,0
1.0,1.0,6,1.0,12,2.1666666666666665,13.0,2.0833333333333335,12.5,1.3746562616127835,143.6,1,6,0.664626945786366,146.0,0.5,0.7802142407057341,1.4304347826086956,18,0.584463768115942,0.6530292230933714,1.0,1.0,34.0,6,6,12,0.32,-9.879999999999999,7.6,2.6,1.1819062506030606,0,6,34,6,0,0,3,0,1,0,1,0,0,0.0,0,1,0.0,0
0.0,0.0,0,0.0,0,0.0,0.0,0.0,0.0,1.0296727924697446,110.0,0,0,1.1803307676305388,120.0,0.0,1.151400966183575,0.7234823625922888,32,1.0986103210077205,1.1281060708036075,1.0,1.8,37.0,9,5,10,-3.12,-11.719999999999999,9.4,-0.8,1.1758672525439406,0,5,37,5,0,0,1,0,0,0,1,1,1,0.0,1,0,0.0,1
0.08333333333333333,0.0,0,0.16666666666666666,1,0.0,0.0,0.7647058823529411,13.0,1.0411544227886058,113.0,0,1,1.1933908806863316,130.0,-13.0,1.3083536883243772,0.7313379542113002,35,1.0901394585726005,1.1019750589821369,1.3333333333333333,2.8333333333333335,37.0,17,8,12,-4.06,-22.36,15.5,2.8,1.1743905726499018,0,6,37,6,0,0,1,0,0,0,0,1,1,0.0,1,1,0.0,1
0.9166666666666666,1.0,6,0.8333333333333334,11,1.375,12.375,1.488888888888889,13.4,1.3746562616127835,127.2,1,5,1.1990645264164983,137.0,-1.0250000000000004,1.204451156505842,1.4304347826086956,20,1.2275607958732497,1.339986123959297,1.5,1.5,28.5,9,9,12,0.79,-12.809999999999999,13.9,-0.3,1.1819062506030606,19,6,38,6,1,1,2,0,1,0,1,0,0,0.0,0,1,0.16666666666666666,0
0.3333333333333333,0.0,0,0.6666666666666666,4,0.0,0.0,1.175,11.75,1.2840579710144928,132.0,1,4,1.2550901378579005,133.1,-11.75,1.189437963944857,0.73904412557989,43,1.117896865520728,1.1229617418778761,1.1666666666666667,1.6666666666666667,37.0,10,7,12,-4.06,-22.36,15.5,2.8,1.1819062506030606,0,6,37,6,0,0,1,0,0,0,0,1,1,0.0,1,0,0.0,1
0.875,0.875,7,0.875,14,1.8175,14.54,1.8175,14.54,1.547589908749329,132.5,1,7,1.225732834939996,152.0,0.0,1.1782208343342142,1.2069998195922786,21,1.2693138979643126,1.2742242031788749,1.0,1.0,19.0,8,8,16,1.74,-10.46,10.8,1.4,1.1743905726499018,0,8,19,8,0,0,1,0,0,0,0,0,1,0.0,0,0,0.0,1
1.0,1.0,6,1.0,12,2.305555555,13.83333333,2.1388888883333332,12.83333333,1.49416149068323,135.7,1,6,1.1933908806863316,140.0,1.0,1.2816864295125163,1.1581913043478262,20,1.2643147284489245,1.2414858951680476,1.0,1.0,1.0,6,6,12,1.79,-11.11,12.4,0.5,1.1743905726499018,0,6,1,6,0,0,1,0,1,0,0,0,0,0.3333333333333333,0,1,0.5,1
1.0,1.0,17,1.0,34,0.5479797981818182,12.05555556,0.6111111110526316,11.61111111,1.0663372859025033,134.3,1,17,1.1803307676305388,115.0,0.44444445000000066,1.151400966183575,1.4334342940889107,25,1.2647449755785092,1.1916457060725836,1.2941176470588236,1.1176470588235294,1.0,19,22,34,1.79,-11.11,12.4,0.5,1.1758672525439406,0,17,1,17,0,0,1,0,0,0,1,0,1,0.8235294117647058,1,1,0.9411764705882353,1
1.0,1.0,6,1.0,12,1.9166666666666667,11.5,1.944444445,11.66666667,1.3096192836224372,118.2,1,6,1.1803307676305388,128.0,-0.16666666999999968,1.355244411692459,1.4334342940889107,19,1.2647449755785092,1.277410022972858,1.0,1.0,10.0,6,6,12,-1.7,-18.099999999999998,12.7,3.7,1.1758672525439406,18,6,19,6,0,0,1,0,1,0,0,0,0,0.0,0,0,0.0,1
0.5833333333333334,0.6666666666666666,4,0.5,7,0.7884615384615384,10.25,1.2424242427272727,13.66666667,1.3096192836224372,127.9,1,3,1.2127443159154367,124.0,-3.4166666699999997,1.1051039697542533,1.2294441386901487,20,1.2647449755785092,1.1916457060725836,2.1666666666666665,1.8333333333333333,1.0,11,13,12,-3.12,-11.719999999999999,9.4,-0.8,1.1758672525439406,0,6,1,6,0,0,2,0,1,0,1,0,1,0.0,0,1,0.0,0
0.875,0.875,7,0.875,14,1.76446428625,14.11571429,1.76446428625,14.11571429,1.5717231848623365,132.5,1,7,1.2099177438307875,138.0,0.0,1.189437963944857,1.4304347826086956,18,1.2470369797307752,1.2050514162006132,1.0,1.0,1.0,8,8,16,1.74,-10.46,10.8,1.4,1.1819062506030606,0,8,1,8,0,0,1,0,1,0,0,0,0,0.0,0,1,0.0,1
0.5,0.0,0,1.0,6,0.0,0.0,2.305555555,13.83333333,1.433108695652174,137.8,1,6,1.1973403408186016,157.0,-13.83333333,1.1622608695652175,1.4102055872516233,18,1.2919274890242176,1.0880586922712827,1.1666666666666667,1.0,37.5,6,7,12,-4.06,-22.36,15.5,2.8,1.1584500394906667,1,6,38,6,1,1,1,0,1,0,0,0,0,0.0,0,0,0.0,1
0.9,0.8,4,1.0,9,2.2,11.0,2.52,12.6,1.0138095238095237,124.4,1,5,1.2388505747126437,137.0,-1.5999999999999996,1.2994236311239193,1.225164113785558,18,1.2868092691622104,1.2365750528541226,1.0,1.0,1.0,5,5,10,2.02,-9.68,11.1,0.6,1.1876220053238686,0,5,1,5,0,0,3,0,1,0,0,0,0,0.0,0,1,0.0,0
1.0,1.0,8,1.0,16,1.67546875,13.40375,1.67546875,13.40375,1.5568619113426172,128.5,1,8,1.251728743136964,140.0,0.0,1.355244411692459,1.4334342940889107,18,1.2576025080438908,1.3335857352222766,1.0,1.0,28.5,8,8,16,-3.12,-11.719999999999999,9.4,-0.8,1.1758672525439406,19,8,38,8,1,1,6,0,1,0,0,0,0,0.0,0,1,0.0,0
0.9166666666666666,1.0,6,0.8333333333333334,11,1.7142857142857142,12.0,1.525,12.2,1.2292035398230086,117.6,1,5,0.6161764705882353,120.0,-0.1999999999999993,0.744776119402985,1.225164113785558,19,1.0831439393939393,0.515,1.1666666666666667,1.3333333333333333,35.5,8,7,12,0.32,-9.879999999999999,7.6,2.6,1.1876220053238686,3,6,37,6,0,0,2,0,1,0,1,0,0,0.0,0,1,0.0,0
0.875,0.875,7,0.875,14,1.5303571425,12.24285714,1.5303571425,12.24285714,1.543190537084399,129.8,1,7,1.1973403408186016,142.0,0.0,1.245065950170982,1.4102055872516233,18,1.2919274890242176,1.2767270531400965,1.0,1.0,38.0,8,8,16,-1.7,-18.099999999999998,12.7,3.7,1.1584500394906667,0,8,38,8,0,0,4,0,1,0,0,0,0,0.0,0,1,0.0,0
0.8333333333333334,1.0,6,0.6666666666666666,10,1.3148148144444445,11.83333333,1.1,11.0,1.49416149068323,123.6,1,4,1.1933908806863316,125.0,0.8333333300000003,1.1559857057772485,1.4404225006140996,20,1.2693138979643126,1.2414858951680476,1.5,1.6666666666666667,10.0,10,9,12,-3.12,-11.719999999999999,9.4,-0.8,1.1743905726499018,18,6,19,6,0,0,3,0,1,0,0,0,0,0.0,0,1,0.0,0
0.6666666666666666,0.6666666666666666,8,0.6666666666666666,16,0.45185185185185184,12.2,0.6805555555555556,12.25,1.1621118012422362,140.0,1,8,1.0673369565217392,140.0,-0.05000000000000071,1.1782208343342142,1.1581913043478262,21,1.1418478260869565,1.3033971014492753,2.25,1.5,20.5,18,27,24,1.79,-11.11,12.4,0.5,1.1743905726499018,35,12,38,12,0,0,1,0,0,0,0,0,0,0.3333333333333333,0,1,0.5833333333333334,1
1.0,1.0,6,1.0,12,1.1666666663636365,12.83333333,1.7857142857142858,12.5,1.2130202278539874,139.9,1,6,1.2542082169924211,133.1,0.3333333300000003,1.204451156505842,0.73904412557989,24,1.2275607958732497,1.2921636019934695,1.8333333333333333,1.1666666666666667,19.0,7,11,12,3.51,-6.790000000000001,8.9,1.4,1.1819062506030606,0,6,19,6,1,1,1,0,0,0,0,0,0,0.0,1,1,0.16666666666666666,1
1.0,1.0,6,1.0,12,2.3888888883333332,14.33333333,1.8979591842857142,13.28571429,1.4912388027091983,132.6,1,6,1.251728743136964,141.0,1.0476190400000007,1.355244411692459,1.4334342940889107,18,1.302210510906163,1.1916457060725836,1.0,1.1666666666666667,19.5,7,6,12,1.79,-11.11,12.4,0.5,1.1758672525439406,37,6,38,6,1,1,1,0,1,0,0,0,0,0.0,0,0,0.0,1
1.0,1.0,5,1.0,10,2.3333333333333335,14.0,2.3600000000000003,11.8,0.7509316770186336,170.0,1,5,1.1939285714285715,120.0,2.1999999999999993,0.9646551724137932,0.748,43,1.0831439393939393,1.2365750528541226,1.2,1.0,19.0,5,6,10,-3.12,-11.719999999999999,9.4,-0.8,1.1876220053238686,36,5,37,5,0,0,1,0,0,0,0,1,1,0.0,1,0,0.0,1
0.9,1.0,5,0.8,9,2.2333333333333334,13.4,1.3333333333333333,12.0,0.8265111346765641,120.4,1,4,1.2125797101449276,133.0,1.4000000000000004,1.2021125030704987,1.4404225006140996,20,1.2357226792009401,1.3033971014492753,1.2,1.8,38.0,9,6,10,-3.12,-11.719999999999999,9.4,-0.8,1.1743905726499018,0,5,38,5,0,0,1,0,1,0,0,0,0,0.0,0,1,0.0,1
0.9166666666666666,1.0,6,0.8333333333333334,11,1.1181818181818182,12.3,1.6071428575,12.85714286,1.0411544227886058,150.0,1,5,1.1933908806863316,150.0,-0.557142859999999,1.2021125030704987,1.1581913043478262,20,1.2357226792009401,1.3033971014492753,1.8333333333333333,1.3333333333333333,38.0,8,11,12,-0.92,-17.42,16.2,0.3,1.1743905726499018,0,6,38,6,0,0,1,0,1,0,0,0,1,0.0,0,1,0.0,1
1.0,1.0,6,1.0,12,2.5,15.0,2.444444445,14.66666667,1.3746562616127835,140.8,1,6,1.056521739130435,125.0,0.3333333300000003,0.9590062111801242,1.4304347826086956,22,1.100568702990277,1.052902889872429,1.0,1.0,3.0,6,6,12,-3.12,-11.719999999999999,9.4,-0.8,1.1819062506030606,0,6,3,6,0,0,5,0,0,0,1,0,1,0.0,0,1,0.0,0
0.0,0.0,0,0.0,0,0.0,0.0,0.0,0.0,1.4912388027091983,139.0,0,0,1.1803307676305388,133.1,0.0,1.151400966183575,0.7234823625922888,33,1.0986103210077205,1.1281060708036075,1.2,1.3333333333333333,37.0,8,6,11,-0.92,-17.42,16.2,0.3,1.1758672525439406,0,5,37,6,0,0,1,1,0,1,1,1,1,0.0,1,0,0.0,1
1.0,1.0,8,1.0,16,1.72046875,13.76375,1.72046875,13.76375,1.5717231848623365,126.5,1,8,1.2542082169924211,137.0,0.0,1.2806596701649176,1.4304347826086956,18,1.3338955940090156,1.339986123959297,1.0,1.0,38.0,8,8,16,-3.12,-11.719999999999999,9.4,-0.8,1.1819062506030606,0,8,38,8,0,0,5,0,1,0,0,0,0,0.0,0,1,0.0,0
0.6666666666666666,0.6666666666666666,4,0.6666666666666666,8,1.65625,13.25,0.7352941176470589,12.5,1.1065804935370154,120.5,1,4,1.225732834939996,132.0,0.75,1.2021125030704987,1.0102538326212618,19,1.1418478260869565,1.2742242031788749,1.3333333333333333,2.8333333333333335,11.0,17,8,12,0.79,-12.809999999999999,13.9,-0.3,1.1743905726499018,16,6,19,6,0,0,1,0,1,0,0,0,1,0.0,0,0,0.0,1
1.0,1.0,6,1.0,12,2.444444445,14.66666667,2.4722222216666667,14.83333333,1.331363224637681,144.7,1,6,1.1973403408186016,158.0,-0.16666666000000063,1.2639209009952854,1.4102055872516233,19,1.2919274890242176,1.2767270531400965,1.0,1.0,38.0,6,6,12,-1.7,-18.099999999999998,12.7,3.7,1.1584500394906667,0,6,38,6,1,1,1,0,1,0,0,0,0,0.0,0,1,0.0,1
0.9333333333333333,1.0,8,0.8571428571428571,14,1.75,14.0,1.380952381111111,12.42857143,1.543190537084399,120.1,1,6,1.1973403408186016,133.0,1.5714285700000001,1.1622608695652175,1.4102055872516233,19,1.233967927278964,1.2799644037630307,1.0,1.2857142857142858,19.0,9,8,15,0.79,-12.809999999999999,13.9,-0.3,1.1584500394906667,0,8,19,7,1,1,4,0,1,0,0,0,0,0.0,0,1,0.0,0
0.0,0.0,0,0.0,0,0.0,0.0,0.0,0.0,1.545408163265306,110.8,1,0,1.236,116.0,0.0,1.2170068027210885,1.4512849162011174,19,1.2932721712538227,1.3042389210019267,0.0,0.0,28.5,0,0,12,-0.92,-17.42,16.2,0.3,1.1876220053238686,19,6,38,6,0,0,1,0,1,0,0,0,1,0.0,0,1,0.0,1
1.0,1.0,8,1.0,15,1.6246913577777777,14.62222222,1.83703125,14.69625,1.5717231848623365,113.6,1,7,1.2099177438307875,123.0,-0.07402777999999977,1.264619822790027,1.4304347826086956,21,1.2470369797307752,1.2050514162006132,1.125,1.1428571428571428,1.0,8,9,15,1.79,-11.11,12.4,0.5,1.1819062506030606,0,8,1,7,0,0,4,0,0,0,1,0,0,0.0,0,1,0.0,0
0.0,0.0,0,0.0,0,0.0,0.0,0.0,0.0,1.0632,117.0,1,0,1.2521505376344086,110.0,0.0,1.2770334928229667,1.4512849162011174,21,1.1182648401826485,1.08125,0.0,0.0,2.5,0,0,0,-3.12,-11.719999999999999,9.4,-0.8,1.1876220053238686,1,0,3,0,0,0,1,0,0,0,1,0,1,0.0,0,1,0.0,1
0.25,0.3333333333333333,3,0.18181818181818182,5,1.0,10.0,1.25,15.0,1.0138998682476945,156.5,1,2,1.1990645264164983,133.1,-5.0,1.139830755763058,0.73904412557989,53,1.117896865520728,1.2921636019934695,1.1111111111111112,1.0909090909090908,28.0,12,10,20,-0.92,-17.42,16.2,0.3,1.1819062506030606,18,9,37,11,0,0,1,0,0,0,0,1,1,0.4444444444444444,1,0,0.6363636363636364,1
0.0,0.0,0,0.0,0,0.0,0.0,0.0,0.0,1.1542253521126762,130.9,0,0,1.2145569620253165,148.0,0.0,1.2994236311239193,0.748,24,1.2662162162162163,1.3042389210019267,1.5,2.0,19.0,12,9,12,1.74,-10.46,10.8,1.4,1.1876220053238686,0,6,19,6,0,0,1,1,0,1,1,0,1,0.0,1,0,0.0,1
0.18181818181818182,0.3333333333333333,2,0.0,2,2.0,14.0,0.0,0.0,0.6201419698314108,135.0,1,0,1.1933908806863316,130.0,14.0,1.2816864295125163,1.1110212335692617,25,1.2693138979643126,1.1019750589821369,1.1666666666666667,1.0,28.0,5,7,11,0.79,-12.809999999999999,13.9,-0.3,1.1743905726499018,18,6,37,5,0,0,1,0,0,1,0,0,1,0.3333333333333333,1,0,0.0,1
0.4,0.2,1,0.6,4,1.25,15.0,1.0,12.0,1.0138095238095237,100.0,1,3,1.1939285714285715,133.1,3.0,1.2170068027210885,1.4512849162011174,21,1.0831439393939393,1.2365750528541226,2.4,2.4,19.0,12,12,10,-0.92,-17.42,16.2,0.3,1.1876220053238686,36,5,37,5,0,0,1,0,0,0,0,0,0,0.0,0,0,0.0,1
0.7,0.8,4,0.6,7,1.125,11.25,0.875,10.5,0.9895400126023945,107.4,1,3,1.1990645264164983,113.0,0.75,1.1306197964847364,1.4304347826086956,20,1.3338955940090156,1.339986123959297,2.0,2.4,38.0,12,10,10,1.79,-11.11,12.4,0.5,1.1819062506030606,0,5,38,5,0,0,2,0,1,0,0,0,1,0.0,0,1,0.0,0
1.0,1.0,5,1.0,10,2.6399999999999997,13.2,2.033333333333333,12.2,1.1776659038901602,113.1,1,5,1.2127443159154367,119.0,1.0,1.271562304971916,1.4334342940889107,21,1.1959420289855072,1.1916457060725836,1.0,1.2,1.5,6,5,10,1.74,-10.46,10.8,1.4,1.1758672525439406,1,5,2,5,0,0,1,0,0,0,0,0,0,0.0,0,1,0.0,1
0.0,0.0,0,0.0,0,0.0,0.0,0.0,0.0,1.0296727924697446,120.0,0,0,1.1803307676305388,133.1,0.0,1.151400966183575,0.7234823625922888,28,1.2576025080438908,1.3335857352222766,1.0,1.0,28.5,5,5,10,-3.12,-11.719999999999999,9.4,-0.8,1.1758672525439406,19,5,38,5,0,0,2,1,0,1,1,1,1,0.0,1,1,0.0,0
1.0,1.0,6,1.0,12,2.2777777783333333,13.66666667,1.944444445,11.66666667,1.2359420289855074,120.0,1,6,1.2242311770943797,110.0,2.0,1.1782208343342142,0.7313379542113002,42,1.0901394585726005,1.1019750589821369,1.0,1.0,37.0,6,6,12,1.74,-10.46,10.8,1.4,1.1743905726499018,0,6,37,6,0,0,1,0,0,0,0,1,0,0.0,1,0,0.0,1
0.6666666666666666,0.3333333333333333,2,1.0,8,0.7333333333333333,11.0,1.240740741111111,11.16666667,1.2359420289855074,114.8,1,6,0.7514066496163683,130.0,-0.16666666999999968,0.8828375286041189,0.7313379542113002,44,0.5295313382269904,0.5608695652173913,2.5,1.5,34.0,9,15,12,0.32,-9.879999999999999,7.6,2.6,1.1743905726499018,0,6,34,6,0,0,1,0,0,0,1,1,0,0.16666666666666666,1,0,0.0,1
1.0,1.0,8,1.0,15,1.6679012344444444,15.01111111,1.9238775514285713,13.46714286,1.547589908749329,128.0,1,7,0.9919254658385093,132.0,1.5439682500000007,1.1782208343342142,1.2069998195922786,19,1.2643147284489245,1.1019750589821369,1.125,1.0,19.0,7,9,15,1.79,-11.11,12.4,0.5,1.1743905726499018,36,8,37,7,0,0,6,0,1,0,0,0,0,0.0,0,1,0.0,0
1.0,1.0,6,1.0,12,1.5625,12.5,1.9285714285714286,13.5,0.8265111346765641,125.7,1,6,1.1933908806863316,133.0,-1.0,1.3083536883243772,1.4404225006140996,18,1.218035426731079,1.1019750589821369,1.3333333333333333,1.1666666666666667,19.5,7,8,12,1.79,-11.11,12.4,0.5,1.1743905726499018,35,6,37,6,1,1,1,0,1,0,0,0,1,0.0,0,1,0.0,1
0.0,0.0,0,0.0,0,0.0,0.0,0.0,0.0,0.8455652173913043,109.7,1,0,1.1990645264164983,133.1,0.0,1.204451156505842,0.73904412557989,29,1.117896865520728,1.1229617418778761,0.0,0.0,37.0,0,0,10,-0.92,-17.42,16.2,0.3,1.1819062506030606,0,5,37,5,0,0,1,0,0,0,1,1,0,0.0,1,0,0.0,1
0.7,0.8,4,0.6,7,2.125,12.75,1.80952381,12.66666667,1.1065804935370154,117.1,1,3,1.2125797101449276,115.0,0.08333333000000032,1.1803969095591578,1.2069998195922786,21,1.2643147284489245,1.2742242031788749,1.2,1.4,10.0,7,6,10,0.32,-9.879999999999999,7.6,2.6,1.1743905726499018,18,5,19,5,0,0,5,0,0,0,1,0,0,0.0,0,0,0.0,0
0.8,0.8,4,0.8,8,2.0416666666666665,12.25,1.6071428571428572,11.25,0.9177633108579399,119.5,1,4,1.1973403408186016,130.0,1.0,1.2639209009952854,1.4102055872516233,18,1.233967927278964,1.2799644037630307,1.2,1.4,19.0,7,6,10,1.79,-11.11,12.4,0.5,1.1584500394906667,0,5,19,5,1,1,1,0,1,0,0,0,1,0.0,0,1,0.0,1
1.0,1.0,5,1.0,10,2.48,12.4,1.511111111111111,13.6,1.2130202278539874,117.5,1,5,1.1990645264164983,129.0,-1.1999999999999993,1.204451156505842,1.4304347826086956,19,1.2275607958732497,1.1229617418778761,1.0,1.8,28.0,9,5,10,-1.7,-18.099999999999998,12.7,3.7,1.1819062506030606,18,5,37,5,0,0,1,0,1,0,1,0,0,0.0,0,1,0.0,1
1.0,1.0,6,1.0,12,1.81632653,12.71428571,1.515625,12.125,1.4763186934451555,112.9,1,6,1.2550901378579005,122.0,0.5892857100000004,1.1306197964847364,1.2130434782608694,19,1.117896865520728,1.1229617418778761,1.1666666666666667,1.3333333333333333,37.0,8,7,12,-0.92,-17.42,16.2,0.3,1.1819062506030606,0,6,37,6,1,1,5,0,1,0,0,0,0,0.0,0,1,0.0,0
0.9,1.0,5,0.8,9,1.6428571425,13.14285714,1.4444444444444444,13.0,1.2021517302573204,123.9,1,4,1.2239130434782608,127.0,0.14285714000000027,1.2639209009952854,1.4102055872516233,18,1.2919274890242176,1.0880586922712827,1.6,1.8,37.5,9,8,10,1.74,-10.46,10.8,1.4,1.1584500394906667,1,5,38,5,0,0,2,0,1,0,0,0,0,0.0,0,1,0.0,0
0.8333333333333334,0.8333333333333334,5,0.8333333333333334,10,1.6285714285714286,11.4,1.6857142857142857,11.8,0.8310789049919485,127.3,1,5,1.1803307676305388,143.0,-0.40000000000000036,1.197718162195498,1.2294441386901487,18,1.0986103210077205,1.1281060708036075,1.1666666666666667,1.1666666666666667,37.0,7,7,12,1.74,-10.46,10.8,1.4,1.1758672525439406,0,6,37,6,0,0,4,0,1,0,0,0,0,0.0,0,1,0.0,0
0.8333333333333334,1.0,6,0.6666666666666666,10,1.155555556,11.55555556,1.9642857142857142,13.75,1.1542253521126762,125.3,1,4,1.2783606557377047,134.0,-2.19444444,1.196590909090909,1.225164113785558,19,1.2662162162162163,1.0974803149606298,1.6666666666666667,1.1666666666666667,28.0,7,10,12,1.74,-10.46,10.8,1.4,1.1876220053238686,18,6,37,6,1,1,1,0,1,0,1,0,1,0.0,0,1,0.0,1
0.9166666666666666,0.8333333333333334,5,1.0,11,1.5555555555555556,14.0,1.75,14.0,1.168944099378882,117.3,1,6,1.2542082169924211,125.0,0.0,1.264619822790027,1.2130434782608694,18,1.2470369797307752,1.052902889872429,1.5,1.3333333333333333,2.0,8,9,12,3.51,-6.790000000000001,8.9,1.4,1.1819062506030606,2,6,3,6,0,0,3,0,1,0,0,0,0,0.0,0,1,0.0,0
0.08333333333333333,0.0,0,0.16666666666666666,1,0.0,0.0,0.625,10.0,1.2531772575250835,102.5,1,1,1.2239130434782608,133.1,-10.0,1.123776517538332,0.7491078753076292,27,1.25372234935164,1.2799644037630307,2.1666666666666665,2.6666666666666665,10.0,16,13,12,3.51,-6.790000000000001,8.9,1.4,1.1584500394906667,18,6,19,6,1,1,1,0,0,0,0,1,0,0.0,1,0,0.0,1
0.9,1.0,5,0.8,9,1.5,12.0,1.375,11.0,0.9177633108579399,135.0,1,4,1.1973403408186016,143.0,1.0,1.1624045504129656,1.4102055872516233,21,1.25372234935164,1.0880586922712827,1.6,1.6,19.0,8,8,10,0.32,-9.879999999999999,7.6,2.6,1.1584500394906667,36,5,37,5,0,0,1,0,0,0,1,0,0,0.0,0,1,0.0,1
1.0,1.0,6,1.0,12,1.69047619,11.83333333,1.80952381,12.66666667,1.545408163265306,119.3,1,6,1.3423076923076922,121.0,-0.8333333399999994,1.207142857142857,1.4512849162011174,20,1.2662162162162163,1.3042389210019267,1.1666666666666667,1.1666666666666667,19.0,7,7,12,3.51,-6.790000000000001,8.9,1.4,1.1876220053238686,0,6,19,6,0,0,2,0,1,1,0,0,0,0.0,0,1,0.0,0
0.5833333333333334,0.5,3,0.6666666666666666,7,0.7857142857142857,11.0,1.0909090909090908,12.0,1.0138998682476945,130.0,1,4,1.194817160955946,130.0,-1.0,1.318361688720857,1.0228260869565218,19,1.2470369797307752,1.2921636019934695,2.3333333333333335,1.8333333333333333,10.0,11,14,12,1.74,-10.46,10.8,1.4,1.1819062506030606,18,6,19,6,1,1,1,0,1,0,0,0,0,0.0,0,0,0.0,1
1.0,1.0,6,1.0,12,1.58333333375,12.66666667,2.1388888883333332,12.83333333,1.3923076923076922,130.3,1,6,1.2388505747126437,131.0,-0.16666666000000063,1.155188679245283,1.4512849162011174,20,1.1182648401826485,1.3042389210019267,1.3333333333333333,1.0,11.0,6,8,12,-0.92,-17.42,16.2,0.3,1.1876220053238686,16,6,19,6,1,1,1,0,1,0,1,0,1,0.0,0,1,0.0,1
0.75,0.9,9,0.6,15,0.6666666664705883,11.33333333,0.7111111113333333,10.66666667,0.7367809883877936,117.3,1,6,1.2239130434782608,140.0,0.6666666600000006,1.1663210702341136,0.9867874396135266,28,1.2919274890242176,1.0880586922712827,1.7,1.5,37.5,15,17,20,0.32,-9.879999999999999,7.6,2.6,1.1584500394906667,1,10,38,10,0,0,1,0,0,0,0,1,0,0.5,1,0,0.6,1
0.875,0.875,7,0.875,14,1.55678571375,12.45428571,1.55678571375,12.45428571,1.543190537084399,120.0,1,7,1.1973403408186016,129.0,0.0,1.1622608695652175,1.184466819221968,19,1.2919274890242176,1.0880586922712827,1.0,1.0,37.5,8,8,16,1.74,-10.46,10.8,1.4,1.1584500394906667,1,8,38,8,0,0,4,0,1,0,0,0,0,0.0,0,1,0.0,0
0.9166666666666666,0.8333333333333334,5,1.0,11,2.3000000000000003,13.8,1.2638888888888888,11.375,1.3723199468967806,132.9,1,6,1.225732834939996,129.0,2.4250000000000007,1.1782208343342142,1.4404225006140996,20,1.2643147284489245,1.2414858951680476,1.0,1.5,1.0,9,6,12,0.32,-9.879999999999999,7.6,2.6,1.1743905726499018,0,6,1,6,1,1,2,0,1,0,0,0,1,0.0,0,1,0.0,0
0.9,1.0,5,0.8,9,2.48,12.4,1.6428571428571428,11.5,0.7799621928166351,121.7,1,4,1.1803307676305388,135.0,0.9000000000000004,1.197718162195498,1.152445652173913,18,1.302210510906163,1.277410022972858,1.0,1.4,28.5,7,5,10,1.74,-10.46,10.8,1.4,1.1758672525439406,19,5,38,5,1,1,1,0,1,0,0,0,0,0.0,0,1,0.0,1
1.0,1.0,6,1.0,12,1.311111111,13.11111111,2.12244898,14.85714286,1.1621118012422362,123.3,1,6,1.1126654064272212,138.0,-1.7460317500000002,1.1697181559973782,1.4404225006140996,19,1.1418478260869565,1.2414858951680476,1.6666666666666667,1.1666666666666667,2.0,7,10,12,1.79,-11.11,12.4,0.5,1.1743905726499018,2,6,3,6,1,1,4,0,1,0,0,0,0,0.0,0,1,0.0,0
0.8333333333333334,0.8333333333333334,5,0.8333333333333334,10,1.7428571428571427,12.2,1.925,15.4,0.8310789049919485,132.6,1,5,1.1803307676305388,142.0,-3.200000000000001,1.1051039697542533,1.4334342940889107,18,0.9073291925465838,1.1698757763975156,1.1666666666666667,1.3333333333333333,12.0,8,7,12,0.32,-9.879999999999999,7.6,2.6,1.1758672525439406,0,6,12,6,0,0,1,0,1,0,0,0,0,0.0,0,1,0.0,1
0.7333333333333333,0.625,5,0.8571428571428571,11,1.0133333333333334,12.16,1.396111111111111,12.565,1.547589908749329,135.4,1,6,1.1733695652173912,135.0,-0.40499999999999936,1.1108695652173912,1.4404225006140996,21,1.2357226792009401,1.2742242031788749,1.5,1.2857142857142858,28.5,9,12,15,2.02,-9.68,11.1,0.6,1.1743905726499018,19,8,38,7,0,0,1,0,0,0,0,0,1,0.0,0,1,0.0,1
0.875,0.875,7,0.875,14,1.51428571375,12.11428571,1.51428571375,12.11428571,1.547589908749329,133.5,1,7,1.2125797101449276,143.0,0.0,1.2021125030704987,1.2069998195922786,18,1.0901394585726005,1.3033971014492753,1.0,1.0,37.5,8,8,16,-1.7,-18.099999999999998,12.7,3.7,1.1743905726499018,1,8,38,8,1,1,5,0,1,0,0,0,0,0.0,0,1,0.0,0
1.0,1.0,6,1.0,12,1.625,13.0,1.125,15.75,1.2130202278539874,130.2,1,6,1.056521739130435,141.0,-2.75,1.264619822790027,1.2130434782608694,20,1.100568702990277,1.061625708884688,1.3333333333333333,2.3333333333333335,2.5,14,8,12,-4.06,-22.36,15.5,2.8,1.1819062506030606,1,6,3,6,0,0,1,0,1,0,0,0,0,0.0,0,1,0.0,1
0.0,0.0,0,0.0,0,0.0,0.0,0.0,0.0,0.683695652173913,101.6,1,0,1.1939285714285715,133.1,0.0,1.148233215547703,0.748,30,1.0831439393939393,1.0974803149606298,1.0,2.2,37.0,11,5,10,-1.7,-18.099999999999998,12.7,3.7,1.1876220053238686,0,5,37,5,1,1,1,0,0,0,1,1,1,0.0,1,0,0.0,1
0.6666666666666666,0.8333333333333334,5,0.5,8,1.2386363636363635,13.625,1.45833333375,11.66666667,1.140246768507638,115.1,1,3,1.2127443159154367,120.0,1.9583333300000003,1.225328614762386,1.4334342940889107,19,1.302210510906163,1.277410022972858,1.8333333333333333,1.3333333333333333,28.5,8,11,12,1.74,-10.46,10.8,1.4,1.1758672525439406,19,6,38,6,0,0,1,0,1,0,0,0,0,0.0,0,0,0.0,1
0.1,0.0,0,0.2,1,0.0,0.0,0.8571428571428571,12.0,1.1776659038901602,128.2,0,1,0.8680306905370844,133.1,-12.0,1.197718162195498,0.7234823625922888,28,1.0687747035573123,1.0504347826086957,1.0,2.8,36.0,14,5,10,-3.12,-11.719999999999999,9.4,-0.8,1.1758672525439406,0,5,36,5,1,0,1,0,0,0,0,1,0,0.0,1,0,0.0,1
0.0,0.0,0,0.0,0,0.0,0.0,0.0,0.0,0.6398191993112355,125.7,1,0,1.1973403408186016,140.0,0.0,1.1624045504129656,1.4102055872516233,18,1.233967927278964,1.2799644037630307,1.0,1.0,19.0,5,5,10,-3.12,-11.719999999999999,9.4,-0.8,1.1584500394906667,0,5,19,5,0,0,2,0,1,0,1,0,1,0.0,0,1,0.0,0
0.16666666666666666,0.16666666666666666,1,0.16666666666666666,2,1.0,11.0,1.0,12.0,1.1767016491754123,140.0,1,1,1.2011857707509879,140.0,-1.0,1.1663210702341136,1.3316053511705686,21,1.233967927278964,1.0880586922712827,1.8333333333333333,2.0,28.0,12,11,12,3.51,-6.790000000000001,8.9,1.4,1.1584500394906667,18,6,37,6,0,0,1,0,0,1,0,0,0,0.0,0,1,0.0,1
1.0,1.0,8,1.0,15,1.71875,13.75,1.496875,11.975,1.543190537084399,130.8,1,7,0.9864906832298137,150.0,1.7750000000000004,1.123776517538332,1.184466819221968,24,1.0449937888198757,1.2799644037630307,1.0,1.1428571428571428,28.0,8,8,15,0.79,-12.809999999999999,13.9,-0.3,1.1584500394906667,18,8,37,7,0,0,1,0,0,0,0,0,1,0.0,1,0,0.0,1
0.0,0.0,0,0.0,0,0.0,0.0,0.0,0.0,1.1621118012422362,150.0,1,0,1.1933908806863316,140.0,0.0,1.1559857057772485,0.7313379542113002,47,1.2357226792009401,1.3033971014492753,0.0,0.0,38.0,0,0,12,-0.92,-17.42,16.2,0.3,1.1743905726499018,0,6,38,6,0,0,1,0,0,0,0,1,1,0.0,1,0,0.0,1
1.0,1.0,6,1.0,12,2.305555555,13.83333333,2.0833333333333335,12.5,1.2840579710144928,117.4,1,6,1.194817160955946,123.0,1.3333333300000003,1.1306197964847364,1.2130434782608694,18,1.2470369797307752,1.2921636019934695,1.0,1.0,10.0,6,6,12,-0.92,-17.42,16.2,0.3,1.1819062506030606,18,6,19,6,1,1,3,0,1,0,1,0,0,0.0,0,1,0.0,0
0.7,0.8,4,0.6,7,1.46875,11.75,0.9230769230769231,12.0,1.2067357512953367,113.6,1,3,1.2388505747126437,123.0,-0.25,1.148233215547703,1.225164113785558,19,1.2868092691622104,1.3042389210019267,1.6,2.6,10.0,13,8,10,-3.12,-11.719999999999999,9.4,-0.8,1.1876220053238686,18,5,19,5,0,0,2,0,1,0,0,0,0,0.0,0,1,0.0,0
0.5,0.16666666666666666,1,0.8333333333333334,6,1.0,12.0,1.1818181818181819,13.0,1.2067357512953367,100.0,1,5,1.2388505747126437,150.0,-1.0,1.2170068027210885,0.748,24,1.2662162162162163,1.3042389210019267,2.0,1.8333333333333333,19.0,11,12,12,0.79,-12.809999999999999,13.9,-0.3,1.1876220053238686,0,6,19,6,0,0,1,0,0,0,0,0,0,0.16666666666666666,1,0,0.16666666666666666,1
0.07142857142857142,0.14285714285714285,1,0.0,1,1.4285714285714286,10.0,0.0,0.0,0.9138586956521739,102.5,0,0,1.1973403408186016,130.0,10.0,1.1663210702341136,0.7491078753076292,37,1.2919274890242176,1.0880586922712827,1.0,1.0,37.5,7,7,14,3.51,-6.790000000000001,8.9,1.4,1.1584500394906667,1,7,38,7,0,0,1,1,0,1,0,1,1,0.0,1,0,0.0,1
1.0,1.0,6,1.0,12,2.2777777783333333,13.66666667,1.8809523814285714,13.16666667,1.2840579710144928,128.0,1,6,0.664626945786366,100.0,0.5,0.7802142407057341,0.73904412557989,28,1.117896865520728,1.1229617418778761,1.0,1.1666666666666667,37.0,7,6,12,0.32,-9.879999999999999,7.6,2.6,1.1819062506030606,0,6,37,6,0,0,1,0,0,0,1,1,1,0.0,1,1,0.0,1
0.875,0.875,7,0.875,14,1.55017857125,12.40142857,1.55017857125,12.40142857,1.5717231848623365,135.8,1,7,1.2542082169924211,122.0,0.0,1.2806596701649176,0.73904412557989,24,1.2275607958732497,1.2050514162006132,1.0,1.0,10.0,8,8,16,1.74,-10.46,10.8,1.4,1.1819062506030606,18,8,19,8,0,0,1,0,0,0,0,0,0,0.0,1,0,0.0,1
0.9166666666666666,0.8333333333333334,5,1.0,11,2.066666666666667,12.4,2.1111111116666668,12.66666667,1.3746562616127835,131.3,1,6,1.194817160955946,140.0,-0.26666666999999933,1.1306197964847364,1.4304347826086956,22,1.2275607958732497,1.2921636019934695,1.0,1.0,19.0,6,6,12,1.79,-11.11,12.4,0.5,1.1819062506030606,0,6,19,6,1,1,1,0,0,0,1,0,1,0.16666666666666666,0,0,0.16666666666666666,1
0.5625,0.6,6,0.5,9,0.8163265307142857,11.42857143,1.625,13.0,1.0808549506759224,130.0,0,3,1.2013971665852468,133.1,-1.5714285700000001,1.2639209009952854,0.7491078753076292,32,1.0449937888198757,1.0880586922712827,1.4,1.3333333333333333,37.0,8,14,16,-0.92,-17.42,16.2,0.3,1.1584500394906667,0,10,37,6,0,0,1,1,0,1,0,1,1,0.4,1,0,0.0,1
0.8333333333333334,1.0,12,0.7222222222222222,25,0.6712962961111111,12.08333333,0.5079365077777778,13.71428571,1.0663865546218485,110.0,1,13,1.0786585365853658,130.0,-1.63095238,1.2795454545454545,0.748,32,1.2868092691622104,1.124342105263158,1.5,1.5,2.0,27,18,30,-4.06,-22.36,15.5,2.8,1.1876220053238686,2,12,3,18,0,0,1,0,0,0,0,1,1,0.5833333333333334,1,0,0.4444444444444444,1
1.0,1.0,6,1.0,12,2.2777777783333333,13.66666667,2.1111111116666668,12.66666667,1.3309782608695653,133.5,1,6,1.1939285714285715,138.0,1.0,1.2770334928229667,1.4512849162011174,18,1.2662162162162163,1.2365750528541226,1.0,1.0,10.0,6,6,12,-1.7,-18.099999999999998,12.7,3.7,1.1876220053238686,18,6,19,6,0,0,2,0,1,0,0,0,0,0.0,0,1,0.0,0
0.8571428571428571,0.8571428571428571,6,0.8571428571428571,12,2.033333332857143,14.23333333,2.033333332857143,14.23333333,1.543190537084399,128.8,1,6,1.2239130434782608,142.0,0.0,1.2639209009952854,1.4102055872516233,18,1.2919274890242176,1.0880586922712827,1.0,1.0,37.5,7,7,14,0.32,-9.879999999999999,7.6,2.6,1.1584500394906667,1,7,38,7,0,0,5,0,1,0,0,0,0,0.0,0,1,0.0,0
0.625,0.625,5,0.625,10,1.0001666666666666,12.002,1.0001666666666666,12.002,1.547589908749329,118.3,1,5,1.1933908806863316,125.0,0.0,1.2021125030704987,1.4404225006140996,20,1.2693138979643126,1.3033971014492753,1.5,1.5,28.5,12,12,16,1.74,-10.46,10.8,1.4,1.1743905726499018,19,8,38,8,0,0,1,0,1,0,0,0,1,0.0,0,0,0.0,1
1.0,1.0,8,1.0,15,1.9,15.2,1.85625,14.85,1.547589908749329,130.0,1,7,1.225732834939996,138.0,0.34999999999999964,1.1803969095591578,1.2069998195922786,18,1.1418478260869565,1.0992070002734482,1.0,1.1428571428571428,3.0,8,8,15,0.79,-12.809999999999999,13.9,-0.3,1.1743905726499018,0,8,3,7,0,0,3,0,1,0,0,0,0,0.0,0,1,0.0,0
0.5,0.3333333333333333,2,0.6666666666666666,6,1.05,10.5,1.15,11.5,1.0189981096408318,110.2,1,4,1.1081088290210723,113.0,-1.0,1.3025204788909892,1.184466819221968,21,1.25372234935164,1.2179619565217392,1.6666666666666667,1.6666666666666667,1.0,10,10,12,-3.12,-11.719999999999999,9.4,-0.8,1.1584500394906667,0,6,1,6,0,0,5,0,0,0,0,0,1,0.0,0,1,0.0,0
0.0,0.0,0,0.0,0,0.0,0.0,0.0,0.0,1.2359420289855074,128.0,1,0,0.5651100375738056,140.0,0.0,0.701041028781384,1.4404225006140996,37,0.5295313382269904,0.5608695652173913,0.0,0.0,34.0,0,0,12,-3.12,-11.719999999999999,9.4,-0.8,1.1743905726499018,0,6,34,6,0,0,4,0,0,0,1,1,1,0.0,1,1,0.0,0
0.14285714285714285,0.2857142857142857,2,0.0,2,1.0606060609090908,11.66666667,0.0,0.0,1.095283714075166,137.0,1,0,1.1973403408186016,137.0,11.66666667,1.123776517538332,1.4009057971014494,19,1.233967927278964,1.2179619565217392,1.5714285714285714,1.5714285714285714,10.0,11,11,14,3.51,-6.790000000000001,8.9,1.4,1.3678743961352657,18,7,19,7,0,0,1,0,1,1,0,0,0,0.0,0,0,0.0,1
0.4,0.6,3,0.2,4,2.0,14.0,1.0833333333333333,13.0,0.8092753623188406,130.0,1,1,1.1224184782608695,130.0,1.0,1.1004459308807135,1.0228260869565218,33,1.2470369797307752,1.2050514162006132,1.4,2.4,1.0,12,7,10,-3.12,-11.719999999999999,9.4,-0.8,1.1819062506030606,0,5,1,5,0,0,1,0,0,0,1,1,1,0.0,1,1,0.0,1
0.0,0.0,0,0.0,0,0.0,0.0,0.0,0.0,0.6398191993112355,130.0,0,0,1.1973403408186016,130.0,0.0,1.1624045504129656,0.8167361524717094,33,1.0449937888198757,1.0880586922712827,1.0,1.2,37.0,6,5,10,-1.7,-18.099999999999998,12.7,3.7,1.1584500394906667,0,5,37,5,0,0,1,0,0,0,1,1,1,0.0,1,0,0.0,1
0.75,0.6666666666666666,4,0.8333333333333334,9,1.0909090909090908,12.0,0.8333333335714286,11.66666667,1.0411544227886058,140.0,1,5,1.225732834939996,140.0,0.3333333300000003,1.1697181559973782,1.1110212335692617,25,1.2693138979643126,1.2742242031788749,1.8333333333333333,2.3333333333333335,19.0,14,11,12,-4.06,-22.36,15.5,2.8,1.1743905726499018,0,6,19,6,0,0,1,0,0,0,1,0,1,0.0,1,1,0.0,1
0.8571428571428571,0.8571428571428571,6,0.8571428571428571,12,2.0214285714285714,14.15,2.0214285714285714,14.15,1.547589908749329,136.0,1,6,1.2242311770943797,144.0,0.0,1.3083536883243772,1.4404225006140996,19,1.2357226792009401,1.3033971014492753,1.0,1.0,38.0,7,7,14,0.32,-9.879999999999999,7.6,2.6,1.1743905726499018,0,7,38,7,1,1,5,0,1,0,1,0,0,0.0,0,1,0.0,0
0.5833333333333334,0.5,3,0.6666666666666666,7,1.1,11.0,0.8846153846153846,11.5,0.8927536231884058,123.3,1,4,1.225732834939996,132.0,-0.5,1.1697181559973782,1.2069998195922786,21,0.8416337285902503,1.326482213438735,1.6666666666666667,2.1666666666666665,12.0,13,10,12,1.74,-10.46,10.8,1.4,1.1743905726499018,0,6,12,6,0,0,5,0,0,0,1,0,0,0.0,0,1,0.0,0
0.9166666666666666,0.8333333333333334,5,1.0,11,1.5333333333333334,13.8,2.3333333333333335,14.0,1.140246768507638,119.4,1,6,1.1803307676305388,126.0,-0.1999999999999993,1.201176855181432,1.2294441386901487,18,1.302210510906163,1.277410022972858,1.5,1.0,28.5,6,9,12,3.51,-6.790000000000001,8.9,1.4,1.1758672525439406,19,6,38,6,1,1,4,0,1,0,0,0,0,0.0,0,1,0.0,0
0.9166666666666666,0.8333333333333334,5,1.0,11,1.55,12.4,2.1666666666666665,13.0,1.331363224637681,105.5,1,6,1.2239130434782608,110.0,-0.5999999999999996,1.1622608695652175,1.4102055872516233,19,1.233967927278964,1.2799644037630307,1.3333333333333333,1.0,19.0,6,8,12,1.79,-11.11,12.4,0.5,1.1584500394906667,0,6,19,6,0,0,3,0,1,0,1,0,0,0.0,0,1,0.0,0
0.0,0.0,0,0.0,0,0.0,0.0,0.0,0.0,0.6712665406427221,119.1,1,0,1.251728743136964,132.0,0.0,1.271562304971916,1.4334342940889107,18,1.302210510906163,1.277410022972858,1.6,2.2,28.5,11,8,10,-3.12,-11.719999999999999,9.4,-0.8,1.1758672525439406,19,5,38,5,0,0,5,0,1,0,0,0,0,0.0,0,0,0.0,0
1.0,1.0,6,1.0,12,2.2222222216666667,13.33333333,1.8367346942857143,12.85714286,1.331363224637681,122.4,1,6,1.1973403408186016,121.0,0.4761904700000006,1.1624045504129656,1.184466819221968,18,1.0449937888198757,1.0880586922712827,1.0,1.1666666666666667,37.0,7,6,12,0.79,-12.809999999999999,13.9,-0.3,1.1584500394906667,0,6,37,6,0,0,1,0,1,0,1,0,0,0.0,0,0,0.0,1
0.9166666666666666,0.8333333333333334,5,1.0,11,2.1142857142857143,14.8,2.0,14.0,1.4763186934451555,125.5,1,6,1.1990645264164983,120.0,0.8000000000000007,1.204451156505842,0.73904412557989,39,1.117896865520728,1.1229617418778761,1.1666666666666667,1.1666666666666667,37.0,7,7,12,-1.7,-18.099999999999998,12.7,3.7,1.1819062506030606,0,6,37,6,1,1,1,0,0,0,1,1,0,0.0,1,1,0.0,1
0.8,0.8,4,0.8,8,1.2,12.0,1.3611111111111112,12.25,1.0296727924697446,117.3,1,4,1.1463768115942028,118.0,-0.25,1.1672994488671158,1.4334342940889107,19,1.2647449755785092,1.0399209486166008,2.0,1.8,1.5,9,10,10,3.51,-6.790000000000001,8.9,1.4,1.1758672525439406,1,5,2,5,0,0,1,0,1,0,1,0,0,0.0,0,1,0.0,1
0.2,0.0,0,0.4,2,0.0,0.0,1.3125,10.5,0.7509316770186336,161.8,1,2,0.6161764705882353,160.0,-10.5,0.744776119402985,1.225164113785558,33,0.5958333333333333,0.515,1.0,1.6,34.0,8,5,10,0.32,-9.879999999999999,7.6,2.6,1.1876220053238686,0,5,34,5,0,0,1,0,0,1,1,1,1,0.0,1,1,0.0,1
0.6666666666666666,0.6666666666666666,4,0.6666666666666666,8,1.46875,11.75,1.05,10.5,1.2840579710144928,108.4,1,4,0.664626945786366,115.0,1.25,1.1306197964847364,1.4304347826086956,20,0.584463768115942,1.339986123959297,1.3333333333333333,1.6666666666666667,36.0,10,8,12,0.32,-9.879999999999999,7.6,2.6,1.1819062506030606,4,6,38,6,0,0,2,0,1,0,0,0,0,0.0,0,1,0.0,0
0.0,0.0,0,0.0,0,0.0,0.0,0.0,0.0,1.2130202278539874,112.0,1,0,0.8377574370709383,150.0,0.0,1.139830755763058,0.73904412557989,34,1.117896865520728,1.1229617418778761,0.0,0.0,37.0,0,0,12,1.74,-10.46,10.8,1.4,1.1819062506030606,0,6,37,6,0,0,1,0,0,0,0,1,1,0.0,1,0,0.0,1
0.75,0.6666666666666666,4,0.8333333333333334,9,1.0769230769230769,14.0,1.1500000000000001,13.8,1.2840579710144928,155.5,1,5,1.1990645264164983,120.0,0.1999999999999993,1.264619822790027,0.73904412557989,47,1.117896865520728,1.339986123959297,2.1666666666666665,2.0,37.5,12,13,12,-1.7,-18.099999999999998,12.7,3.7,1.1819062506030606,1,6,38,6,0,0,1,0,0,0,0,1,1,0.0,1,0,0.0,1
0.0,0.0,0,0.0,0,0.0,0.0,0.0,0.0,1.5796068796068796,126.8,0,0,1.2145569620253165,144.0,0.0,1.148233215547703,1.4512849162011174,18,1.0831439393939393,1.0974803149606298,0.0,0.0,37.0,0,0,15,-3.12,-11.719999999999999,9.4,-0.8,1.1876220053238686,0,8,37,7,0,0,5,1,1,1,0,0,0,0.0,0,1,0.0,0
0.0,0.0,0,0.0,0,0.0,0.0,0.0,0.0,1.3309782608695653,136.1,0,0,1.2783606557377047,142.0,0.0,1.2170068027210885,1.4512849162011174,19,0.5958333333333333,1.2365750528541226,0.0,2.0,17.5,8,0,10,-3.12,-11.719999999999999,9.4,-0.8,1.1876220053238686,33,6,34,4,0,0,3,0,1,0,0,0,1,0.0,0,1,0.0,0
0.09090909090909091,0.0,0,0.16666666666666666,1,0.0,0.0,1.0909090909090908,12.0,1.545408163265306,126.0,1,1,1.0786585365853658,133.0,-12.0,1.155188679245283,1.4512849162011174,20,1.2932721712538227,1.2365750528541226,2.0,1.8333333333333333,19.5,11,10,11,-3.12,-11.719999999999999,9.4,-0.8,1.1876220053238686,37,5,38,6,0,0,1,0,1,0,0,0,0,0.0,0,0,0.0,1
0.8333333333333334,0.8333333333333334,5,0.8333333333333334,10,1.8,12.6,1.1666666669999999,11.66666667,1.0808549506759224,140.0,1,5,1.2013971665852468,140.0,0.93333333,1.3025204788909892,1.2388849929873773,20,1.25372234935164,1.2179619565217392,1.1666666666666667,1.6666666666666667,1.0,10,7,12,1.79,-11.11,12.4,0.5,1.1584500394906667,0,6,1,6,0,0,1,0,1,0,0,0,0,0.0,0,1,0.0,1
0.9166666666666666,1.0,6,0.8333333333333334,11,1.9285714285714286,13.5,1.4444444444444444,13.0,1.4912388027091983,132.5,0,5,1.0813995369179317,150.0,0.5,1.225328614762386,1.348447204968944,20,1.1213355347642635,1.1281060708036075,1.1666666666666667,1.5,20.0,9,7,12,0.79,-12.809999999999999,13.9,-0.3,1.2209718670076726,34,6,37,6,0,0,1,0,1,0,0,0,0,0.0,0,1,0.0,1
1.0,1.0,6,1.0,12,1.640625,13.125,2.305555555,13.83333333,1.3923076923076922,137.4,1,6,1.1939285714285715,144.0,-0.7083333300000003,1.148233215547703,1.225164113785558,19,1.2932721712538227,1.2365750528541226,1.3333333333333333,1.0,19.5,6,8,12,1.74,-10.46,10.8,1.4,1.1876220053238686,37,6,38,6,0,0,4,0,1,0,1,0,1,0.0,0,1,0.0,0
0.896551724137931,0.8571428571428571,12,0.9333333333333333,26,0.739583333125,11.83333333,0.683035714375,10.92857143,0.8409172126265634,112.9,1,14,1.1933908806863316,110.0,0.9047619000000005,1.1782208343342142,1.0102538326212618,38,1.0901394585726005,1.1019750589821369,1.1428571428571428,1.0666666666666667,37.0,16,16,29,-3.12,-11.719999999999999,9.4,-0.8,1.1743905726499018,0,14,37,15,0,0,1,0,0,0,1,1,0,0.8571428571428571,1,0,0.9333333333333333,1
1.0,1.0,8,1.0,15,1.9109375,15.2875,2.1622448985714287,15.13571429,1.5796068796068796,141.0,1,7,1.2388505747126437,152.0,0.1517857100000004,1.155188679245283,1.4512849162011174,18,1.2868092691622104,1.2365750528541226,1.0,1.0,1.0,7,8,15,1.79,-11.11,12.4,0.5,1.1876220053238686,0,8,1,7,1,1,1,0,1,0,1,0,0,0.0,0,1,0.0,1
0.75,0.5,3,1.0,9,0.8095238092857143,11.33333333,1.1,11.0,1.0588932806324112,95.0,1,6,1.1933908806863316,120.0,0.3333333300000003,1.2021125030704987,0.7313379542113002,36,1.0901394585726005,1.1019750589821369,2.3333333333333335,1.6666666666666667,37.0,10,14,12,1.74,-10.46,10.8,1.4,1.1743905726499018,0,6,37,6,1,1,1,0,0,0,0,1,0,0.0,1,0,0.0,1
0.9166666666666666,1.0,6,0.8333333333333334,11,1.625,13.0,1.75,14.0,1.3096192836224372,133.9,1,5,1.1803307676305388,130.0,-1.0,1.201176855181432,1.4334342940889107,19,1.302210510906163,1.1281060708036075,1.3333333333333333,1.3333333333333333,37.5,8,8,12,1.74,-10.46,10.8,1.4,1.1758672525439406,1,6,38,6,1,1,1,0,1,0,0,0,1,0.0,0,0,0.0,1
0.875,0.875,7,0.875,14,1.56071428625,12.48571429,1.56071428625,12.48571429,1.547589908749329,141.0,1,7,1.2125797101449276,144.0,0.0,1.2816864295125163,1.2069998195922786,19,1.2693138979643126,1.2414858951680476,1.0,1.0,10.0,8,8,16,-1.7,-18.099999999999998,12.7,3.7,1.1743905726499018,18,8,19,8,1,1,5,0,1,0,0,0,0,0.0,0,1,0.0,0
1.0,1.0,8,1.0,15,1.7734375,14.1875,1.5640625,12.5125,1.547589908749329,131.5,1,7,1.1933908806863316,143.0,1.6750000000000007,1.1968670076726344,1.2069998195922786,18,1.2693138979643126,1.3033971014492753,1.0,1.1428571428571428,28.5,8,8,15,0.79,-12.809999999999999,13.9,-0.3,1.1743905726499018,19,8,38,7,1,1,4,0,1,0,0,0,1,0.0,0,1,0.0,0
0.0,0.0,0,0.0,0,0.0,0.0,0.0,0.0,0.8455652173913043,153.0,0,0,1.1990645264164983,133.1,0.0,1.204451156505842,1.0228260869565218,40,1.117896865520728,1.1229617418778761,1.0,2.0,37.0,10,5,10,0.32,-9.879999999999999,7.6,2.6,1.1819062506030606,0,5,37,5,0,0,4,0,0,0,1,1,0,0.0,1,0,0.0,0
1.0,1.0,8,1.0,15,1.7840625,14.2725,1.3805,13.805,1.547589908749329,126.3,1,7,1.1933908806863316,141.0,0.46750000000000114,1.3083536883243772,1.4404225006140996,19,1.0901394585726005,1.1019750589821369,1.0,1.4285714285714286,37.0,10,8,15,-4.06,-22.36,15.5,2.8,1.1743905726499018,0,8,37,7,0,0,2,0,1,0,0,0,0,0.0,0,1,0.0,0
0.6666666666666666,1.0,6,0.3333333333333333,8,1.6428571428571428,11.5,0.5740740738888889,10.33333333,1.2359420289855074,113.0,1,2,1.1933908806863316,133.1,1.1666666699999997,1.2021125030704987,0.7313379542113002,32,1.0901394585726005,1.1019750589821369,1.1666666666666667,3.0,37.0,18,7,12,-0.92,-17.42,16.2,0.3,1.1743905726499018,0,6,37,6,1,1,1,0,0,0,0,1,0,0.0,1,0,0.0,1
1.0,1.0,6,1.0,12,1.283333333,12.83333333,2.142857142857143,15.0,1.0189981096408318,103.0,1,6,1.1081088290210723,133.1,-2.1666666699999997,0.9459469417833456,0.7491078753076292,62,1.25701394585726,1.0345050878815911,1.6666666666666667,1.1666666666666667,2.0,7,10,12,1.74,-10.46,10.8,1.4,1.1584500394906667,0,6,2,6,0,0,1,0,0,0,1,1,0,0.0,1,0,0.0,1
0.7692307692307693,0.8571428571428571,6,0.6666666666666666,10,1.3888888888888888,12.5,1.225,12.25,0.7911983032873808,140.0,1,4,1.1803307676305388,140.0,0.25,1.151400966183575,1.156304347826087,41,1.0986103210077205,1.1281060708036075,1.2857142857142858,1.6666666666666667,37.0,10,9,13,-3.12,-11.719999999999999,9.4,-0.8,1.1758672525439406,0,7,37,6,0,0,1,0,0,0,1,1,0,0.42857142857142855,1,0,0.3333333333333333,1
1.0,1.0,6,1.0,12,1.7380952385714286,12.16666667,1.703125,13.625,1.433108695652174,126.6,1,6,1.154390451832907,135.0,-1.4583333300000003,1.2639209009952854,1.184466819221968,19,1.25372234935164,1.2799644037630307,1.1666666666666667,1.3333333333333333,10.0,8,7,12,-1.7,-18.099999999999998,12.7,3.7,1.1584500394906667,18,6,19,6,1,1,6,0,1,0,1,0,0,0.0,0,1,0.0,0
0.8,1.0,5,0.6,8,1.575,12.6,0.8717948715384616,11.33333333,1.2130202278539874,120.4,1,3,1.1990645264164983,134.0,1.2666666699999993,1.204451156505842,1.2130434782608694,20,1.117896865520728,1.339986123959297,1.6,2.6,37.5,13,8,10,-3.12,-11.719999999999999,9.4,-0.8,1.1819062506030606,1,5,38,5,0,0,3,0,1,0,1,0,0,0.0,0,1,0.0,0
0.9166666666666666,0.8333333333333334,5,1.0,11,1.45,11.6,1.2962962966666667,11.66666667,1.331363224637681,130.7,1,6,1.2013971665852468,144.0,-0.06666667000000004,1.123776517538332,1.184466819221968,20,1.233967927278964,1.2799644037630307,1.3333333333333333,1.5,19.0,9,8,12,0.32,-9.879999999999999,7.6,2.6,1.1584500394906667,0,6,19,6,0,0,1,0,1,0,1,0,0,0.0,0,1,0.0,1
0.9583333333333334,0.9166666666666666,11,1.0,23,1.0606060608333332,12.72727273,1.1041666666666667,13.25,1.3761848805327068,126.4,1,12,1.2821204371076491,135.0,-0.5227272700000007,1.151400966183575,0.9819806763285025,20,1.2647449755785092,1.3335857352222766,1.0,1.0,19.5,12,12,24,-4.06,-22.36,15.5,2.8,1.1758672525439406,37,12,38,12,1,1,1,0,1,0,0,0,0,0.4166666666666667,0,1,0.4166666666666667,1
0.0,0.0,0,0.0,0,0.0,0.0,0.0,0.0,1.2413610586011343,125.0,1,0,1.0702608695652174,131.0,0.0,1.197718162195498,0.9819806763285025,24,1.2576025080438908,1.1281060708036075,1.0,2.1666666666666665,28.0,13,6,12,-0.92,-17.42,16.2,0.3,1.1758672525439406,18,6,37,6,0,0,1,0,0,0,0,0,1,0.0,1,0,0.0,1
1.0,1.0,6,1.0,12,2.0,14.0,2.0,14.0,1.4912388027091983,122.8,1,6,1.2127443159154367,135.0,0.0,1.1051039697542533,1.4334342940889107,18,1.2647449755785092,1.1916457060725836,1.1666666666666667,1.1666666666666667,1.0,7,7,12,1.74,-10.46,10.8,1.4,1.1758672525439406,0,6,1,6,0,0,1,0,1,0,1,0,0,0.0,0,0,0.0,1
0.8333333333333334,0.6666666666666666,4,1.0,10,1.3,15.6,1.80357142875,14.42857143,1.1621118012422362,125.0,1,6,1.225732834939996,120.0,1.1714285699999998,1.039782608695652,0.9677345537757437,28,1.1418478260869565,1.0992070002734482,2.0,1.3333333333333333,3.0,8,12,12,2.02,-9.68,11.1,0.6,1.1743905726499018,0,6,3,6,0,0,1,0,0,0,0,1,0,0.0,1,0,0.0,1
0.7647058823529411,0.7142857142857143,5,0.8,13,0.7,11.2,0.7333333333333333,11.0,1.4763186934451555,114.3,1,8,1.194817160955946,122.0,0.1999999999999993,1.1306197964847364,1.0228260869565218,22,1.2275607958732497,1.2921636019934695,2.2857142857142856,1.5,19.0,15,16,17,-3.12,-11.719999999999999,9.4,-0.8,1.1819062506030606,0,7,19,10,0,0,1,0,0,0,1,0,0,0.2857142857142857,0,1,0.5,1
1.0,1.0,6,1.0,12,2.3611111116666668,14.16666667,2.1666666666666665,13.0,1.49416149068323,116.5,1,6,1.1933908806863316,128.0,1.1666666699999997,1.2816864295125163,1.4404225006140996,19,1.0901394585726005,1.2742242031788749,1.0,1.0,28.0,6,6,12,1.79,-11.11,12.4,0.5,1.1743905726499018,18,6,37,6,1,1,1,0,1,0,0,0,0,0.0,0,1,0.0,1
0.7857142857142857,0.8571428571428571,6,0.7142857142857143,11,1.4814814811111112,13.33333333,1.0363636363636364,11.4,0.8310789049919485,108.8,1,5,1.2127443159154367,114.0,1.93333333,0.6634202898550725,1.2294441386901487,18,1.2647449755785092,1.1916457060725836,1.2857142857142858,1.5714285714285714,1.0,11,9,14,0.79,-12.809999999999999,13.9,-0.3,1.1758672525439406,0,7,1,7,0,0,2,0,1,0,0,0,0,0.0,0,1,0.0,0
0.875,0.875,7,0.875,14,1.57625,12.61,1.57625,12.61,1.547589908749329,126.8,1,7,1.2125797101449276,135.0,0.0,1.1803969095591578,1.4404225006140996,18,1.0901394585726005,1.2414858951680476,1.0,1.0,19.0,8,8,16,1.74,-10.46,10.8,1.4,1.1743905726499018,36,8,37,8,1,1,6,0,1,0,1,0,0,0.0,0,1,0.0,0
0.3,0.4,2,0.2,3,1.7857142857142858,12.5,1.0,13.0,0.7812111801242235,150.2,1,1,1.1081088290210723,160.0,-0.5,1.1624045504129656,1.4102055872516233,19,1.1436586685910157,1.2179619565217392,1.4,2.6,2.0,13,7,10,-1.7,-18.099999999999998,12.7,3.7,1.1584500394906667,2,5,3,5,0,0,5,0,1,0,0,0,0,0.0,0,1,0.0,0
0.75,0.6666666666666666,4,0.8333333333333334,9,1.0454545454545454,11.5,1.0757575754545454,11.83333333,0.8265111346765641,156.0,0,5,1.1933908806863316,156.0,-0.3333333300000003,1.1697181559973782,1.0102538326212618,24,1.2693138979643126,1.2414858951680476,1.8333333333333333,1.8333333333333333,10.0,11,11,12,-4.06,-22.36,15.5,2.8,1.1743905726499018,18,6,19,6,0,0,1,1,0,1,0,0,1,0.0,1,0,0.0,1
1.0,1.0,6,1.0,12,2.055555555,12.33333333,1.45833333375,11.66666667,1.4763186934451555,129.0,1,6,1.2542082169924211,123.0,0.6666666600000006,1.139830755763058,1.4304347826086956,19,1.3338955940090156,1.2050514162006132,1.0,1.3333333333333333,19.5,8,6,12,1.74,-10.46,10.8,1.4,1.1819062506030606,37,6,38,6,0,0,4,0,1,0,0,0,0,0.0,0,1,0.0,0
0.6,0.6,3,0.6,6,0.9818181818181819,10.8,1.05,10.5,0.6712665406427221,106.5,1,3,1.251728743136964,111.0,0.3000000000000007,1.1672994488671158,1.2294441386901487,19,1.2576025080438908,1.146645195920558,2.2,2.0,11.0,10,11,10,1.79,-11.11,12.4,0.5,1.1758672525439406,16,5,19,5,0,0,6,0,1,0,0,0,1,0.0,0,1,0.0,0
0.0,0.0,0,0.0,0,0.0,0.0,0.0,0.0,0.683695652173913,133.6,1,0,1.2521505376344086,140.0,0.0,0.9646551724137932,1.1977777777777778,22,1.1182648401826485,1.124342105263158,0.0,0.0,3.0,0,0,10,1.74,-10.46,10.8,1.4,1.1876220053238686,0,5,3,5,0,0,1,0,0,0,0,0,1,0.0,0,1,0.0,1
1.0,1.0,6,1.0,12,2.081632652857143,14.57142857,2.444444445,14.66666667,1.3096192836224372,126.3,1,6,1.251728743136964,135.0,-0.09523809999999955,1.197718162195498,1.4334342940889107,20,1.0986103210077205,1.1281060708036075,1.1666666666666667,1.0,37.0,6,7,12,3.51,-6.790000000000001,8.9,1.4,1.1758672525439406,0,6,37,6,1,1,2,0,1,0,1,0,0,0.0,0,1,0.0,0
1.0,1.0,6,1.0,12,1.83333333375,14.66666667,2.4166666666666665,14.5,1.2130202278539874,118.6,1,6,1.1990645264164983,113.0,0.16666666999999968,1.204451156505842,1.2130434782608694,21,1.2275607958732497,1.1229617418778761,1.3333333333333333,1.0,28.0,6,8,12,3.51,-6.790000000000001,8.9,1.4,1.1819062506030606,18,6,37,6,1,1,1,0,0,0,1,0,0,0.0,0,1,0.0,1
0.08333333333333333,0.0,0,0.16666666666666666,1,0.0,0.0,1.5555555555555556,14.0,1.140246768507638,97.4,0,1,0.8501863354037267,133.1,-14.0,0.8821256038647343,0.7234823625922888,44,1.0986103210077205,1.1281060708036075,1.0,1.5,37.0,9,6,12,-1.7,-18.099999999999998,12.7,3.7,1.1758672525439406,0,6,37,6,0,0,1,1,0,1,1,1,1,0.0,1,0,0.0,1
0.75,0.5,3,1.0,9,0.9444444441666667,11.33333333,1.03030303,11.33333333,0.8092753623188406,110.0,1,6,1.3841209829867676,130.0,0.0,1.2180602006688963,0.73904412557989,24,1.2275607958732497,1.2050514162006132,2.0,1.8333333333333333,10.0,11,12,12,-0.92,-17.42,16.2,0.3,1.1819062506030606,18,6,19,6,0,0,1,0,0,0,0,0,1,0.0,1,0,0.0,1
0.4,0.0,0,0.8,4,0.0,0.0,2.2,11.0,1.0288695652173914,123.7,1,4,1.1933908806863316,138.0,-11.0,1.1782208343342142,1.2069998195922786,19,1.0901394585726005,1.2414858951680476,1.0,1.0,19.0,5,5,10,2.02,-9.68,11.1,0.6,1.1743905726499018,36,5,37,5,1,0,1,0,1,1,1,0,0,0.0,0,1,0.0,1
0.75,0.8333333333333334,5,0.6666666666666666,9,1.4444444444444444,13.0,0.8035714285714286,11.25,1.331363224637681,130.8,1,4,1.1973403408186016,122.0,1.75,1.1624045504129656,1.4102055872516233,18,1.0449937888198757,1.0880586922712827,1.5,2.3333333333333335,37.0,14,9,12,-3.12,-11.719999999999999,9.4,-0.8,1.1584500394906667,0,6,37,6,0,0,2,0,1,0,1,0,0,0.0,0,1,0.0,0
0.9,0.8,4,1.0,9,1.2121212118181819,13.33333333,1.625,13.0,0.8409172126265634,138.1,1,5,1.1933908806863316,120.0,0.3333333300000003,1.1782208343342142,0.7313379542113002,37,1.0901394585726005,1.1019750589821369,2.2,1.6,37.0,8,11,10,-0.92,-17.42,16.2,0.3,1.1743905726499018,0,5,37,5,1,1,1,0,0,0,1,1,1,0.0,1,0,0.0,1
1.0,1.0,6,1.0,12,2.3888888883333332,14.33333333,2.0833333333333335,12.5,1.3923076923076922,153.1,1,6,1.2388505747126437,145.0,1.8333333300000003,1.155188679245283,1.225164113785558,20,1.1182648401826485,1.124342105263158,1.0,1.0,3.0,6,6,12,-1.7,-18.099999999999998,12.7,3.7,1.1876220053238686,0,6,3,6,1,1,3,0,1,0,1,0,0,0.0,0,1,0.0,0
0.0,0.0,0,0.0,0,0.0,0.0,0.0,0.0,1.0632,162.2,0,0,1.2388505747126437,159.0,0.0,1.155188679245283,1.4512849162011174,18,1.1182648401826485,1.2365750528541226,0.0,0.0,2.0,0,0,0,1.79,-11.11,12.4,0.5,1.1876220053238686,2,0,3,0,0,0,1,1,1,1,1,0,0,0.0,0,1,0.0,1
0.8,0.7777777777777778,7,0.8181818181818182,16,0.9166666666666666,13.75,0.948148148,14.22222222,1.2021517302573204,150.3,1,9,1.2011857707509879,150.0,-0.4722222200000008,1.245065950170982,1.3316053511705686,21,1.25372234935164,1.2799644037630307,1.6666666666666667,1.3636363636363635,10.0,15,15,20,3.51,-6.790000000000001,8.9,1.4,1.1584500394906667,18,9,19,11,1,1,1,0,0,0,0,0,1,0.4444444444444444,0,1,0.6363636363636364,1
0.3,0.6,3,0.0,3,1.4814814811111112,13.33333333,0.0,0.0,0.9177633108579399,130.8,1,0,1.1973403408186016,130.0,13.33333333,1.245065950170982,0.9867874396135266,22,1.0449937888198757,1.2799644037630307,1.8,1.0,28.0,5,9,10,-0.92,-17.42,16.2,0.3,1.1584500394906667,18,5,37,5,0,0,1,0,0,0,0,0,1,0.0,0,0,0.0,1
1.0,1.0,6,1.0,12,1.55357142875,12.42857143,2.444444445,14.66666667,1.2067357512953367,99.0,1,6,1.1939285714285715,133.1,-2.23809524,1.148233215547703,1.225164113785558,23,1.0831439393939393,1.0974803149606298,1.3333333333333333,1.0,37.0,6,8,12,3.51,-6.790000000000001,8.9,1.4,1.1876220053238686,0,6,37,6,1,1,1,0,0,0,1,0,0,0.0,0,1,0.0,1
0.5,0.5,3,0.5,6,1.0,12.0,0.9166666666666666,11.0,1.3096192836224372,123.1,0,3,1.3066447908121412,122.0,1.0,1.355244411692459,1.2294441386901487,19,1.302210510906163,1.3335857352222766,2.0,2.0,38.0,12,12,12,-3.12,-11.719999999999999,9.4,-0.8,1.1758672525439406,0,6,38,6,0,0,5,0,1,0,1,0,0,0.0,0,1,0.0,0
0.9,1.0,5,0.8,9,1.7142857142857142,12.0,1.75,12.25,1.2067357512953367,141.6,1,4,1.1727272727272726,137.0,-0.25,1.19,1.225164113785558,21,1.2932721712538227,1.3434108527131783,1.4,1.4,38.0,7,7,10,0.32,-9.879999999999999,7.6,2.6,1.1876220053238686,0,5,38,5,0,0,4,0,0,0,1,0,1,0.0,0,0,0.0,0
0.0,0.0,0,0.0,0,0.0,0.0,0.0,0.0,0.8011627906976745,123.3,1,0,1.2388505747126437,133.1,0.0,0.8348837209302326,0.9358381502890174,21,1.2868092691622104,0.9916666666666666,1.0,1.4,15.0,7,5,10,0.32,-9.879999999999999,7.6,2.6,1.1876220053238686,28,5,29,5,1,1,1,0,0,0,0,0,0,0.0,0,1,0.0,1
0.75,0.8333333333333334,5,0.6666666666666666,9,1.4,14.0,1.78125,14.25,1.1065804935370154,125.0,1,4,1.1933908806863316,125.0,-0.25,1.3083536883243772,1.2069998195922786,20,1.2357226792009401,1.2414858951680476,1.6666666666666667,1.3333333333333333,19.5,8,10,12,1.74,-10.46,10.8,1.4,1.1743905726499018,37,6,38,6,0,0,6,0,1,0,0,0,1,0.0,0,1,0.0,0
0.75,0.75,6,0.75,12,1.4827777777777778,13.345,1.4827777777777778,13.345,1.5717231848623365,129.0,1,6,1.1224184782608695,154.0,0.0,1.264619822790027,1.4304347826086956,18,1.100568702990277,1.052902889872429,1.125,1.125,3.0,9,9,16,-3.12,-11.719999999999999,9.4,-0.8,1.1819062506030606,0,8,3,8,0,0,3,0,1,0,0,0,0,0.0,0,1,0.0,0
0.8571428571428571,0.8571428571428571,6,0.8571428571428571,12,1.9119047614285714,13.38333333,1.9119047614285714,13.38333333,1.543190537084399,127.3,1,6,1.2013971665852468,132.0,0.0,1.3025204788909892,1.184466819221968,20,1.0449937888198757,1.0880586922712827,1.0,1.0,37.0,7,7,14,0.32,-9.879999999999999,7.6,2.6,1.1584500394906667,0,7,37,7,0,0,3,0,1,0,0,0,0,0.0,0,1,0.0,0
0.9166666666666666,1.0,6,0.8333333333333334,11,1.2777777777777777,11.5,1.6285714285714286,11.4,1.4912388027091983,118.0,1,5,1.2378260869565216,133.1,0.09999999999999964,1.2683229813664596,1.4334342940889107,20,1.302210510906163,1.3335857352222766,1.5,1.1666666666666667,38.0,7,9,12,3.51,-6.790000000000001,8.9,1.4,1.1758672525439406,0,6,38,6,1,0,1,0,1,1,0,0,0,0.0,0,0,0.0,1
0.0,0.0,0,0.0,0,0.0,0.0,0.0,0.0,0.9622563718140928,151.1,1,0,1.1081088290210723,149.0,0.0,1.1622608695652175,1.4102055872516233,19,1.1436586685910157,1.0345050878815911,0.0,0.0,2.5,0,0,0,-3.12,-11.719999999999999,9.4,-0.8,1.1584500394906667,1,0,3,0,0,0,1,0,1,0,0,0,1,0.0,0,1,0.0,1
0.8333333333333334,0.6666666666666666,4,1.0,10,2.125,12.75,1.9047619042857142,13.33333333,1.2840579710144928,110.0,1,6,1.194817160955946,135.0,-0.5833333300000003,1.264619822790027,1.0745995423340962,23,1.2470369797307752,1.1834782608695653,1.0,1.1666666666666667,21.5,7,6,12,2.02,-9.68,11.1,0.6,1.1819062506030606,41,6,42,6,0,0,1,0,0,0,0,0,1,0.0,0,1,0.0,1
0.3,0.4,2,0.2,3,1.4285714285714286,10.0,1.8571428571428572,13.0,0.683695652173913,153.7,1,1,1.1939285714285715,160.0,-3.0,1.2795454545454545,1.4512849162011174,19,1.0831439393939393,1.0974803149606298,1.4,1.4,37.0,7,7,10,-3.12,-11.719999999999999,9.4,-0.8,1.1876220053238686,0,5,37,5,0,0,1,0,1,0,0,0,1,0.0,0,0,0.0,1
0.0,0.0,0,0.0,0,0.0,0.0,0.0,0.0,1.5568619113426172,123.0,0,0,1.0813995369179317,135.0,0.0,1.0307911617961512,1.4334342940889107,19,1.1213355347642635,1.146645195920558,0.0,0.0,3.0,0,0,15,-1.7,-18.099999999999998,12.7,3.7,1.1758672525439406,0,8,3,7,0,0,2,0,1,0,1,0,0,0.0,0,1,0.0,0
0.0,0.0,0,0.0,0,0.0,0.0,0.0,0.0,1.0138998682476945,116.5,0,0,1.2542082169924211,121.0,0.0,1.318361688720857,1.2130434782608694,18,1.2470369797307752,1.2921636019934695,0.0,2.0,10.0,12,0,12,-3.12,-11.719999999999999,9.4,-0.8,1.1819062506030606,18,6,19,6,0,0,5,0,1,0,0,0,1,0.0,0,1,0.0,0
0.08333333333333333,0.0,0,0.16666666666666666,1,0.0,0.0,1.8333333333333333,11.0,1.0663865546218485,120.0,1,1,1.2388505747126437,120.0,-11.0,1.2994236311239193,1.2134920634920636,23,1.2868092691622104,1.3042389210019267,1.3333333333333333,1.0,10.0,6,8,12,-4.06,-22.36,15.5,2.8,1.1876220053238686,18,6,19,6,0,0,1,0,0,0,0,0,1,0.0,0,0,0.16666666666666666,1
0.6,0.4,2,0.8,6,1.6428571428571428,11.5,1.9666666666666668,11.8,0.683695652173913,117.5,1,4,1.2783606557377047,136.0,-0.3000000000000007,1.196590909090909,1.1977777777777778,19,1.2868092691622104,1.0974803149606298,1.4,1.2,19.0,6,7,10,-4.06,-22.36,15.5,2.8,1.1876220053238686,36,5,37,5,0,0,1,0,1,0,1,0,1,0.0,0,0,0.4,1
1.0,1.0,6,1.0,12,2.4722222216666667,14.83333333,2.5277777783333333,15.16666667,1.2840579710144928,127.7,1,6,1.194817160955946,141.0,-0.33333333999999937,1.1306197964847364,1.2130434782608694,18,1.117896865520728,1.1229617418778761,1.0,1.0,37.0,6,6,12,-3.12,-11.719999999999999,9.4,-0.8,1.1819062506030606,0,6,37,6,0,0,6,0,1,0,1,0,1,0.0,0,1,0.0,0
0.9411764705882353,0.9,9,1.0,16,1.3646464645454546,15.01111111,2.237142857142857,15.66,1.547589908749329,125.0,1,7,1.225732834939996,170.0,-0.6488888900000003,1.1559857057772485,0.9677345537757437,20,1.2643147284489245,1.2414858951680476,1.1,1.0,1.0,7,11,17,2.02,-9.68,11.1,0.6,1.1743905726499018,0,10,1,7,0,0,1,0,1,0,0,0,1,0.7,0,0,0.0,1
0.5833333333333334,0.3333333333333333,2,0.8333333333333334,7,0.9,13.5,0.791666666875,12.66666667,1.2021517302573204,140.0,1,5,1.2239130434782608,140.0,0.8333333300000003,1.1663210702341136,1.2388849929873773,21,1.0449937888198757,1.2767270531400965,2.5,2.6666666666666665,37.5,16,15,12,-0.92,-17.42,16.2,0.3,1.1584500394906667,1,6,38,6,0,0,1,0,0,0,0,0,0,0.16666666666666666,0,1,0.3333333333333333,1
0.8333333333333334,0.8333333333333334,5,0.8333333333333334,10,1.16,11.6,1.6,12.8,1.1542253521126762,143.6,1,5,1.1583333333333332,132.0,-1.200000000000001,1.19,1.4512849162011174,20,1.3909090909090909,1.08125,1.6666666666666667,1.3333333333333333,3.0,8,10,12,0.79,-12.809999999999999,13.9,-0.3,1.1876220053238686,2,6,4,6,0,0,1,0,1,0,0,0,1,0.0,0,1,0.0,1
0.7916666666666666,0.75,9,0.8333333333333334,19,0.7629629626666666,11.44444444,0.5900000000000001,11.8,1.0808549506759224,130.0,1,10,1.1973403408186016,130.0,-0.3555555600000009,1.1624045504129656,1.3316053511705686,21,1.233967927278964,1.2179619565217392,1.25,1.6666666666666667,10.0,20,15,24,3.51,-6.790000000000001,8.9,1.4,1.1584500394906667,18,12,19,12,0,0,1,0,0,1,1,0,1,0.4166666666666667,0,0,0.5833333333333334,1
0.6666666666666666,0.5,3,0.8333333333333334,8,0.833333333125,13.33333333,1.0666666666666667,12.8,1.0067868504772004,110.0,0,5,1.2542082169924211,133.1,0.5333333299999996,1.204451156505842,0.73904412557989,40,1.117896865520728,1.339986123959297,2.6666666666666665,2.0,37.5,12,16,12,2.02,-9.68,11.1,0.6,1.1819062506030606,1,6,38,6,0,0,1,1,0,1,0,1,0,0.0,1,0,0.0,1
1.0,1.0,6,1.0,12,2.6666666666666665,16.0,2.194444445,13.16666667,1.4763186934451555,140.7,1,6,1.1990645264164983,140.0,2.8333333300000003,1.204451156505842,1.4304347826086956,18,1.2275607958732497,1.1229617418778761,1.0,1.0,28.0,6,6,12,1.74,-10.46,10.8,1.4,1.1819062506030606,18,6,37,6,1,1,2,0,1,0,1,0,0,0.0,0,1,0.0,0
0.5,0.6,3,0.4,5,1.7619047614285714,12.33333333,1.3125,10.5,1.0138095238095237,121.0,1,2,1.2388505747126437,129.0,1.8333333300000003,1.148233215547703,1.4512849162011174,18,1.0831439393939393,1.3434108527131783,1.4,1.6,37.5,8,7,10,0.32,-9.879999999999999,7.6,2.6,1.1876220053238686,1,5,38,5,0,0,1,0,1,0,0,0,0,0.0,0,1,0.0,1
1.0,1.0,5,1.0,10,2.52,12.6,1.9666666666666668,11.8,1.168944099378882,154.7,1,5,1.194817160955946,154.0,0.7999999999999989,1.318361688720857,1.4304347826086956,18,1.2470369797307752,1.2050514162006132,1.0,1.2,1.0,6,5,10,-3.12,-11.719999999999999,9.4,-0.8,1.1819062506030606,0,5,1,5,1,1,1,0,1,0,0,0,0,0.0,0,0,0.0,1
0.0,0.0,0,0.0,0,0.0,0.0,0.0,0.0,1.0067868504772004,144.1,0,0,1.1990645264164983,170.0,0.0,1.1306197964847364,1.2130434782608694,26,1.2470369797307752,1.1278260869565218,1.6666666666666667,1.3333333333333333,2.5,8,10,12,-0.92,-17.42,16.2,0.3,1.1819062506030606,3,6,4,6,0,0,1,1,0,1,0,1,1,0.0,1,1,0.0,1
0.0,0.0,0,0.0,0,0.0,0.0,0.0,0.0,0.8455652173913043,100.0,1,0,1.1990645264164983,161.0,0.0,1.204451156505842,1.0228260869565218,27,1.117896865520728,1.1229617418778761,1.0,1.0,37.0,5,5,10,0.32,-9.879999999999999,7.6,2.6,1.1819062506030606,0,5,37,5,0,0,1,0,0,0,1,1,0,0.0,1,1,0.0,1
0.7857142857142857,0.8461538461538461,11,0.7333333333333333,22,0.721590909375,11.54545455,0.7636363633333333,11.45454545,0.8455652173913043,141.0,1,11,1.1990645264164983,120.0,0.09090910000000108,1.204451156505842,0.73904412557989,29,1.117896865520728,1.1229617418778761,1.2307692307692308,1.0,37.0,15,16,28,1.74,-10.46,10.8,1.4,1.1819062506030606,0,13,37,15,0,0,1,0,0,0,1,1,0,0.6923076923076923,1,0,0.6666666666666666,1
1.0,1.0,8,1.0,15,1.7425925922222223,15.68333333,2.08632653,14.60428571,1.547589908749329,123.4,1,7,1.1933908806863316,132.0,1.0790476200000008,1.1803969095591578,1.4404225006140996,18,1.2693138979643126,1.2414858951680476,1.125,1.0,10.0,7,9,15,2.02,-9.68,11.1,0.6,1.1743905726499018,18,8,19,7,1,1,1,0,1,0,0,0,0,0.0,0,0,0.0,1
0.0,0.0,0,0.0,0,0.0,0.0,0.0,0.0,1.1767016491754123,110.0,1,0,1.2239130434782608,133.1,0.0,1.3025204788909892,0.7491078753076292,26,1.0449937888198757,1.0880586922712827,1.0,1.0,37.0,5,5,10,-3.12,-11.719999999999999,9.4,-0.8,1.1584500394906667,0,5,37,5,0,0,1,0,0,1,0,1,1,0.0,1,0,0.0,1
1.0,1.0,8,1.0,16,1.5634375,12.5075,1.5634375,12.5075,1.547589908749329,128.2,1,8,1.1933908806863316,111.0,0.0,1.1559857057772485,1.1110212335692617,23,1.2643147284489245,1.0992070002734482,1.0,1.0,2.0,8,8,16,-3.12,-11.719999999999999,9.4,-0.8,1.1743905726499018,2,8,3,8,0,0,1,0,0,0,0,0,1,0.0,0,1,0.0,1
0.9166666666666666,1.0,6,0.8333333333333334,11,1.9166666666666667,11.5,1.7428571428571427,12.2,1.4763186934451555,126.3,1,5,1.3844319775596072,130.0,-0.6999999999999993,1.204451156505842,1.1124779073877695,19,1.3338955940090156,1.339986123959297,1.0,1.1666666666666667,38.0,7,6,12,0.79,-12.809999999999999,13.9,-0.3,1.1819062506030606,0,6,38,6,1,1,1,0,1,0,0,0,0,0.3333333333333333,0,1,0.5,1
0.8333333333333334,0.6666666666666666,4,1.0,10,1.5277777777777777,13.75,1.3148148144444445,11.83333333,1.2359420289855074,131.5,1,6,1.231159420289855,133.1,1.9166666699999997,1.1773913043478261,0.7313379542113002,39,1.2693138979643126,1.2742242031788749,1.5,1.5,19.0,9,9,12,2.02,-9.68,11.1,0.6,1.1743905726499018,0,6,19,6,1,0,1,0,0,1,0,1,0,0.0,1,0,0.0,1
0.0,0.0,0,0.0,0,0.0,0.0,0.0,0.0,1.0189981096408318,110.0,1,0,1.2011857707509879,110.0,0.0,1.3025204788909892,0.8167361524717094,35,1.233967927278964,1.2799644037630307,1.0,1.1666666666666667,19.0,7,6,12,-0.92,-17.42,16.2,0.3,1.1584500394906667,0,6,19,6,0,0,1,0,0,0,1,1,1,0.0,1,0,0.0,1
1.0,1.0,6,1.0,12,2.2777777783333333,13.66666667,2.305555555,13.83333333,1.3309782608695653,122.1,1,6,1.1939285714285715,135.0,-0.16666666000000063,1.2795454545454545,1.4512849162011174,18,1.0831439393939393,1.3434108527131783,1.0,1.0,37.5,6,6,12,-1.7,-18.099999999999998,12.7,3.7,1.1876220053238686,1,6,38,6,0,0,1,0,1,0,0,0,1,0.0,0,1,0.0,1
1.0,1.0,6,1.0,12,2.0833333333333335,12.5,1.8809523814285714,13.16666667,1.545408163265306,128.6,1,6,1.2388505747126437,137.0,-0.6666666699999997,1.148233215547703,1.4512849162011174,18,1.1182648401826485,1.2365750528541226,1.0,1.1666666666666667,2.0,7,6,12,1.79,-11.11,12.4,0.5,1.1876220053238686,2,6,3,6,1,1,1,0,1,0,0,0,0,0.0,0,0,0.0,1
0.6,0.4,2,0.8,6,0.9545454545454546,10.5,1.1666666666666667,10.5,0.640366132723112,150.8,1,4,1.194817160955946,163.0,0.0,1.2806596701649176,1.4304347826086956,18,1.2275607958732497,1.1229617418778761,2.2,1.8,28.0,9,11,10,0.32,-9.879999999999999,7.6,2.6,1.1819062506030606,18,5,37,5,0,0,1,0,1,0,0,0,1,0.0,0,1,0.0,1
0.75,0.6666666666666666,4,0.8333333333333334,9,1.1363636363636365,12.5,1.4,11.2,1.0588932806324112,116.1,1,5,1.442391304347826,121.0,1.3000000000000007,1.1968670076726344,1.2069998195922786,19,1.2693138979643126,1.3033971014492753,1.8333333333333333,1.3333333333333333,28.5,8,11,12,-4.06,-22.36,15.5,2.8,1.1743905726499018,19,6,38,6,0,0,2,0,1,0,1,0,1,0.0,0,1,0.0,0
1.0,1.0,6,1.0,12,2.25,13.5,2.4166666666666665,14.5,1.3923076923076922,110.2,1,6,1.2145569620253165,110.0,-1.0,1.2994236311239193,0.748,55,1.0831439393939393,1.0974803149606298,1.0,1.0,37.0,6,6,12,2.02,-9.68,11.1,0.6,1.1876220053238686,0,6,37,6,0,0,1,0,0,0,1,1,1,0.0,1,0,0.0,1
0.8333333333333334,0.6666666666666666,4,1.0,10,1.2777777777777777,11.5,1.4814814811111112,13.33333333,1.2067357512953367,140.0,1,6,1.0786585365853658,140.0,-1.8333333300000003,1.2795454545454545,1.2134920634920636,22,1.3909090909090909,1.059375,1.5,1.5,4.0,9,9,12,0.79,-12.809999999999999,13.9,-0.3,1.1876220053238686,0,6,4,6,0,0,1,0,0,0,0,0,0,0.16666666666666666,0,0,0.3333333333333333,1
0.0,0.0,0,0.0,0,0.0,0.0,0.0,0.0,0.9622563718140928,161.9,1,0,1.1081088290210723,151.0,0.0,1.1622608695652175,1.4102055872516233,19,1.1436586685910157,1.0820586694604504,0.0,0.0,3.0,0,0,0,0.79,-12.809999999999999,13.9,-0.3,1.2759057971014494,0,0,3,0,1,1,1,0,1,0,0,0,0,0.0,0,1,0.0,1
0.0,0.0,0,0.0,0,0.0,0.0,0.0,0.0,0.7509316770186336,115.0,1,0,1.2388505747126437,130.0,0.0,1.148233215547703,0.748,25,1.2868092691622104,1.3434108527131783,1.6,1.4,19.5,7,8,10,-0.92,-17.42,16.2,0.3,1.1876220053238686,37,5,38,5,0,0,1,0,0,0,0,0,1,0.0,1,0,0.0,1
1.0,1.0,5,1.0,10,2.6399999999999997,13.2,1.8333333333333333,11.0,0.7911983032873808,120.7,1,5,1.1803307676305388,120.0,2.1999999999999993,1.151400966183575,0.7234823625922888,39,1.0986103210077205,1.1281060708036075,1.0,1.2,37.0,6,5,10,0.32,-9.879999999999999,7.6,2.6,1.1758672525439406,0,5,37,5,0,0,1,0,0,0,1,1,0,0.0,1,0,0.0,1
0.8,0.875,7,0.7142857142857143,12,0.8690476192857143,12.16666667,0.9615384615384616,12.5,1.5568619113426172,125.4,1,5,1.2127443159154367,131.0,-0.3333333300000003,1.271562304971916,1.2294441386901487,19,1.2647449755785092,1.277410022972858,1.75,1.8571428571428572,10.0,13,14,15,-4.06,-22.36,15.5,2.8,1.1758672525439406,18,8,19,7,0,0,1,0,1,0,0,0,0,0.0,0,1,0.0,1
0.9166666666666666,0.8333333333333334,5,1.0,11,1.6,12.8,1.4074074077777778,12.66666667,1.0067868504772004,150.0,1,6,1.2542082169924211,150.0,0.13333333000000103,1.2806596701649176,1.1124779073877695,21,1.117896865520728,1.339986123959297,1.3333333333333333,1.5,37.5,9,8,12,0.79,-12.809999999999999,13.9,-0.3,1.1819062506030606,1,6,38,6,1,1,1,0,0,0,0,0,0,0.0,0,0,0.0,1
0.0,0.0,0,0.0,0,0.0,0.0,0.0,0.0,1.0296727924697446,109.1,1,0,1.2821204371076491,108.0,0.0,1.1051039697542533,1.4334342940889107,19,1.1213355347642635,1.1916457060725836,1.0,1.0,2.0,5,5,10,1.79,-11.11,12.4,0.5,1.1758672525439406,2,5,3,5,0,0,4,0,1,0,0,0,1,0.0,0,1,0.0,0
1.0,1.0,5,1.0,10,1.4166666666666667,12.75,1.7551020414285714,12.28571429,0.7509316770186336,130.2,1,5,1.1939285714285715,150.0,0.4642857100000004,1.2994236311239193,0.748,24,1.2868092691622104,1.0974803149606298,1.8,1.4,19.0,7,9,10,-0.92,-17.42,16.2,0.3,1.1876220053238686,36,5,37,5,1,1,1,0,0,0,0,0,0,0.0,1,0,0.0,1
0.6111111111111112,0.4444444444444444,4,0.7777777777777778,11,0.9464285714285714,13.25,1.1309523808333333,13.57142857,1.545408163265306,128.3,0,7,1.2783606557377047,130.0,-0.32142857000000014,1.196590909090909,1.419230769230769,23,1.2868092691622104,1.3042389210019267,1.5555555555555556,1.3333333333333333,10.0,12,14,18,3.51,-6.790000000000001,8.9,1.4,1.1876220053238686,18,9,19,9,0,0,1,1,0,1,1,0,0,0.4444444444444444,0,0,0.5555555555555556,1
0.7,0.4,2,1.0,7,2.7,13.5,2.3666666666666667,14.2,0.683695652173913,146.8,1,5,1.2783606557377047,120.0,-0.6999999999999993,1.2170068027210885,0.748,25,1.2868092691622104,1.2365750528541226,1.0,1.2,1.0,6,5,10,-0.92,-17.42,16.2,0.3,1.1876220053238686,0,5,1,5,0,0,1,0,0,0,0,0,1,0.2,1,0,0.4,1
0.8,0.8,4,0.8,8,1.8333333333333333,11.0,1.25,11.25,0.9177633108579399,136.3,1,4,1.2013971665852468,137.0,-0.25,1.1622608695652175,1.4102055872516233,18,1.25372234935164,1.2799644037630307,1.2,1.8,10.0,9,6,10,3.51,-6.790000000000001,8.9,1.4,1.1584500394906667,18,5,19,5,0,0,4,0,1,0,0,0,0,0.0,0,0,0.0,0
0.5,0.6,3,0.4,5,1.085714286,10.85714286,1.4375,11.5,1.0138095238095237,112.3,1,2,1.0786585365853658,139.0,-0.6428571400000003,1.196590909090909,1.1977777777777778,19,1.1182648401826485,1.3434108527131783,2.0,1.6,20.5,8,10,10,1.74,-10.46,10.8,1.4,1.1876220053238686,35,5,38,5,0,0,1,0,1,0,0,0,0,0.0,0,1,0.0,1
0.09090909090909091,0.0,0,0.16666666666666666,1,0.0,0.0,0.7142857142857143,10.0,1.2531772575250835,130.0,1,1,1.2013971665852468,133.1,-10.0,1.123776517538332,0.7491078753076292,24,1.25372234935164,1.2179619565217392,1.0,2.3333333333333335,1.0,14,5,11,-0.92,-17.42,16.2,0.3,1.1584500394906667,0,5,1,6,0,0,1,0,0,0,1,0,1,0.0,1,0,0.0,1
0.6666666666666666,0.6666666666666666,4,0.6666666666666666,8,0.9772727272727273,10.75,0.8666666666666667,10.4,1.433108695652174,107.3,1,4,1.1973403408186016,108.0,0.34999999999999964,1.1624045504129656,1.4102055872516233,19,1.233967927278964,1.2767270531400965,1.8333333333333333,2.0,28.5,12,11,12,1.79,-11.11,12.4,0.5,1.1584500394906667,19,6,38,6,1,1,1,0,1,0,1,0,0,0.0,0,0,0.0,1
1.0,1.0,8,1.0,15,1.735802468888889,15.62222222,1.7109375,13.6875,1.5796068796068796,126.7,1,7,1.2521505376344086,137.0,1.9347222199999994,1.155188679245283,1.214864864864865,18,1.1182648401826485,1.2365750528541226,1.125,1.1428571428571428,2.0,8,9,15,0.79,-12.809999999999999,13.9,-0.3,1.1876220053238686,2,8,3,7,0,0,4,0,1,0,0,0,0,0.0,0,1,0.0,0
0.3333333333333333,0.16666666666666666,1,0.5,4,0.6875,11.0,0.645833333125,10.33333333,1.0189981096408318,118.7,1,3,1.1973403408186016,119.0,0.6666666699999997,1.1624045504129656,1.4102055872516233,20,1.233967927278964,1.2799644037630307,2.6666666666666665,2.6666666666666665,19.0,16,16,12,1.74,-10.46,10.8,1.4,1.1584500394906667,0,6,19,6,0,0,6,0,1,0,1,0,1,0.0,0,1,0.0,0
0.9166666666666666,1.0,6,0.8333333333333334,11,1.54166666625,12.33333333,1.475,11.8,0.8409172126265634,120.0,1,5,1.2242311770943797,120.0,0.5333333299999996,1.3083536883243772,1.1581913043478262,23,1.0901394585726005,1.1019750589821369,1.3333333333333333,1.3333333333333333,37.0,8,8,12,-3.12,-11.719999999999999,9.4,-0.8,1.1743905726499018,0,6,37,6,1,1,1,0,0,0,1,0,0,0.3333333333333333,0,1,0.3333333333333333,1
0.75,0.6666666666666666,4,0.8333333333333334,9,1.15,11.5,1.3555555555555554,12.2,0.8927536231884058,126.9,1,5,1.0673369565217392,129.0,-0.6999999999999993,1.3083536883243772,1.4404225006140996,19,1.2693138979643126,1.3033971014492753,1.6666666666666667,1.5,28.5,9,10,12,0.32,-9.879999999999999,7.6,2.6,1.1743905726499018,19,6,38,6,1,1,1,0,1,0,0,0,0,0.0,0,1,0.0,1
0.9,0.8,4,1.0,9,1.9583333333333333,11.75,1.77083333375,14.16666667,1.2130202278539874,123.2,1,5,1.1990645264164983,120.0,-2.4166666699999997,1.1004459308807135,1.4304347826086956,20,1.117896865520728,1.1229617418778761,1.2,1.6,37.0,8,6,10,-3.12,-11.719999999999999,9.4,-0.8,1.1819062506030606,0,5,37,5,0,0,1,0,1,0,0,0,0,0.0,0,0,0.0,1
0.8571428571428571,0.8571428571428571,6,0.8571428571428571,12,1.6,12.8,1.1272727272727272,12.4,1.1606324110671935,117.8,1,6,1.194817160955946,118.0,0.40000000000000036,1.1306197964847364,1.2130434782608694,19,1.3338955940090156,1.339986123959297,1.1428571428571428,1.5714285714285714,38.0,11,8,14,2.02,-9.68,11.1,0.6,1.1819062506030606,0,7,38,7,1,1,6,0,1,0,1,0,0,0.0,0,1,0.0,0
1.0,1.0,6,1.0,12,2.1666666666666665,13.0,2.2777777783333333,13.66666667,1.545408163265306,148.9,1,6,1.2388505747126437,145.0,-0.6666666699999997,1.2994236311239193,1.4512849162011174,18,1.2662162162162163,1.0974803149606298,1.0,1.0,28.0,6,6,12,1.74,-10.46,10.8,1.4,1.1876220053238686,18,6,37,6,1,1,1,0,1,0,0,0,0,0.0,0,1,0.0,1
1.0,1.0,8,1.0,15,1.1956250000000002,11.95625,1.188888889,11.88888889,1.129933110367893,116.3,1,7,1.1803307676305388,118.0,0.06736111000000022,1.151400966183575,1.4334342940889107,20,1.2576025080438908,1.3335857352222766,1.25,1.4285714285714286,28.5,10,10,15,-1.7,-18.099999999999998,12.7,3.7,1.1758672525439406,19,8,38,7,1,1,1,0,1,0,1,0,0,0.0,0,1,0.0,1
0.9333333333333333,1.0,8,0.8571428571428571,14,1.5609375,12.4875,1.9130952385714284,13.39166667,1.5796068796068796,128.8,1,6,1.1939285714285715,140.0,-0.9041666699999986,1.148233215547703,1.4512849162011174,18,1.2868092691622104,1.3042389210019267,1.0,1.0,10.0,7,8,15,1.79,-11.11,12.4,0.5,1.1876220053238686,18,8,19,7,0,0,1,0,1,0,1,0,1,0.0,0,0,0.0,1
0.5,0.6,3,0.4,5,1.259259258888889,11.33333333,1.25,10.0,0.9895400126023945,117.8,1,2,1.1990645264164983,130.0,1.3333333300000003,1.204451156505842,1.4304347826086956,18,1.117896865520728,1.1229617418778761,1.8,1.6,37.0,8,9,10,0.32,-9.879999999999999,7.6,2.6,1.1819062506030606,0,5,37,5,0,0,2,0,1,0,1,0,0,0.0,0,0,0.0,0
0.0,0.0,0,0.0,0,0.0,0.0,0.0,0.0,0.7367809883877936,130.0,0,0,1.1973403408186016,110.0,0.0,1.1624045504129656,0.7491078753076292,42,1.0449937888198757,1.0880586922712827,0.0,1.0,37.0,4,0,9,-1.7,-18.099999999999998,12.7,3.7,1.1584500394906667,0,5,37,4,0,0,1,0,0,0,1,1,1,0.0,1,0,0.0,1
0.4166666666666667,0.3333333333333333,2,0.5,5,0.8928571428571429,12.5,0.777777778,11.66666667,1.0605978260869566,121.9,1,3,1.2127443159154367,125.0,0.8333333300000003,1.0612395929694727,1.4334342940889107,18,1.2647449755785092,1.146645195920558,2.3333333333333335,2.5,2.0,15,14,12,1.74,-10.46,10.8,1.4,1.1758672525439406,2,6,3,6,0,0,1,0,1,0,0,0,1,0.0,0,1,0.0,1
0.0,0.0,0,0.0,0,0.0,0.0,0.0,0.0,0.9622563718140928,120.2,1,0,1.2013971665852468,117.0,0.0,1.1624045504129656,1.4102055872516233,19,1.2919274890242176,1.2767270531400965,0.0,0.0,38.0,0,0,0,0.32,-9.879999999999999,7.6,2.6,1.1584500394906667,0,0,38,0,0,0,2,0,1,0,0,0,1,0.0,0,1,0.0,0
0.3,0.2,1,0.4,3,2.2,11.0,1.9166666666666667,11.5,0.7812111801242235,130.0,0,2,0.848136645962733,130.0,-0.5,1.1622608695652175,0.8167361524717094,27,1.233967927278964,1.0880586922712827,1.0,1.2,28.0,6,5,10,-1.7,-18.099999999999998,12.7,3.7,1.1584500394906667,18,5,37,5,0,0,3,1,0,1,0,1,0,0.0,1,0,0.2,0
1.0,1.0,6,1.0,12,1.9523809528571427,13.66666667,1.8367346942857143,12.85714286,1.545408163265306,127.1,1,6,1.2388505747126437,132.0,0.80952381,1.148233215547703,1.225164113785558,19,1.2868092691622104,1.3042389210019267,1.1666666666666667,1.1666666666666667,10.0,7,7,12,0.79,-12.809999999999999,13.9,-0.3,1.1876220053238686,18,6,19,6,0,0,1,0,1,0,0,0,0,0.0,0,1,0.0,1
1.0,1.0,6,1.0,12,1.796875,14.375,2.1111111116666668,12.66666667,1.2413610586011343,134.5,1,6,1.1803307676305388,138.0,1.7083333300000003,1.197718162195498,1.152445652173913,19,1.2576025080438908,1.1916457060725836,1.3333333333333333,1.0,10.0,6,8,12,1.79,-11.11,12.4,0.5,1.1758672525439406,18,6,19,6,0,0,1,0,1,0,0,0,0,0.0,0,1,0.0,1
0.2,0.4,2,0.0,2,1.8125,14.5,0.0,0.0,0.640366132723112,129.0,1,0,1.2550901378579005,160.0,14.5,1.318361688720857,0.73904412557989,24,1.3338955940090156,1.1229617418778761,1.6,1.8,37.5,9,8,10,0.32,-9.879999999999999,7.6,2.6,1.1819062506030606,1,5,38,5,0,0,1,0,0,0,1,0,1,0.0,1,0,0.0,1
1.0,1.0,6,1.0,12,1.9795918371428571,13.85714286,2.3333333333333335,14.0,1.3746562616127835,133.1,1,6,1.2099177438307875,138.0,-0.14285714000000027,1.264619822790027,1.4304347826086956,18,1.3338955940090156,1.1229617418778761,1.1666666666666667,1.0,37.5,6,7,12,3.51,-6.790000000000001,8.9,1.4,1.1819062506030606,1,6,38,6,0,0,1,0,1,0,1,0,1,0.0,0,0,0.0,1
0.75,0.6666666666666666,4,0.8333333333333334,9,1.65625,13.25,1.47916666625,11.83333333,1.140246768507638,110.0,1,5,1.3066447908121412,110.0,1.4166666699999997,1.1672994488671158,0.9819806763285025,21,1.2576025080438908,1.146645195920558,1.3333333333333333,1.3333333333333333,11.0,8,8,12,-0.92,-17.42,16.2,0.3,1.1758672525439406,16,6,19,6,0,0,1,0,0,0,0,0,0,0.0,0,0,0.0,1
1.0,1.0,8,1.0,16,1.65609375,13.24875,1.65609375,13.24875,1.5717231848623365,126.8,1,8,1.056521739130435,141.0,0.0,1.139830755763058,1.4304347826086956,18,1.100568702990277,1.2921636019934695,1.0,1.0,11.0,8,8,16,-3.12,-11.719999999999999,9.4,-0.8,1.1819062506030606,16,8,19,8,0,0,3,0,1,0,0,0,1,0.0,0,1,0.0,0
1.0,1.0,6,1.0,12,2.305555555,13.83333333,2.1111111116666668,12.66666667,1.4763186934451555,141.7,1,6,1.2542082169924211,127.0,1.1666666600000006,1.264619822790027,1.4304347826086956,22,1.2470369797307752,1.2921636019934695,1.0,1.0,10.0,6,6,12,1.74,-10.46,10.8,1.4,1.1819062506030606,18,6,19,6,0,0,1,0,0,0,0,0,1,0.0,0,1,0.0,1
1.0,1.0,8,1.0,15,1.7140625,13.7125,1.590625,12.725,1.5568619113426172,115.2,1,7,1.2127443159154367,119.0,0.9875000000000007,1.1051039697542533,1.4334342940889107,20,1.2647449755785092,1.1916457060725836,1.0,1.1428571428571428,1.0,8,8,15,0.79,-12.809999999999999,13.9,-0.3,1.1758672525439406,0,8,1,7,1,1,2,0,1,0,1,0,0,0.0,0,1,0.0,0
0.9166666666666666,0.8333333333333334,5,1.0,11,1.216666667,12.16666667,1.3333333333333333,12.0,0.8265111346765641,127.8,1,6,1.225732834939996,132.0,0.16666666999999968,1.0542490118577075,1.2069998195922786,18,1.218035426731079,1.2414858951680476,1.6666666666666667,1.5,1.5,9,10,12,2.02,-9.68,11.1,0.6,1.1743905726499018,1,6,2,6,0,0,1,0,1,0,0,0,1,0.0,0,0,0.0,1
1.0,1.0,8,1.0,16,1.7815625,14.2525,1.7815625,14.2525,1.5717231848623365,148.8,1,8,1.2542082169924211,136.0,0.0,1.189437963944857,1.08159111933395,19,1.2470369797307752,1.2050514162006132,1.0,1.0,1.0,8,8,16,-3.12,-11.719999999999999,9.4,-0.8,1.1819062506030606,0,8,1,8,1,1,3,0,1,0,1,0,0,0.0,0,1,0.0,0
0.9166666666666666,0.8333333333333334,5,1.0,11,1.5714285714285714,11.0,1.805555555,10.83333333,1.0588932806324112,123.0,0,6,1.225732834939996,133.1,0.16666666999999968,1.3083536883243772,0.7313379542113002,28,1.2693138979643126,1.2742242031788749,1.1666666666666667,1.0,19.0,6,7,12,0.79,-12.809999999999999,13.9,-0.3,1.1743905726499018,0,6,19,6,1,0,1,1,0,1,0,1,0,0.0,1,0,0.0,1
0.5833333333333334,0.6666666666666666,4,0.5,7,2.0416666666666665,12.25,0.8205128207692307,10.66666667,1.168944099378882,120.7,0,3,1.2542082169924211,134.0,1.5833333300000003,1.189437963944857,1.0228260869565218,19,1.2470369797307752,1.339986123959297,1.0,2.1666666666666665,19.5,13,6,12,-4.06,-22.36,15.5,2.8,1.1819062506030606,37,6,38,6,0,0,1,1,1,1,1,0,0,0.0,0,0,0.0,1
1.0,1.0,6,1.0,12,2.2777777783333333,13.66666667,2.305555555,13.83333333,1.2768658451522903,113.0,1,6,1.1933908806863316,121.0,-0.16666666000000063,1.3083536883243772,1.4404225006140996,19,1.2693138979643126,1.3033971014492753,1.0,1.0,28.5,6,6,12,2.02,-9.68,11.1,0.6,1.1743905726499018,19,6,38,6,0,0,3,0,1,0,0,0,1,0.0,0,1,0.0,0
0.2857142857142857,0.2857142857142857,2,0.2857142857142857,4,0.9583333333333334,11.5,1.1538461538461537,15.0,0.9138586956521739,96.1,1,2,1.1973403408186016,133.1,-3.5,1.1624045504129656,0.7491078753076292,25,1.233967927278964,1.0880586922712827,1.7142857142857142,1.8571428571428572,28.0,13,12,14,1.79,-11.11,12.4,0.5,1.1584500394906667,18,7,37,7,0,0,1,0,0,0,1,0,1,0.0,1,0,0.0,1
0.85,0.8888888888888888,8,0.8181818181818182,17,0.7936507935714285,11.11111111,0.6608187136842105,12.55555556,0.9895400126023945,140.2,1,9,1.056521739130435,140.0,-1.4444444500000007,1.1004459308807135,1.339799331103679,20,1.100568702990277,1.1278260869565218,1.5555555555555556,1.7272727272727273,3.5,19,14,20,3.51,-6.790000000000001,8.9,1.4,1.1819062506030606,1,9,4,11,0,0,1,0,1,0,0,0,0,0.3333333333333333,0,0,0.5454545454545454,1
0.0,0.0,0,0.0,0,0.0,0.0,0.0,0.0,1.2130202278539874,134.2,1,0,1.2542082169924211,130.0,0.0,1.1004459308807135,1.4304347826086956,20,1.131055900621118,1.2921636019934695,1.0,2.6,14.0,13,5,10,-3.12,-11.719999999999999,9.4,-0.8,1.1819062506030606,10,5,19,5,0,0,1,0,1,0,0,0,0,0.0,0,1,0.0,1
1.0,1.0,5,1.0,10,1.54166666625,12.33333333,1.35,13.5,0.9177633108579399,117.8,1,5,1.2013971665852468,122.0,-1.1666666699999997,1.245065950170982,1.184466819221968,20,0.8976284584980238,1.2799644037630307,1.6,2.0,15.5,10,8,10,0.79,-12.809999999999999,13.9,-0.3,1.1584500394906667,7,5,19,5,0,0,1,0,1,0,0,0,0,0.0,0,1,0.0,1
0.9,0.8,4,1.0,9,1.0520833333333333,12.625,2.32,11.6,0.9177633108579399,129.5,1,5,1.2013971665852468,134.0,1.0250000000000004,1.245065950170982,1.184466819221968,18,1.233967927278964,1.2767270531400965,2.4,1.0,28.5,5,12,10,1.74,-10.46,10.8,1.4,1.1584500394906667,19,5,38,5,1,1,1,0,1,0,0,0,0,0.0,0,0,0.0,1
0.3333333333333333,0.3333333333333333,2,0.3333333333333333,4,0.7333333333333333,11.0,0.9090909090909091,10.0,0.901159420289855,142.8,1,2,1.1973403408186016,147.0,1.0,1.1624045504129656,1.184466819221968,23,1.0449937888198757,1.0880586922712827,2.5,1.8333333333333333,37.0,11,15,12,0.32,-9.879999999999999,7.6,2.6,1.1584500394906667,0,6,37,6,0,0,1,0,0,0,1,0,0,0.0,0,1,0.0,1
0.0,0.0,0,0.0,0,0.0,0.0,0.0,0.0,0.640366132723112,143.4,1,0,0.8377574370709383,130.0,0.0,0.8144268774703558,0.73904412557989,29,1.2470369797307752,1.339986123959297,0.0,1.0,19.5,3,0,8,1.74,-10.46,10.8,1.4,1.1819062506030606,37,5,38,3,0,0,1,0,0,0,1,1,1,0.0,1,0,0.0,1
1.0,1.0,5,1.0,10,1.7,10.2,1.5142857142857142,10.6,0.7509316770186336,150.0,1,5,1.1939285714285715,172.0,-0.40000000000000036,1.3345945945945945,0.748,28,1.2662162162162163,1.0974803149606298,1.2,1.4,28.0,7,6,10,-3.12,-11.719999999999999,9.4,-0.8,1.1876220053238686,18,5,37,5,1,1,2,0,0,0,0,1,0,0.0,1,1,0.0,0
0.8333333333333334,0.6666666666666666,4,1.0,10,1.3272727272727272,14.6,1.484375,11.875,1.1767016491754123,117.2,1,6,1.2239130434782608,120.0,2.7249999999999996,1.1622608695652175,1.184466819221968,18,1.25372234935164,1.2799644037630307,1.8333333333333333,1.3333333333333333,10.0,8,11,12,2.02,-9.68,11.1,0.6,1.1584500394906667,18,6,19,6,0,0,4,0,1,0,1,0,0,0.0,0,1,0.0,0
0.3333333333333333,0.16666666666666666,1,0.5,4,0.631578947368421,12.0,0.8076923076923077,10.5,1.2067357512953367,141.7,1,3,1.2388505747126437,140.0,1.5,0.9646551724137932,0.748,27,1.1182648401826485,1.124342105263158,3.1666666666666665,2.1666666666666665,3.0,13,19,12,1.79,-11.11,12.4,0.5,1.1876220053238686,0,6,3,6,0,0,1,0,0,0,0,1,0,0.0,1,1,0.0,1
0.9,1.0,10,0.8,18,1.1166666666666667,13.4,0.9743589746153846,12.66666667,0.7509316770186336,130.0,1,8,1.2145569620253165,130.0,0.7333333300000007,1.2770334928229667,0.7888888888888889,26,1.2662162162162163,1.3042389210019267,1.2,1.3,19.0,13,12,20,2.02,-9.68,11.1,0.6,1.1876220053238686,0,10,19,10,0,0,1,0,0,0,0,1,0,0.5,1,0,0.5,1
0.75,0.6666666666666666,4,0.8333333333333334,9,1.0227272727272727,11.25,1.575,12.6,1.433108695652174,146.0,1,5,1.1973403408186016,130.0,-1.3499999999999996,1.1663749294184076,0.7491078753076292,34,1.233967927278964,1.2767270531400965,1.8333333333333333,1.3333333333333333,28.5,8,11,12,1.79,-11.11,12.4,0.5,1.1584500394906667,19,6,38,6,0,0,1,0,0,0,0,1,1,0.0,1,0,0.0,1
0.9,0.8,4,1.0,9,1.54166666625,12.33333333,2.1,12.6,1.1776659038901602,122.0,1,5,0.8501863354037267,130.0,-0.26666666999999933,0.8821256038647343,1.4334342940889107,20,1.2576025080438908,1.277410022972858,1.6,1.2,19.0,6,8,10,0.32,-9.879999999999999,7.6,2.6,1.1758672525439406,0,5,19,5,0,0,2,0,1,0,1,0,0,0.0,0,0,0.0,0
0.875,0.875,7,0.875,14,1.775,14.2,1.775,14.2,1.5568619113426172,134.3,1,7,1.2127443159154367,147.0,0.0,1.1051039697542533,1.4334342940889107,18,1.2647449755785092,1.1916457060725836,1.0,1.0,1.0,8,8,16,-1.7,-18.099999999999998,12.7,3.7,1.1758672525439406,0,8,1,8,0,0,3,0,1,0,1,0,0,0.0,0,1,0.0,0
0.0,0.0,0,0.0,0,0.0,0.0,0.0,0.0,1.2768658451522903,122.8,1,0,1.1933908806863316,121.0,0.0,1.1782208343342142,1.4404225006140996,19,1.2693138979643126,1.2742242031788749,0.0,0.0,19.0,0,0,12,1.79,-11.11,12.4,0.5,1.1743905726499018,0,6,19,6,0,0,2,0,1,0,1,0,1,0.0,0,0,0.0,0
0.75,0.5,3,1.0,9,1.2121212118181819,13.33333333,1.5625,12.5,0.7812111801242235,150.0,1,6,1.1973403408186016,150.0,0.8333333300000003,1.3025204788909892,1.2388849929873773,21,1.0449937888198757,1.0880586922712827,1.8333333333333333,1.3333333333333333,37.0,8,11,12,0.79,-12.809999999999999,13.9,-0.3,1.1584500394906667,0,6,37,6,0,0,1,0,0,0,0,0,1,0.0,0,1,0.16666666666666666,1
0.0,0.0,0,0.0,0,0.0,0.0,0.0,0.0,1.0411544227886058,120.0,1,0,1.3003910743041178,120.0,0.0,1.1803969095591578,1.1581913043478262,23,1.2357226792009401,1.2742242031788749,1.3333333333333333,1.0,28.5,6,8,12,-4.06,-22.36,15.5,2.8,1.1743905726499018,19,6,38,6,0,0,1,0,0,0,0,0,1,0.0,0,0,0.0,1
0.5,0.6,3,0.4,5,1.25,10.0,1.15,11.5,0.9895400126023945,113.5,1,2,1.1990645264164983,118.0,-1.5,1.264619822790027,1.2130434782608694,20,1.2275607958732497,1.2050514162006132,1.6,2.0,10.0,10,8,10,2.02,-9.68,11.1,0.6,1.1819062506030606,18,5,19,5,0,0,2,0,1,1,0,0,0,0.0,0,1,0.0,0
1.0,1.0,8,1.0,15,1.4345679011111112,12.91111111,1.348611111111111,12.1375,1.5796068796068796,117.9,1,7,1.2388505747126437,128.0,0.7736111100000009,1.2770334928229667,1.4512849162011174,19,1.2868092691622104,1.0974803149606298,1.125,1.2857142857142858,19.0,9,9,15,1.79,-11.11,12.4,0.5,1.1876220053238686,36,8,37,7,1,1,4,0,1,0,0,0,0,0.0,0,1,0.0,0
0.8333333333333334,0.8333333333333334,5,0.8333333333333334,10,0.8,12.0,0.8367346935714286,11.71428571,1.0067868504772004,130.0,1,5,1.3844319775596072,130.0,0.2857142899999996,1.183961352657005,1.1124779073877695,20,1.2470369797307752,1.1229617418778761,2.5,2.3333333333333335,19.0,14,15,12,-0.92,-17.42,16.2,0.3,1.1819062506030606,36,6,37,6,0,0,1,0,1,0,1,0,1,0.0,0,1,0.0,1
1.0,1.0,6,1.0,12,1.3166666666666667,15.8,1.0625,14.875,1.0140521739130435,150.0,1,6,1.2127443159154367,150.0,0.9250000000000007,1.201176855181432,0.7327294685990338,28,1.2647449755785092,1.1916457060725836,2.0,2.3333333333333335,1.0,14,12,12,-0.92,-17.42,16.2,0.3,1.1758672525439406,0,6,1,6,0,0,1,0,0,0,0,1,1,0.0,1,0,0.0,1
0.8333333333333334,0.6666666666666666,4,1.0,10,1.3,13.0,1.57142857125,12.57142857,1.0588932806324112,130.0,1,6,1.1933908806863316,140.0,0.42857142999999986,1.2816864295125163,1.4404225006140996,21,1.2693138979643126,1.2742242031788749,1.6666666666666667,1.3333333333333333,19.0,8,10,12,-1.7,-18.099999999999998,12.7,3.7,1.1743905726499018,0,6,19,6,0,0,1,0,0,0,0,0,1,0.0,0,0,0.0,1
0.6666666666666666,0.6666666666666666,4,0.6666666666666666,8,2.1666666666666665,13.0,1.8,12.6,1.1065804935370154,114.3,1,4,1.1933908806863316,115.0,0.40000000000000036,1.1782208343342142,1.4404225006140996,18,1.2693138979643126,1.1019750589821369,1.0,1.1666666666666667,28.0,7,6,12,1.79,-11.11,12.4,0.5,1.1743905726499018,18,6,37,6,0,0,1,0,1,0,1,0,1,0.0,0,0,0.0,1
1.0,1.0,6,1.0,12,2.1111111116666668,12.66666667,2.4166666666666665,14.5,1.4763186934451555,111.6,1,6,1.2099177438307875,120.0,-1.8333333300000003,1.264619822790027,1.4304347826086956,20,1.100568702990277,1.052902889872429,1.0,1.0,3.0,6,6,12,1.79,-11.11,12.4,0.5,1.1819062506030606,0,6,3,6,0,0,1,0,1,0,1,0,0,0.0,0,0,0.0,1
0.875,0.875,7,0.875,14,1.7625,14.1,1.7625,14.1,1.5796068796068796,136.3,1,7,1.2388505747126437,141.0,0.0,1.155188679245283,1.4512849162011174,19,1.2428571428571429,1.2365750528541226,1.0,1.0,1.5,8,8,16,1.74,-10.46,10.8,1.4,1.1876220053238686,1,8,2,8,0,0,6,0,1,0,1,0,0,0.0,0,1,0.0,0
0.8333333333333334,0.8333333333333334,5,0.8333333333333334,10,1.1800000000000002,11.8,1.3777777777777778,12.4,0.8927536231884058,114.3,1,5,1.1933908806863316,110.0,-0.5999999999999996,1.1697181559973782,1.4404225006140996,42,1.0901394585726005,1.1019750589821369,1.6666666666666667,1.5,37.0,9,10,12,0.32,-9.879999999999999,7.6,2.6,1.1743905726499018,0,6,37,6,0,0,1,0,0,0,0,1,1,0.0,1,1,0.0,1
0.5833333333333334,0.5,3,0.6666666666666666,7,1.0,11.0,1.1136363636363635,12.25,1.2840579710144928,114.8,1,4,1.1990645264164983,120.0,-1.25,1.204451156505842,1.4304347826086956,19,1.3338955940090156,1.1229617418778761,1.8333333333333333,1.8333333333333333,37.5,11,11,12,0.32,-9.879999999999999,7.6,2.6,1.1819062506030606,1,6,38,6,0,0,1,0,1,0,1,0,0,0.0,0,1,0.0,1
0.08333333333333333,0.0,0,0.16666666666666666,1,0.0,0.0,1.2,12.0,1.0067868504772004,130.0,1,1,1.1990645264164983,133.1,-12.0,1.204451156505842,0.73904412557989,44,1.117896865520728,1.1229617418778761,1.0,1.6666666666666667,37.0,10,6,12,2.02,-9.68,11.1,0.6,1.1819062506030606,0,6,37,6,0,0,1,0,0,0,1,1,0,0.0,1,0,0.0,1
0.8333333333333334,0.8333333333333334,5,0.8333333333333334,10,0.8666666666666667,10.4,1.55,12.4,0.880909090909091,133.0,1,5,1.1939285714285715,141.0,-2.0,1.196590909090909,1.4512849162011174,18,1.0831439393939393,1.3042389210019267,2.0,1.3333333333333333,28.0,8,12,12,-3.12,-11.719999999999999,9.4,-0.8,1.1876220053238686,18,6,37,6,0,0,5,0,1,0,0,0,0,0.0,0,1,0.0,0
0.9166666666666666,0.8333333333333334,5,1.0,11,1.26,12.6,1.2840909090909092,14.125,1.0067868504772004,118.4,1,6,1.194817160955946,131.0,-1.5250000000000004,1.1306197964847364,1.4304347826086956,20,1.2275607958732497,1.339986123959297,1.6666666666666667,1.8333333333333333,28.5,11,10,12,0.79,-12.809999999999999,13.9,-0.3,1.1819062506030606,19,6,38,6,0,0,1,0,1,0,1,0,0,0.0,0,0,0.0,1
0.6666666666666666,0.5,3,0.8333333333333334,8,0.7368421052631579,14.0,1.1168831172727272,12.28571429,1.1621118012422362,128.5,1,5,1.442391304347826,132.0,1.7142857100000004,1.1968670076726344,1.4404225006140996,18,1.218035426731079,1.1505314009661836,3.1666666666666665,1.8333333333333333,2.0,11,19,12,1.79,-11.11,12.4,0.5,1.1743905726499018,0,6,2,6,0,0,1,0,1,0,1,0,0,0.0,0,0,0.0,1
0.0,0.0,0,0.0,0,0.0,0.0,0.0,0.0,1.0972332015810278,142.7,1,0,1.1990645264164983,143.0,0.0,1.204451156505842,1.4304347826086956,18,1.100568702990277,1.1229617418778761,0.0,0.0,20.0,0,0,0,-0.92,-17.42,16.2,0.3,1.1819062506030606,34,0,37,0,0,0,1,0,1,0,1,0,0,0.0,0,1,0.0,1
0.875,0.9090909090909091,10,0.8461538461538461,21,1.1454545454545455,12.6,0.9790209792307691,12.72727273,1.2359420289855074,138.0,1,11,1.1478260869565218,140.0,-0.1272727299999996,1.1108695652173912,0.9677345537757437,21,1.2693138979643126,1.1019750589821369,1.0,1.0,28.0,13,11,24,3.51,-6.790000000000001,8.9,1.4,1.1743905726499018,18,11,37,13,1,0,1,0,0,1,0,0,0,0.8181818181818182,0,1,1.0,1
0.875,0.875,7,0.875,14,1.78928571375,14.31428571,1.78928571375,14.31428571,1.543190537084399,126.7,1,7,1.0242050616482803,141.0,0.0,1.0402415458937198,1.0364130434782608,18,1.25372234935164,1.2799644037630307,1.0,1.0,10.0,8,8,16,-1.7,-18.099999999999998,12.7,3.7,1.1584500394906667,18,8,19,8,1,1,6,0,1,0,1,0,0,0.0,0,1,0.0,0
1.0,1.0,6,1.0,12,1.60416666625,12.83333333,2.1388888883333332,12.83333333,1.3309782608695653,129.6,1,6,1.1939285714285715,125.0,0.0,1.2994236311239193,1.4512849162011174,18,1.2662162162162163,1.3042389210019267,1.3333333333333333,1.0,19.0,6,8,12,1.79,-11.11,12.4,0.5,1.1876220053238686,0,6,19,6,0,0,4,0,1,0,0,0,1,0.0,0,1,0.0,0
0.6666666666666666,0.6666666666666666,4,0.6666666666666666,8,1.71875,13.75,0.8653846153846154,11.25,1.49416149068323,110.0,1,4,1.1933908806863316,120.0,2.5,1.1782208343342142,1.0102538326212618,34,1.0901394585726005,1.1019750589821369,1.3333333333333333,2.1666666666666665,37.0,13,8,12,0.79,-12.809999999999999,13.9,-0.3,1.1743905726499018,0,6,37,6,0,0,1,0,0,1,1,1,0,0.0,1,0,0.0,1
0.8333333333333334,0.8333333333333334,5,0.8333333333333334,10,1.9666666666666668,11.8,1.8,12.6,1.3309782608695653,122.2,0,5,1.1939285714285715,125.0,-0.7999999999999989,1.196590909090909,1.214864864864865,18,1.2662162162162163,1.0974803149606298,1.0,1.1666666666666667,28.0,7,6,12,2.02,-9.68,11.1,0.6,1.1876220053238686,18,6,37,6,0,0,1,0,1,0,0,0,0,0.0,0,0,0.0,1
0.0,0.0,0,0.0,0,0.0,0.0,0.0,0.0,1.0067868504772004,110.0,0,0,1.1990645264164983,123.0,0.0,1.204451156505842,0.73904412557989,48,1.117896865520728,1.1229617418778761,1.0,1.0,37.0,6,6,12,2.02,-9.68,11.1,0.6,1.1819062506030606,0,6,37,6,0,0,1,1,0,1,1,1,0,0.0,1,0,0.0,1
0.8333333333333334,0.8333333333333334,5,0.8333333333333334,10,1.55,12.4,1.15,11.5,1.433108695652174,146.5,0,5,1.1973403408186016,150.0,0.9000000000000004,1.1624045504129656,1.4009057971014494,22,1.233967927278964,1.2179619565217392,1.3333333333333333,1.6666666666666667,10.0,10,8,12,0.79,-12.809999999999999,13.9,-0.3,1.3678743961352657,18,6,19,6,0,0,1,1,0,1,1,0,1,0.0,0,1,0.0,1
0.6666666666666666,0.75,9,0.5833333333333334,16,0.5906432747368422,11.22222222,0.7058823529411765,12.0,1.0411544227886058,110.0,1,7,1.1933908806863316,133.1,-0.7777777799999992,1.1782208343342142,0.7313379542113002,49,1.0901394585726005,1.1019750589821369,1.5833333333333333,1.4166666666666667,37.0,17,19,24,-4.06,-22.36,15.5,2.8,1.1743905726499018,0,12,37,12,0,0,1,0,0,0,1,1,1,0.25,1,0,0.5,1
0.6666666666666666,0.3333333333333333,2,1.0,8,1.8333333333333333,11.0,2.0,12.0,1.2768658451522903,119.0,0,6,1.1933908806863316,120.0,-1.0,1.1782208343342142,1.4404225006140996,18,1.2643147284489245,1.2414858951680476,1.0,1.0,1.0,6,6,12,2.02,-9.68,11.1,0.6,1.1612648221343873,0,6,1,6,0,0,2,1,1,1,1,0,0,0.0,0,1,0.0,0
0.9,0.8,4,1.0,9,1.8571428571428572,13.0,1.4074074077777778,12.66666667,1.2021517302573204,131.0,1,5,1.2011857707509879,138.0,0.3333333300000003,1.3025204788909892,1.4102055872516233,18,1.233967927278964,1.2799644037630307,1.4,1.8,19.0,9,7,10,-3.12,-11.719999999999999,9.4,-0.8,1.1584500394906667,0,5,19,5,0,0,1,0,1,0,1,0,0,0.0,0,1,0.0,1
1.0,1.0,5,1.0,10,2.7199999999999998,13.6,1.2083333333333333,14.5,1.2067357512953367,124.1,1,5,1.0786585365853658,140.0,-0.9000000000000004,1.155188679245283,1.4512849162011174,18,1.1182648401826485,1.2365750528541226,1.0,2.4,2.0,12,5,10,-3.12,-11.719999999999999,9.4,-0.8,1.1876220053238686,2,5,3,5,0,0,1,0,1,0,0,0,0,0.0,0,0,0.0,1
0.9166666666666666,1.0,6,0.8333333333333334,11,1.0649350645454545,11.71428571,1.05,12.6,1.0140521739130435,140.0,1,5,1.1803307676305388,140.0,-0.8857142899999992,1.0612395929694727,1.156304347826087,22,1.2647449755785092,1.3335857352222766,1.8333333333333333,2.0,19.5,12,11,12,1.79,-11.11,12.4,0.5,1.1758672525439406,37,6,38,6,0,0,1,0,0,0,0,0,1,0.0,0,1,0.0,1
0.8,0.8,4,0.8,8,2.107142857142857,14.75,2.0357142857142856,14.25,1.0296727924697446,148.8,1,4,1.3066447908121412,150.0,0.5,1.271562304971916,0.7234823625922888,25,1.0986103210077205,1.1916457060725836,1.4,1.4,19.0,7,7,10,-1.7,-18.099999999999998,12.7,3.7,1.1758672525439406,36,5,37,5,1,1,1,0,0,0,0,0,1,0.0,1,0,0.0,1
0.2,0.2,1,0.2,2,1.0,10.0,1.1111111111111112,10.0,1.0288695652173914,118.5,1,1,1.1933908806863316,115.0,0.0,1.2021125030704987,1.4404225006140996,21,1.2357226792009401,1.2414858951680476,2.0,1.8,19.5,9,10,10,0.32,-9.879999999999999,7.6,2.6,1.1743905726499018,37,5,38,5,0,0,1,0,0,0,0,0,1,0.0,0,0,0.0,1
0.7,1.0,5,0.4,7,2.1,12.6,0.8571428571428571,12.0,0.8265111346765641,115.9,1,2,1.0673369565217392,130.0,0.5999999999999996,1.1782208343342142,1.2069998195922786,18,1.1418478260869565,1.2742242031788749,1.2,2.8,11.0,14,6,10,-3.12,-11.719999999999999,9.4,-0.8,1.1743905726499018,16,5,19,5,0,0,1,0,1,0,0,0,0,0.0,0,0,0.0,1
1.0,1.0,6,1.0,12,1.4126984122222224,12.71428571,1.3125,13.125,1.1767016491754123,116.1,1,6,1.2013971665852468,122.0,-0.4107142899999996,1.123776517538332,1.4102055872516233,19,1.25372234935164,1.2799644037630307,1.5,1.6666666666666667,10.0,10,9,12,2.02,-9.68,11.1,0.6,1.1584500394906667,18,6,19,6,1,1,2,0,1,0,1,0,1,0.0,0,0,0.0,0
0.25,0.16666666666666666,1,0.3333333333333333,3,1.8333333333333333,11.0,2.0,12.0,1.3723199468967806,121.4,1,2,1.3003910743041178,134.0,-1.0,1.1697181559973782,1.1509476031215162,18,1.2643147284489245,1.2414858951680476,1.0,1.0,1.0,6,6,12,-3.12,-11.719999999999999,9.4,-0.8,1.1743905726499018,0,6,1,6,0,0,3,0,1,0,0,0,0,0.0,0,0,0.0,0
0.9166666666666666,0.8333333333333334,5,1.0,11,1.34,13.4,2.2222222216666667,13.33333333,1.168944099378882,135.4,1,6,1.2542082169924211,121.0,0.06666667000000004,1.318361688720857,1.4304347826086956,19,1.2470369797307752,1.2921636019934695,1.6666666666666667,1.0,10.0,6,10,12,3.51,-6.790000000000001,8.9,1.4,1.1819062506030606,18,6,19,6,1,1,2,0,1,0,0,0,0,0.0,0,1,0.0,0
1.0,1.0,8,1.0,16,1.4702777777777778,13.2325,1.4702777777777778,13.2325,1.5717231848623365,133.8,1,8,1.2550901378579005,146.0,0.0,1.318361688720857,1.4304347826086956,19,1.2275607958732497,1.1229617418778761,1.125,1.125,28.0,9,9,16,-3.12,-11.719999999999999,9.4,-0.8,1.1819062506030606,18,8,37,8,0,0,5,0,1,0,1,0,0,0.0,0,1,0.0,0
0.8333333333333334,0.6666666666666666,4,1.0,10,1.1,11.0,1.0833333330000001,10.83333333,1.0588932806324112,113.8,1,6,1.1933908806863316,112.0,0.16666666999999968,1.1803969095591578,1.4404225006140996,21,1.2357226792009401,1.2742242031788749,1.6666666666666667,1.6666666666666667,28.5,10,10,12,0.32,-9.879999999999999,7.6,2.6,1.1743905726499018,19,6,38,6,0,0,1,0,0,0,0,0,0,0.0,0,1,0.0,1
0.875,0.875,7,0.875,14,1.74071428625,13.92571429,1.74071428625,13.92571429,1.543190537084399,131.5,1,7,1.0242050616482803,150.0,0.0,1.0402415458937198,1.184466819221968,19,1.25372234935164,1.0880586922712827,1.0,1.0,19.0,8,8,16,1.74,-10.46,10.8,1.4,1.1584500394906667,36,8,37,8,0,0,6,0,1,0,1,0,0,0.0,0,1,0.0,0
1.0,1.0,8,1.0,16,1.805625,14.445,1.805625,14.445,1.543190537084399,134.8,1,8,1.2013971665852468,149.0,0.0,1.123776517538332,1.4102055872516233,18,1.233967927278964,1.2179619565217392,1.0,1.0,10.0,8,8,16,-3.12,-11.719999999999999,9.4,-0.8,1.1584500394906667,18,8,19,8,0,0,1,0,1,0,1,0,0,0.0,0,0,0.0,1
0.4166666666666667,0.3333333333333333,2,0.5,5,0.8095238092857143,11.33333333,0.8974358976923077,11.66666667,1.2130202278539874,110.0,1,3,1.3844319775596072,130.0,-0.33333333999999937,1.183961352657005,0.73904412557989,25,1.117896865520728,1.1229617418778761,2.3333333333333335,2.1666666666666665,37.0,13,14,12,2.02,-9.68,11.1,0.6,1.1819062506030606,0,6,37,6,1,1,1,0,0,0,1,0,0,0.0,1,0,0.0,1
0.0,0.0,0,0.0,0,0.0,0.0,0.0,0.0,0.7367809883877936,100.0,1,0,1.1081088290210723,133.1,0.0,1.123776517538332,0.7491078753076292,24,1.25701394585726,1.2179619565217392,1.4,1.4,1.5,7,7,10,-0.92,-17.42,16.2,0.3,1.1584500394906667,1,5,2,5,0,0,1,0,0,0,0,0,1,0.0,1,0,0.0,1
0.75,0.5,5,1.0,15,1.3599999999999999,13.6,1.3599999999999999,13.6,0.7911983032873808,130.0,1,10,1.1803307676305388,130.0,0.0,1.355244411692459,0.7327294685990338,38,1.302210510906163,1.3335857352222766,1.0,1.0,38.0,10,10,20,3.51,-6.790000000000001,8.9,1.4,1.1758672525439406,0,10,38,10,0,0,1,0,0,0,0,1,1,0.5,1,0,1.0,1
0.8571428571428571,0.8571428571428571,6,0.8571428571428571,12,1.8642857142857143,13.05,1.8642857142857143,13.05,1.547589908749329,129.0,1,6,1.1933908806863316,141.0,0.0,1.1697181559973782,1.2069998195922786,18,1.2357226792009401,1.2414858951680476,1.0,1.0,19.5,7,7,14,0.32,-9.879999999999999,7.6,2.6,1.1743905726499018,37,7,38,7,1,1,3,0,1,0,0,0,0,0.0,0,1,0.0,0
1.0,1.0,6,1.0,12,2.1666666666666665,13.0,1.45833333375,11.66666667,1.3096192836224372,152.0,1,6,1.251728743136964,152.0,1.3333333300000003,1.151400966183575,1.183768115942029,22,1.302210510906163,1.1281060708036075,1.0,1.3333333333333333,37.5,8,6,12,-1.7,-18.099999999999998,12.7,3.7,1.1254658385093168,1,6,38,6,0,0,1,0,0,0,0,0,0,0.0,0,1,0.0,1
0.8125,0.8888888888888888,8,0.7142857142857143,13,1.275,12.75,1.4,12.6,1.3746562616127835,123.9,1,5,1.1990645264164983,123.9,0.15000000000000036,1.318361688720857,1.1124779073877695,20,1.117896865520728,1.2050514162006132,1.1111111111111112,1.2857142857142858,19.0,9,10,16,-0.92,-17.42,16.2,0.3,1.1819062506030606,36,9,37,7,0,0,1,0,1,0,0,0,1,0.5555555555555556,0,0,0.2857142857142857,1
0.6666666666666666,0.8333333333333334,10,0.5,16,0.9500000000000001,13.3,0.7156862747058823,12.16666667,1.0808549506759224,180.4,1,6,1.2013971665852468,160.0,1.133333330000001,0.9459469417833456,0.7491078753076292,24,1.1436586685910157,1.0820586694604504,1.1666666666666667,1.4166666666666667,3.0,17,14,24,1.79,-11.11,12.4,0.5,1.1584500394906667,0,12,3,12,0,0,1,0,0,1,0,0,1,0.5833333333333334,1,0,0.5,1
0.875,0.875,7,0.875,14,1.54107142875,12.32857143,1.54107142875,12.32857143,1.543190537084399,118.0,1,7,1.2239130434782608,132.0,0.0,1.1622608695652175,1.4102055872516233,18,1.233967927278964,1.2767270531400965,1.0,1.0,28.5,8,8,16,-1.7,-18.099999999999998,12.7,3.7,1.1584500394906667,19,8,38,8,0,0,4,0,1,0,1,0,0,0.0,0,1,0.0,0
0.0,0.0,0,0.0,0,0.0,0.0,0.0,0.0,1.547589908749329,140.0,1,0,1.225732834939996,140.0,0.0,1.1697181559973782,0.7131609870740305,26,1.1418478260869565,1.2414858951680476,0.0,0.0,2.0,0,0,15,0.79,-12.809999999999999,13.9,-0.3,1.1743905726499018,2,8,3,7,0,0,1,0,0,0,1,1,0,0.0,1,0,0.0,1
0.5,0.6666666666666666,4,0.3333333333333333,6,0.8958333333333334,10.75,0.7692307692307693,10.0,1.433108695652174,140.4,1,2,1.1973403408186016,154.0,0.75,1.2639209009952854,1.184466819221968,20,1.233967927278964,1.0880586922712827,2.0,2.1666666666666665,28.0,13,12,12,0.32,-9.879999999999999,7.6,2.6,1.1584500394906667,18,6,37,6,1,1,1,0,1,0,0,0,0,0.0,0,1,0.0,1
0.5833333333333334,0.5,3,0.6666666666666666,7,0.9166666666666666,11.0,1.0454545454545454,11.5,1.0635714285714286,123.5,1,4,1.1939285714285715,127.0,-0.5,1.2795454545454545,1.225164113785558,20,1.0831439393939393,1.0974803149606298,2.0,1.8333333333333333,37.0,11,12,12,0.32,-9.879999999999999,7.6,2.6,1.1876220053238686,0,6,37,6,1,1,3,0,1,0,0,0,0,0.0,0,1,0.0,0
0.0,0.0,0,0.0,0,0.0,0.0,0.0,0.0,0.9895400126023945,110.3,0,0,1.1990645264164983,110.0,0.0,1.204451156505842,0.73904412557989,26,1.117896865520728,1.1229617418778761,1.8,1.0,37.0,5,9,10,1.74,-10.46,10.8,1.4,1.1819062506030606,0,5,37,5,0,0,1,1,0,1,1,1,1,0.0,1,0,0.0,1
0.75,0.8333333333333334,5,0.6666666666666666,9,1.5,12.0,1.425,14.25,0.901159420289855,121.4,1,4,1.1973403408186016,134.0,-2.25,1.1622608695652175,1.3193236714975844,23,1.0449937888198757,1.2799644037630307,1.3333333333333333,1.6666666666666667,28.0,10,8,12,0.32,-9.879999999999999,7.6,2.6,1.1584500394906667,18,6,37,6,1,1,3,0,0,0,0,0,0,0.0,0,1,0.0,0
0.8,0.8,4,0.8,8,1.7142857142857142,12.0,1.4375,11.5,0.7367809883877936,147.9,1,4,1.154390451832907,147.0,0.5,1.245065950170982,0.7491078753076292,28,1.233967927278964,1.2799644037630307,1.4,1.6,19.0,8,7,10,1.74,-10.46,10.8,1.4,1.1584500394906667,0,5,19,5,0,0,1,0,0,0,0,1,0,0.0,1,0,0.0,1
0.8333333333333334,0.6666666666666666,4,1.0,10,1.9142857142857144,13.4,1.39583333375,11.16666667,1.0605978260869566,124.3,1,6,1.1803307676305388,126.0,2.2333333300000007,1.151400966183575,1.2294441386901487,19,1.2647449755785092,1.1916457060725836,1.1666666666666667,1.3333333333333333,1.0,8,7,12,-0.92,-17.42,16.2,0.3,1.1758672525439406,0,6,1,6,1,1,1,0,1,0,1,0,0,0.0,0,0,0.0,1
0.8333333333333334,0.6666666666666666,4,1.0,10,0.796875,12.75,0.9230769230769231,12.0,1.2067357512953367,126.8,1,6,1.2521505376344086,125.0,0.75,1.2994236311239193,1.4512849162011174,18,1.2662162162162163,1.0974803149606298,2.6666666666666665,2.1666666666666665,28.0,13,16,12,2.02,-9.68,11.1,0.6,1.1876220053238686,18,6,37,6,0,0,1,0,1,0,0,0,0,0.0,0,0,0.0,1
0.0,0.0,0,0.0,0,0.0,0.0,0.0,0.0,1.0635714285714286,118.2,1,0,1.1939285714285715,128.0,0.0,1.148233215547703,1.225164113785558,19,1.2662162162162163,1.3434108527131783,0.0,1.0,28.5,5,0,11,3.51,-6.790000000000001,8.9,1.4,1.1876220053238686,19,6,38,5,0,0,1,0,1,0,1,0,0,0.0,0,0,0.0,1
0.0,0.0,0,0.0,0,0.0,0.0,0.0,0.0,0.9622563718140928,150.4,1,0,1.2013971665852468,136.0,0.0,1.245065950170982,1.4102055872516233,21,1.233967927278964,1.2799644037630307,0.0,0.0,19.0,0,0,0,1.79,-11.11,12.4,0.5,1.1584500394906667,0,0,19,0,1,1,1,0,0,0,0,0,1,0.0,0,1,0.0,1
0.75,0.6666666666666666,4,0.8333333333333334,9,1.25,11.25,1.457142857142857,10.2,1.4912388027091983,121.8,1,5,1.1803307676305388,133.0,1.0500000000000007,1.151400966183575,1.4334342940889107,18,1.0986103210077205,1.1281060708036075,1.5,1.1666666666666667,37.0,7,9,12,1.79,-11.11,12.4,0.5,1.1758672525439406,0,6,37,6,1,1,1,0,1,0,1,0,0,0.0,0,1,0.0,1
1.0,1.0,6,1.0,12,1.8888888883333335,11.33333333,2.0277777783333333,12.16666667,1.3923076923076922,133.5,1,6,1.2388505747126437,145.0,-0.8333333399999994,1.2770334928229667,1.4512849162011174,19,1.2868092691622104,1.3042389210019267,1.0,1.0,10.0,6,6,12,-1.7,-18.099999999999998,12.7,3.7,1.1876220053238686,18,6,19,6,0,0,2,0,1,0,0,0,0,0.0,0,0,0.0,0
1.0,1.0,6,1.0,12,2.040816327142857,14.28571429,2.5277777783333333,15.16666667,1.3309782608695653,144.2,1,6,1.0786585365853658,148.0,-0.8809523800000001,1.2795454545454545,1.225164113785558,18,1.1182648401826485,1.3434108527131783,1.1666666666666667,1.0,20.5,6,7,12,1.79,-11.11,12.4,0.5,1.1876220053238686,35,6,38,6,0,0,2,0,1,0,0,0,0,0.0,0,1,0.0,0
0.7,1.0,5,0.4,7,1.0363636363636364,11.4,1.35,13.5,1.2067357512953367,133.7,1,2,1.1939285714285715,147.0,-2.0999999999999996,1.196590909090909,1.4512849162011174,19,1.0831439393939393,1.3042389210019267,2.2,2.0,28.0,10,11,10,1.74,-10.46,10.8,1.4,1.1876220053238686,18,5,37,5,1,1,1,0,1,0,0,0,0,0.0,0,1,0.0,1
0.0,0.0,0,0.0,0,0.0,0.0,0.0,0.0,1.1621118012422362,128.2,1,0,1.225732834939996,133.1,0.0,1.3083536883243772,0.7313379542113002,31,1.2357226792009401,1.3033971014492753,0.0,0.0,38.0,0,0,12,-1.7,-18.099999999999998,12.7,3.7,1.1743905726499018,0,6,38,6,0,0,1,0,0,0,0,1,0,0.0,1,0,0.0,1
1.0,1.0,6,1.0,12,2.2777777783333333,13.66666667,2.3333333333333335,14.0,1.545408163265306,136.1,1,6,1.2521505376344086,135.0,-0.3333333300000003,1.148233215547703,1.4512849162011174,18,1.2662162162162163,1.3434108527131783,1.0,1.0,28.5,6,6,12,1.79,-11.11,12.4,0.5,1.1876220053238686,19,6,38,6,1,1,1,0,1,0,0,0,0,0.0,0,1,0.0,1
0.3333333333333333,0.16666666666666666,1,0.5,4,1.7142857142857142,12.0,1.025,10.25,1.2413610586011343,100.0,1,3,1.1803307676305388,133.1,1.75,1.151400966183575,0.7234823625922888,38,1.0986103210077205,1.1281060708036075,1.1666666666666667,1.6666666666666667,37.0,10,7,12,0.79,-12.809999999999999,13.9,-0.3,1.1758672525439406,0,6,37,6,0,0,1,0,0,0,1,1,0,0.0,1,0,0.0,1
0.5833333333333334,0.3333333333333333,2,0.8333333333333334,7,1.3636363636363635,15.0,1.0333333333333334,12.4,0.8265111346765641,140.0,1,5,1.225732834939996,140.0,2.5999999999999996,1.3083536883243772,1.1581913043478262,20,1.2643147284489245,1.2742242031788749,1.8333333333333333,2.0,10.0,12,11,12,0.79,-12.809999999999999,13.9,-0.3,1.1743905726499018,18,6,19,6,0,0,1,0,1,0,0,0,1,0.16666666666666666,0,0,0.3333333333333333,1
0.4166666666666667,0.0,0,0.8333333333333334,5,0.0,0.0,1.2222222222222223,11.0,1.4763186934451555,108.7,1,5,1.1990645264164983,116.0,-11.0,1.2806596701649176,1.4304347826086956,18,1.3338955940090156,1.339986123959297,2.0,1.5,38.0,9,12,12,2.02,-9.68,11.1,0.6,1.1819062506030606,0,6,38,6,0,0,1,0,1,0,0,0,1,0.0,0,1,0.0,1
0.7,0.6,3,0.8,7,1.70833333375,13.66666667,1.2,12.0,0.6201419698314108,149.0,1,4,1.1933908806863316,130.0,1.6666666699999997,1.1697181559973782,0.7313379542113002,33,1.2693138979643126,1.1019750589821369,1.6,2.0,28.0,10,8,10,0.32,-9.879999999999999,7.6,2.6,1.1743905726499018,18,5,37,5,0,0,1,0,0,0,0,1,1,0.0,1,1,0.0,1
0.5833333333333334,0.5,3,0.6666666666666666,7,0.8717948715384616,11.33333333,0.9791666666666666,11.75,1.545408163265306,118.7,1,4,1.2145569620253165,125.0,-0.4166666699999997,1.2994236311239193,1.4512849162011174,20,1.2662162162162163,1.3434108527131783,2.1666666666666665,2.0,28.5,12,13,12,-4.06,-22.36,15.5,2.8,1.1876220053238686,19,6,38,6,0,0,1,0,1,0,1,0,1,0.0,0,0,0.0,1
0.3,0.4,2,0.2,3,1.2,12.0,1.3333333333333333,12.0,0.640366132723112,121.3,1,1,1.2550901378579005,130.0,0.0,1.204451156505842,1.2130434782608694,18,1.2275607958732497,1.2921636019934695,2.0,1.8,19.0,9,10,10,0.32,-9.879999999999999,7.6,2.6,1.1819062506030606,0,5,19,5,0,0,1,0,1,0,0,0,1,0.0,0,1,0.0,1
1.0,1.0,6,1.0,12,2.1111111116666668,12.66666667,2.0833333333333335,12.5,1.3761848805327068,124.6,1,6,1.1803307676305388,119.0,0.16666666999999968,1.225328614762386,1.2294441386901487,20,1.0986103210077205,1.3335857352222766,1.0,1.0,37.5,6,6,12,0.32,-9.879999999999999,7.6,2.6,1.1758672525439406,1,6,38,6,0,0,1,0,1,0,0,0,0,0.0,0,1,0.0,1
1.0,1.0,5,1.0,10,2.3600000000000003,11.8,2.2399999999999998,11.2,1.0296727924697446,127.3,1,5,1.2127443159154367,142.0,0.6000000000000014,1.225328614762386,1.2294441386901487,18,1.2576025080438908,1.277410022972858,1.0,1.0,19.0,5,5,10,2.02,-9.68,11.1,0.6,1.1758672525439406,0,5,19,5,1,1,2,0,1,0,0,0,0,0.0,0,0,0.0,0
0.8,1.0,5,0.6,8,1.5,12.0,1.1666666666666667,14.0,1.2021517302573204,160.0,1,3,1.135144927536232,160.0,-2.0,1.3081159420289856,1.2388849929873773,27,1.0449937888198757,1.0880586922712827,1.6,2.4,37.0,12,8,10,-3.12,-11.719999999999999,9.4,-0.8,1.1584500394906667,0,5,37,5,0,0,1,0,0,0,1,1,0,0.0,1,0,0.0,1
0.9,1.0,9,0.8181818181818182,18,0.725,11.6,0.611111111,12.22222222,1.0138095238095237,132.4,1,9,1.19,130.0,-0.6222222200000012,1.1727272727272726,1.419230769230769,30,1.2662162162162163,1.3042389210019267,1.7777777777777777,1.8181818181818181,19.0,20,16,20,3.51,-6.790000000000001,8.9,1.4,1.1876220053238686,0,9,19,11,0,0,1,0,0,0,0,1,0,0.3333333333333333,1,0,0.5454545454545454,1
1.0,1.0,6,1.0,12,2.2222222216666667,13.33333333,2.25,13.5,1.3309782608695653,135.0,1,6,1.2783606557377047,135.0,-0.16666666999999968,1.2994236311239193,1.225164113785558,18,1.2868092691622104,1.3042389210019267,1.0,1.0,10.0,6,6,12,1.79,-11.11,12.4,0.5,1.1876220053238686,18,6,19,6,0,0,3,0,1,0,0,0,0,0.0,0,0,0.0,0
0.875,0.875,7,0.875,14,1.7375,13.9,1.7375,13.9,1.543190537084399,135.5,1,7,1.1973403408186016,156.0,0.0,1.1663749294184076,1.4102055872516233,18,1.25372234935164,1.2179619565217392,1.0,1.0,1.0,8,8,16,-1.7,-18.099999999999998,12.7,3.7,1.1584500394906667,0,8,1,8,0,0,1,0,1,0,0,0,0,0.0,0,0,0.0,1
0.8666666666666667,0.875,7,0.8571428571428571,13,1.4444444444444444,13.0,1.2357142859999999,12.35714286,1.543190537084399,107.8,1,6,1.1973403408186016,108.0,0.6428571400000003,1.3025204788909892,1.4102055872516233,20,1.233967927278964,1.2179619565217392,1.125,1.4285714285714286,10.0,10,9,15,0.79,-12.809999999999999,13.9,-0.3,1.1584500394906667,18,8,19,7,1,1,3,0,1,0,0,0,0,0.0,0,1,0.0,0
0.0,0.0,0,0.0,0,0.0,0.0,0.0,0.0,1.0972332015810278,133.0,1,0,1.194817160955946,133.0,0.0,1.318361688720857,1.0228260869565218,18,1.2275607958732497,1.2921636019934695,0.0,0.0,19.0,0,0,0,-4.06,-22.36,15.5,2.8,1.1819062506030606,0,0,19,0,0,0,1,0,1,0,0,0,0,0.0,0,0,0.0,1
0.875,0.875,7,0.875,14,1.64428571375,13.15428571,1.64428571375,13.15428571,1.5568619113426172,125.8,1,7,1.0651578320428827,135.0,0.0,1.0612395929694727,1.152445652173913,18,1.1213355347642635,1.146645195920558,1.0,1.0,3.0,8,8,16,1.74,-10.46,10.8,1.4,1.1758672525439406,0,8,3,8,0,0,1,0,1,0,1,0,0,0.0,0,1,0.0,1
1.0,1.0,6,1.0,12,2.1388888883333332,12.83333333,2.1388888883333332,12.83333333,1.2413610586011343,121.3,1,6,1.1803307676305388,123.0,0.0,0.8821256038647343,1.4334342940889107,25,0.4900869565217391,1.1281060708036075,1.0,1.0,35.5,6,6,12,0.32,-9.879999999999999,7.6,2.6,1.1758672525439406,3,6,37,6,0,0,1,0,0,0,0,0,0,0.0,1,1,0.0,1
1.0,1.0,6,1.0,12,2.055555555,12.33333333,2.0833333333333335,12.5,1.2830584707646178,150.5,1,6,1.2542082169924211,120.0,-0.16666666999999968,1.189437963944857,0.73904412557989,27,1.2470369797307752,1.2050514162006132,1.0,1.0,1.0,6,6,12,-4.06,-22.36,15.5,2.8,1.1819062506030606,0,6,1,6,0,0,1,0,0,0,1,1,0,0.16666666666666666,1,0,0.0,1
0.9,0.8,4,1.0,9,1.075,10.75,1.45,11.6,0.9895400126023945,122.0,1,5,1.1990645264164983,129.0,-0.8499999999999996,1.189437963944857,1.2130434782608694,19,1.2275607958732497,1.2050514162006132,2.0,1.6,10.0,8,10,10,-3.12,-11.719999999999999,9.4,-0.8,1.1819062506030606,18,5,19,5,0,0,6,0,1,0,0,0,1,0.0,0,1,0.0,0
0.875,0.875,7,0.875,14,1.169090909090909,12.86,1.169090909090909,12.86,1.5717231848623365,124.5,1,7,1.2542082169924211,147.0,0.0,1.204451156505842,1.4304347826086956,19,1.2470369797307752,1.2050514162006132,1.375,1.375,1.0,11,11,16,1.74,-10.46,10.8,1.4,1.1819062506030606,0,8,1,8,1,1,4,0,1,0,0,0,0,0.0,0,1,0.0,0
1.0,1.0,5,1.0,10,3.2,16.0,2.566666666666667,15.4,1.1776659038901602,137.6,1,5,1.192080745341615,144.0,0.5999999999999996,1.201176855181432,1.4334342940889107,19,1.1213355347642635,1.146645195920558,1.0,1.2,3.0,6,5,10,1.74,-10.46,10.8,1.4,1.1756521739130434,0,5,3,5,1,1,1,0,1,0,1,0,0,0.0,0,1,0.0,1
0.1,0.0,0,0.2,1,0.0,0.0,3.2,16.0,0.640366132723112,132.4,1,1,1.2550901378579005,146.0,-16.0,1.318361688720857,1.1833540372670808,18,1.2470369797307752,1.1229617418778761,1.0,1.0,19.0,5,5,10,-3.12,-11.719999999999999,9.4,-0.8,1.1819062506030606,36,5,37,5,0,0,1,0,1,0,1,0,1,0.0,0,1,0.0,1
0.0,0.0,0,0.0,0,0.0,0.0,0.0,0.0,1.140246768507638,107.0,1,0,0.5853708439897698,150.0,0.0,0.6634202898550725,0.7234823625922888,26,0.4900869565217391,0.5699488491048593,1.0,1.0,34.0,5,5,10,0.32,-9.879999999999999,7.6,2.6,1.1758672525439406,0,5,34,5,0,0,2,0,0,0,1,1,1,0.0,1,1,0.0,0
1.0,1.0,8,1.0,15,1.6222222222222222,14.6,2.008163265714286,14.05714286,1.5796068796068796,130.8,1,7,1.2521505376344086,136.0,0.5428571399999989,1.2770334928229667,1.214864864864865,18,1.1182648401826485,1.124342105263158,1.125,1.0,3.0,7,9,15,-0.92,-17.42,16.2,0.3,1.1876220053238686,0,8,3,7,0,0,1,0,1,0,1,0,0,0.0,0,0,0.0,1
0.9,1.0,5,0.8,9,1.0259740263636363,11.28571429,1.15,11.5,0.8409172126265634,100.0,1,4,1.225732834939996,150.0,-0.2142857100000004,1.1697181559973782,1.0102538326212618,24,1.1418478260869565,1.0992070002734482,2.2,2.0,3.0,10,11,10,0.79,-12.809999999999999,13.9,-0.3,1.1743905726499018,0,5,3,5,0,0,1,0,0,0,1,0,1,0.0,1,1,0.0,1
0.0,0.0,0,0.0,0,0.0,0.0,0.0,0.0,0.7509316770186336,127.6,1,0,1.1939285714285715,130.0,0.0,1.148233215547703,0.748,29,1.0831439393939393,1.0974803149606298,1.0,1.0,37.0,5,5,10,0.32,-9.879999999999999,7.6,2.6,1.1876220053238686,0,5,37,5,0,0,1,0,0,0,1,1,1,0.0,1,0,0.0,1
0.0,0.0,0,0.0,0,0.0,0.0,0.0,0.0,1.5796068796068796,123.3,1,0,1.2388505747126437,143.0,0.0,1.155188679245283,1.4512849162011174,18,1.0831439393939393,1.3042389210019267,0.0,0.0,28.0,0,0,15,0.32,-9.879999999999999,7.6,2.6,1.1876220053238686,18,8,37,7,0,0,5,0,1,0,1,0,1,0.0,0,1,0.0,0
1.0,1.0,7,1.0,16,1.46428571375,11.71428571,0.777777778,11.66666667,1.4912388027091983,133.2,1,9,1.1803307676305388,130.0,0.04761904000000072,1.355244411692459,0.9819806763285025,20,1.302210510906163,1.1281060708036075,1.1428571428571428,1.6666666666666667,37.5,15,8,16,0.32,-9.879999999999999,7.6,2.6,1.1758672525439406,1,7,38,9,0,0,1,0,1,0,0,0,0,0.2857142857142857,0,0,0.5555555555555556,1
1.0,1.0,6,1.0,12,1.3232323236363637,14.55555556,2.305555555,13.83333333,1.1767016491754123,117.8,1,6,1.1973403408186016,123.0,0.7222222299999999,1.3025204788909892,1.4102055872516233,18,1.233967927278964,1.2179619565217392,1.8333333333333333,1.0,10.0,6,11,12,1.74,-10.46,10.8,1.4,1.1584500394906667,18,6,19,6,0,0,2,0,1,0,0,0,0,0.0,0,1,0.0,0
1.0,1.0,8,1.0,15,1.84375,14.75,1.918367347142857,13.42857143,1.129933110367893,128.3,1,7,1.1803307676305388,136.0,1.3214285700000001,1.151400966183575,1.2294441386901487,18,1.2647449755785092,1.1916457060725836,1.0,1.0,1.0,7,8,15,-4.06,-22.36,15.5,2.8,1.1758672525439406,0,8,1,7,1,1,2,0,1,0,1,0,0,0.0,0,0,0.0,0
0.9166666666666666,0.8333333333333334,5,1.0,11,1.45833333375,11.66666667,1.216666667,12.16666667,1.0605978260869566,113.2,1,6,1.251728743136964,123.0,-0.5,1.197718162195498,1.2294441386901487,19,1.2576025080438908,1.277410022972858,1.3333333333333333,1.6666666666666667,19.0,10,8,12,-0.92,-17.42,16.2,0.3,1.1758672525439406,0,6,19,6,0,0,2,0,1,1,1,0,0,0.0,0,1,0.0,0
0.0,0.0,0,0.0,0,0.0,0.0,0.0,0.0,1.5568619113426172,125.8,1,0,1.1803307676305388,128.0,0.0,1.1051039697542533,1.152445652173913,20,1.2576025080438908,1.1916457060725836,1.0,1.0,10.0,8,8,16,-3.12,-11.719999999999999,9.4,-0.8,1.1758672525439406,18,8,19,8,1,1,1,0,1,0,0,0,0,0.0,0,0,0.0,1
0.0,0.0,0,0.0,0,0.0,0.0,0.0,0.0,1.0288695652173914,134.1,1,0,1.225732834939996,125.0,0.0,1.039782608695652,1.4404225006140996,20,1.2643147284489245,1.2414858951680476,0.0,0.0,1.0,0,0,10,3.51,-6.790000000000001,8.9,1.4,1.1743905726499018,0,5,1,5,0,0,1,0,1,0,0,0,1,0.0,0,1,0.0,1
0.0,0.0,0,0.0,0,0.0,0.0,0.0,0.0,1.1776659038901602,110.0,1,0,1.0813995369179317,110.0,0.0,1.0307911617961512,1.156304347826087,23,1.1213355347642635,0.8378260869565217,1.0,3.1666666666666665,4.0,19,6,12,0.79,-12.809999999999999,13.9,-0.3,1.1758672525439406,2,6,5,6,0,0,1,0,0,0,1,0,1,0.0,0,0,0.0,1
1.0,1.0,11,1.0,24,1.0909090909090908,12.0,0.6581196583333333,11.84615385,1.2830584707646178,100.0,1,13,1.2542082169924211,161.0,0.15384614999999968,1.139830755763058,1.0228260869565218,44,1.2275607958732497,1.1229617418778761,1.0,1.3846153846153846,28.0,18,11,24,-1.7,-18.099999999999998,12.7,3.7,1.1819062506030606,18,11,37,13,0,0,1,0,0,0,0,1,1,0.8181818181818182,1,0,0.6923076923076923,1
1.0,1.0,8,1.0,16,1.71828125,13.74625,1.71828125,13.74625,1.5568619113426172,130.3,1,8,1.2821204371076491,146.0,0.0,1.151400966183575,1.4334342940889107,18,1.1959420289855072,1.277410022972858,1.0,1.0,10.5,8,8,16,-3.12,-11.719999999999999,9.4,-0.8,1.1758672525439406,17,8,19,8,0,0,6,0,1,0,0,0,1,0.0,0,1,0.0,0
0.75,0.5,3,1.0,9,2.2222222216666667,13.33333333,1.9722222216666667,11.83333333,1.3746562616127835,129.8,1,6,1.2099177438307875,128.0,1.5,1.264619822790027,1.4304347826086956,20,1.2275607958732497,1.2921636019934695,1.0,1.0,19.0,6,6,12,-3.12,-11.719999999999999,9.4,-0.8,1.1819062506030606,0,6,19,6,0,0,3,0,1,0,1,0,0,0.0,0,1,0.0,0
0.0,0.0,0,0.0,0,0.0,0.0,0.0,0.0,1.1621118012422362,100.0,0,0,1.1933908806863316,133.1,0.0,1.1782208343342142,0.7313379542113002,26,1.0901394585726005,1.1019750589821369,1.0,1.1666666666666667,37.0,7,6,12,0.79,-12.809999999999999,13.9,-0.3,1.1743905726499018,0,6,37,6,1,0,1,1,0,1,1,1,0,0.0,1,1,0.0,1
0.8571428571428571,0.8571428571428571,6,0.8571428571428571,12,1.7785714285714285,12.45,1.7785714285714285,12.45,1.5796068796068796,130.5,1,6,1.1939285714285715,130.0,0.0,1.196590909090909,1.4512849162011174,19,1.0831439393939393,1.3434108527131783,1.0,1.0,37.5,7,7,14,0.32,-9.879999999999999,7.6,2.6,1.1876220053238686,1,7,38,7,0,0,3,0,1,0,0,0,0,0.0,0,1,0.0,0
1.0,1.0,6,1.0,12,1.7551020414285714,12.28571429,2.1388888883333332,12.83333333,1.331363224637681,120.4,1,6,1.1973403408186016,121.0,-0.5476190400000007,1.245065950170982,1.184466819221968,18,1.2919274890242176,1.2767270531400965,1.1666666666666667,1.0,38.0,6,7,12,-4.06,-22.36,15.5,2.8,1.1584500394906667,0,6,38,6,1,1,1,0,1,0,0,0,0,0.0,0,1,0.0,1
0.9166666666666666,0.8333333333333334,5,1.0,11,1.7,13.6,2.055555555,12.33333333,1.1542253521126762,111.1,0,6,1.2145569620253165,110.0,1.2666666699999993,1.2994236311239193,1.225164113785558,18,1.2868092691622104,1.0974803149606298,1.3333333333333333,1.0,19.0,6,8,12,3.51,-6.790000000000001,8.9,1.4,1.1876220053238686,36,6,37,6,0,0,4,0,1,0,1,0,0,0.0,0,1,0.0,0
0.7,0.6,3,0.8,7,1.8333333333333333,11.0,1.1333333333333333,10.2,1.0138095238095237,121.8,1,4,1.2783606557377047,133.0,0.8000000000000007,1.2170068027210885,1.4512849162011174,20,1.2662162162162163,1.2365750528541226,1.2,1.8,10.0,9,6,10,-4.06,-22.36,15.5,2.8,1.1876220053238686,18,5,19,5,0,0,2,0,1,0,0,0,1,0.0,0,0,0.0,0
0.9333333333333333,0.875,7,1.0,14,1.4015873011111113,12.61428571,1.5671875,12.5375,1.5796068796068796,133.0,1,7,1.2783606557377047,141.0,0.07678571000000112,1.196590909090909,1.225164113785558,18,0.94,1.2365750528541226,1.125,1.1428571428571428,6.5,8,9,15,0.79,-12.809999999999999,13.9,-0.3,1.1876220053238686,11,8,12,7,0,0,5,0,1,0,1,0,0,0.0,0,1,0.0,0
0.8571428571428571,0.8571428571428571,6,0.8571428571428571,12,2.2,15.4,2.2,15.4,1.547589908749329,126.0,1,6,1.1933908806863316,125.0,0.0,1.1782208343342142,1.4404225006140996,20,1.0901394585726005,1.1019750589821369,1.0,1.0,37.0,7,7,14,0.32,-9.879999999999999,7.6,2.6,1.1743905726499018,0,7,37,7,0,0,1,0,1,1,1,0,0,0.0,0,1,0.0,1
1.0,1.0,5,1.0,10,1.9666666666666668,11.8,1.375,11.0,0.7509316770186336,117.2,1,5,1.1939285714285715,133.1,0.8000000000000007,1.148233215547703,0.748,41,1.0831439393939393,1.0974803149606298,1.2,1.6,37.0,8,6,10,0.32,-9.879999999999999,7.6,2.6,1.1876220053238686,0,5,37,5,0,0,1,0,0,0,1,1,0,0.0,1,0,0.0,1
0.8333333333333334,0.8333333333333334,5,0.8333333333333334,10,1.5925925922222222,14.33333333,1.65,13.2,0.880909090909091,111.0,1,5,1.2521505376344086,112.0,1.133333330000001,1.196590909090909,1.4512849162011174,21,1.1182648401826485,1.2365750528541226,1.5,1.3333333333333333,2.0,8,9,12,-3.12,-11.719999999999999,9.4,-0.8,1.1876220053238686,2,6,3,6,0,0,2,0,0,0,0,0,0,0.0,0,0,0.0,0
1.0,1.0,8,1.0,15,1.5716049377777777,14.14444444,2.064285714285714,14.45,1.5717231848623365,154.1,1,7,1.2099177438307875,162.0,-0.30555556000000017,1.264619822790027,1.4304347826086956,18,1.100568702990277,1.1278260869565218,1.125,1.0,3.5,7,9,15,2.02,-9.68,11.1,0.6,1.1819062506030606,1,8,4,7,0,0,1,0,1,0,1,0,0,0.0,0,0,0.0,1
1.0,1.0,5,1.0,10,2.96,14.8,2.3666666666666667,14.2,1.2067357512953367,140.0,1,5,1.2388505747126437,140.0,0.6000000000000014,1.196590909090909,1.11875,21,1.2662162162162163,1.3042389210019267,1.0,1.2,19.0,6,5,10,1.74,-10.46,10.8,1.4,1.1876220053238686,0,5,19,5,0,0,1,0,0,0,0,0,0,0.0,0,1,0.0,1
0.47058823529411764,0.2857142857142857,2,0.6,8,1.625,13.0,0.739583333125,11.83333333,1.545408163265306,118.8,0,6,1.2521505376344086,124.0,1.1666666699999997,1.1960526315789475,0.9358381502890174,22,1.2868092691622104,1.2365750528541226,1.1428571428571428,1.6,1.0,16,8,17,-0.92,-17.42,16.2,0.3,1.1876220053238686,0,7,1,10,0,0,1,1,0,1,0,0,0,0.2857142857142857,0,1,0.6,1
1.0,1.0,5,1.0,10,2.56,12.8,1.657142857142857,11.6,1.0138095238095237,116.5,1,5,1.2783606557377047,128.0,1.200000000000001,1.2170068027210885,1.4512849162011174,20,1.1182648401826485,1.124342105263158,1.0,1.4,3.0,7,5,10,1.79,-11.11,12.4,0.5,1.1876220053238686,0,5,3,5,0,0,3,0,1,0,0,0,1,0.0,0,0,0.0,0
0.4166666666666667,0.6666666666666666,4,0.16666666666666666,5,1.40625,11.25,0.8666666666666667,13.0,1.331363224637681,121.0,1,1,1.2013971665852468,121.0,-1.75,1.1622608695652175,0.9867874396135266,23,1.25372234935164,1.2179619565217392,1.3333333333333333,2.5,1.0,15,8,12,-3.12,-11.719999999999999,9.4,-0.8,1.1584500394906667,0,6,1,6,0,0,1,0,0,0,0,0,1,0.0,0,1,0.0,1
0.0,0.0,0,0.0,0,0.0,0.0,0.0,0.0,1.4912388027091983,128.0,1,0,1.2127443159154367,143.0,0.0,1.271562304971916,1.2294441386901487,19,1.2647449755785092,1.2683229813664596,0.0,1.8333333333333333,6.0,11,0,12,-3.12,-11.719999999999999,9.4,-0.8,1.1758672525439406,10,6,11,6,0,0,2,0,1,0,0,0,0,0.0,0,1,0.0,0
0.2,0.0,0,0.4,2,0.0,0.0,1.5555555555555556,14.0,0.9177633108579399,120.0,1,2,1.2013971665852468,120.0,-14.0,1.2639209009952854,0.8167361524717094,33,1.25372234935164,0.9138586956521739,1.0,1.8,20.0,9,5,10,1.79,-11.11,12.4,0.5,1.1584500394906667,38,5,39,5,0,0,1,0,0,0,0,1,0,0.0,1,0,0.4,1
0.0,0.0,0,0.0,0,0.0,0.0,0.0,0.0,0.8455652173913043,121.7,1,0,0.8377574370709383,133.1,0.0,0.8144268774703558,0.73904412557989,45,1.3338955940090156,1.339986123959297,1.0,1.0,38.0,5,5,10,0.32,-9.879999999999999,7.6,2.6,1.1819062506030606,0,5,38,5,0,0,1,0,0,0,1,1,1,0.0,1,1,0.0,1
0.9,1.0,5,0.8,9,2.0476190471428573,14.33333333,1.8214285714285714,12.75,0.7911983032873808,144.8,1,4,1.1803307676305388,120.0,1.5833333300000003,1.197718162195498,0.7234823625922888,28,1.302210510906163,1.3335857352222766,1.4,1.4,38.0,7,7,10,1.74,-10.46,10.8,1.4,1.1758672525439406,0,5,38,5,0,0,9,0,0,0,0,1,1,0.0,1,0,0.0,0
1.0,1.0,6,1.0,12,2.0833333333333335,12.5,1.93877551,13.57142857,1.0635714285714286,118.7,1,6,1.1939285714285715,126.0,-1.0714285700000001,1.2994236311239193,1.4037037037037037,21,1.2932721712538227,1.0974803149606298,1.0,1.1666666666666667,37.5,7,6,12,3.51,-6.790000000000001,8.9,1.4,1.1876220053238686,1,6,38,6,1,1,4,0,0,0,0,0,0,0.0,0,1,0.0,0
0.16666666666666666,0.0,0,0.3333333333333333,2,0.0,0.0,0.6666666666666666,10.0,1.0189981096408318,122.0,1,2,1.1973403408186016,129.0,-10.0,1.1624045504129656,1.184466819221968,18,0.8976284584980238,1.0880586922712827,2.0,2.5,24.5,15,12,12,1.74,-10.46,10.8,1.4,1.1584500394906667,25,6,37,6,0,0,2,0,1,0,1,0,0,0.0,0,1,0.0,0
0.7222222222222222,0.8571428571428571,6,0.6363636363636364,13,1.233333333,12.33333333,0.7523809526666666,11.28571429,1.3309782608695653,116.9,1,7,1.2521505376344086,140.0,1.0476190400000007,1.2994236311239193,0.9358381502890174,32,1.1182648401826485,1.0974803149606298,1.4285714285714286,1.3636363636363635,20.0,15,10,18,0.79,-12.809999999999999,13.9,-0.3,1.1876220053238686,34,7,37,11,0,0,1,0,0,0,0,1,1,0.7142857142857143,1,0,0.5454545454545454,1
0.9166666666666666,1.0,6,0.8333333333333334,11,1.285714286,12.85714286,1.58333333375,12.66666667,1.0635714285714286,116.6,1,5,1.2388505747126437,125.0,0.19047619000000005,1.2994236311239193,1.225164113785558,19,1.2868092691622104,1.3042389210019267,1.6666666666666667,1.3333333333333333,10.0,8,10,12,-0.92,-17.42,16.2,0.3,1.1876220053238686,18,6,19,6,1,1,1,0,1,0,0,0,1,0.0,0,0,0.0,1
0.3,0.4,2,0.2,3,0.9230769230769231,12.0,0.7142857142857143,10.0,0.8409172126265634,113.4,1,1,1.1933908806863316,133.1,2.0,1.1782208343342142,0.7313379542113002,33,1.0901394585726005,1.1019750589821369,2.6,2.8,37.0,14,13,10,1.79,-11.11,12.4,0.5,1.1743905726499018,0,5,37,5,0,0,1,0,0,0,1,1,0,0.0,1,0,0.0,1
0.9166666666666666,1.0,6,0.8333333333333334,11,2.194444445,13.16666667,1.3777777777777778,12.4,1.3309782608695653,121.7,1,5,1.1939285714285715,136.0,0.7666666699999993,1.148233215547703,1.225164113785558,19,1.2662162162162163,1.3434108527131783,1.0,1.5,28.5,9,6,12,-1.7,-18.099999999999998,12.7,3.7,1.1876220053238686,19,6,38,6,1,1,1,0,1,0,1,0,1,0.0,0,1,0.0,1
1.0,1.0,6,1.0,12,1.8333333328571428,12.83333333,1.7551020414285714,12.28571429,1.4912388027091983,120.8,1,6,1.251728743136964,126.0,0.5476190400000007,1.225328614762386,1.4334342940889107,19,1.302210510906163,1.277410022972858,1.1666666666666667,1.1666666666666667,28.5,7,7,12,1.79,-11.11,12.4,0.5,1.1758672525439406,19,6,38,6,0,0,3,0,1,0,0,0,0,0.0,0,1,0.0,0
0.75,0.6666666666666666,4,0.8333333333333334,9,1.3888888888888888,12.5,1.7142857142857142,12.0,1.1065804935370154,109.3,0,5,1.3003910743041178,117.0,0.5,1.1782208343342142,1.4404225006140996,19,1.2643147284489245,1.3033971014492753,1.5,1.1666666666666667,19.5,7,9,12,1.79,-11.11,12.4,0.5,1.1743905726499018,37,6,38,6,1,0,1,1,1,1,0,0,0,0.0,0,0,0.0,1
0.0,0.0,0,0.0,0,0.0,0.0,0.0,0.0,1.1776659038901602,129.3,1,0,1.2378260869565216,140.0,0.0,1.1463768115942028,0.7234823625922888,28,1.0986103210077205,1.277410022972858,1.0,2.8333333333333335,28.0,17,6,12,3.51,-6.790000000000001,8.9,1.4,1.1758672525439406,18,6,37,6,0,0,1,0,0,1,0,1,0,0.0,1,1,0.0,1
1.0,1.0,6,1.0,12,2.5,15.0,2.3333333333333335,14.0,1.3541407867494824,155.5,1,6,1.2239130434782608,160.0,1.0,1.2639209009952854,1.184466819221968,18,1.25372234935164,1.2799644037630307,1.0,1.0,10.0,6,6,12,2.02,-9.68,11.1,0.6,1.1584500394906667,18,6,19,6,0,0,4,0,1,0,0,0,0,0.0,0,1,0.0,0
0.8846153846153846,0.9166666666666666,11,0.8571428571428571,23,0.7575757573333333,11.36363636,0.5634920633333333,11.83333333,0.7367809883877936,120.0,1,12,1.1973403408186016,120.0,-0.4696969700000011,1.1624045504129656,0.9867874396135266,37,1.0449937888198757,1.0880586922712827,1.25,1.5,37.0,21,15,26,-1.7,-18.099999999999998,12.7,3.7,1.1584500394906667,0,12,37,14,0,0,1,0,0,0,1,1,0,0.9166666666666666,1,0,0.5,1
0.8,1.0,5,0.6,8,1.3928571425,11.14285714,1.259259258888889,11.33333333,0.7509316770186336,138.3,1,3,1.2783606557377047,133.1,-0.19047619000000005,1.196590909090909,0.748,44,1.0831439393939393,1.2365750528541226,1.6,1.8,19.0,9,8,10,0.79,-12.809999999999999,13.9,-0.3,1.1876220053238686,36,5,37,5,0,0,1,0,0,0,1,1,1,0.0,1,0,0.0,1
1.0,1.0,6,1.0,12,1.2272727272727273,13.5,1.9761904757142859,13.83333333,1.1542253521126762,119.4,1,6,1.2521505376344086,132.0,-0.3333333300000003,1.2770334928229667,1.225164113785558,18,1.2868092691622104,1.2365750528541226,1.8333333333333333,1.1666666666666667,1.0,7,11,12,3.51,-6.790000000000001,8.9,1.4,1.1876220053238686,0,6,1,6,1,1,1,0,1,0,1,0,0,0.0,0,1,0.0,1
0.0,0.0,0,0.0,0,0.0,0.0,0.0,0.0,0.9982473879339401,157.9,1,0,1.3003910743041178,174.0,0.0,1.2816864295125163,1.4404225006140996,18,0.9892339544513457,1.0992070002734482,0.0,0.0,4.0,0,0,0,0.79,-12.809999999999999,13.9,-0.3,1.1743905726499018,2,0,5,0,0,0,1,0,1,0,1,0,0,0.0,0,0,0.0,1
0.8666666666666667,0.875,7,0.8571428571428571,13,1.58392857125,12.67142857,1.258333333,12.58333333,1.5796068796068796,130.8,1,6,1.1939285714285715,142.0,0.08809523999999946,1.3345945945945945,1.225164113785558,19,1.2932721712538227,1.0974803149606298,1.0,1.4285714285714286,37.5,10,8,15,0.79,-12.809999999999999,13.9,-0.3,1.1876220053238686,1,8,38,7,1,1,1,0,1,0,0,0,0,0.0,0,1,0.0,1
0.9166666666666666,0.8333333333333334,5,1.0,11,2.033333333333333,12.2,1.5714285714285714,11.0,1.0605978260869566,124.0,1,6,1.2821204371076491,125.0,1.1999999999999993,1.271562304971916,1.4334342940889107,19,1.0986103210077205,1.1281060708036075,1.0,1.1666666666666667,37.0,7,6,12,2.02,-9.68,11.1,0.6,1.1758672525439406,0,6,37,6,1,1,1,0,1,0,1,0,1,0.0,0,0,0.0,1
0.0,0.0,0,0.0,0,0.0,0.0,0.0,0.0,0.8409172126265634,130.0,1,0,1.0673369565217392,130.0,0.0,1.1782208343342142,1.0102538326212618,33,1.1418478260869565,1.2414858951680476,1.0,1.0,2.0,5,5,10,-1.7,-18.099999999999998,12.7,3.7,1.1743905726499018,2,5,3,5,0,0,1,0,0,0,0,1,1,0.0,1,0,0.0,1
1.0,1.0,8,1.0,16,1.72046875,13.76375,1.72046875,13.76375,1.547589908749329,125.5,1,8,1.1933908806863316,145.0,0.0,1.1782208343342142,1.4404225006140996,18,1.2357226792009401,1.3033971014492753,1.0,1.0,38.0,8,8,16,-3.12,-11.719999999999999,9.4,-0.8,1.1743905726499018,0,8,38,8,1,1,5,0,1,0,1,0,0,0.0,0,1,0.0,0
0.9166666666666666,0.8333333333333334,5,1.0,11,0.85,10.2,1.6666666671428572,11.66666667,1.331363224637681,113.0,1,6,1.2011857707509879,121.0,-1.4666666700000004,1.2639209009952854,1.4102055872516233,18,1.25372234935164,1.0820586694604504,2.0,1.1666666666666667,2.0,7,12,12,1.79,-11.11,12.4,0.5,1.1584500394906667,2,6,3,6,1,1,1,0,1,0,0,0,1,0.0,0,1,0.0,1
1.0,1.0,8,1.0,15,1.5549382711111113,13.99444444,1.957142857142857,13.7,1.5717231848623365,142.8,1,7,1.2099177438307875,141.0,0.29444444000000125,1.139830755763058,1.4304347826086956,18,1.2470369797307752,1.2050514162006132,1.125,1.0,1.0,7,9,15,2.02,-9.68,11.1,0.6,1.1819062506030606,0,8,1,7,0,0,1,0,1,0,0,0,0,0.0,0,0,0.0,1
1.0,1.0,10,1.0,21,1.0806818183333333,12.96818182,1.1545454545454545,12.7,1.5717231848623365,120.0,1,11,1.1990645264164983,120.0,0.26818182000000057,1.318361688720857,0.7927536231884058,45,1.117896865520728,1.2921636019934695,1.2,1.0,28.0,11,12,21,0.79,-12.809999999999999,13.9,-0.3,1.1819062506030606,18,10,37,11,0,0,1,0,0,0,0,1,0,0.6,1,1,0.6363636363636364,1
1.0,1.0,6,1.0,12,1.80952381,12.66666667,1.58333333375,12.66666667,1.4912388027091983,119.7,1,6,1.1803307676305388,133.0,0.0,1.151400966183575,1.4334342940889107,19,1.2576025080438908,1.277410022972858,1.1666666666666667,1.3333333333333333,19.0,8,7,12,3.51,-6.790000000000001,8.9,1.4,1.2674662668665666,0,6,19,6,1,0,1,0,1,1,1,0,0,0.0,0,1,0.0,1
0.0,0.0,0,0.0,0,0.0,0.0,0.0,0.0,1.3309782608695653,119.0,1,0,1.2783606557377047,126.0,0.0,1.196590909090909,1.225164113785558,18,1.2868092691622104,1.3042389210019267,0.0,0.0,10.0,0,0,12,1.79,-11.11,12.4,0.5,1.1876220053238686,18,6,19,6,0,0,6,0,1,0,1,0,0,0.0,0,1,0.0,0
1.0,1.0,6,1.0,12,1.546875,12.375,2.3611111116666668,14.16666667,1.3746562616127835,132.0,1,6,1.1990645264164983,126.0,-1.7916666699999997,1.204451156505842,1.4304347826086956,19,1.2275607958732497,1.339986123959297,1.3333333333333333,1.0,28.5,6,8,12,1.74,-10.46,10.8,1.4,1.1819062506030606,19,6,38,6,1,1,2,0,1,0,1,0,0,0.0,0,1,0.0,0
0.8333333333333334,0.8333333333333334,5,0.8333333333333334,10,1.3777777777777778,12.4,1.425,11.4,1.2768658451522903,130.0,0,5,1.225732834939996,120.0,1.0,1.1782208343342142,0.7313379542113002,55,1.0901394585726005,1.1019750589821369,1.5,1.3333333333333333,37.0,8,9,12,1.74,-10.46,10.8,1.4,1.1743905726499018,0,6,37,6,0,0,1,0,0,0,0,1,1,0.0,1,0,0.0,1
0.875,0.875,7,0.875,14,1.83178571375,14.65428571,1.83178571375,14.65428571,1.547589908749329,120.8,1,7,1.2242311770943797,137.0,0.0,1.3083536883243772,1.4404225006140996,18,1.2693138979643126,1.2742242031788749,1.0,1.0,19.0,8,8,16,1.74,-10.46,10.8,1.4,1.1743905726499018,0,8,19,8,1,1,2,0,1,0,1,0,0,0.0,0,1,0.0,0
0.07142857142857142,0.0,0,0.14285714285714285,1,0.0,0.0,0.75,12.0,1.129933110367893,160.0,1,1,1.1803307676305388,160.0,-12.0,1.151400966183575,0.7327294685990338,36,1.302210510906163,1.277410022972858,1.8571428571428572,2.2857142857142856,28.5,16,13,14,2.02,-9.68,11.1,0.6,1.1758672525439406,19,7,38,7,0,0,1,0,0,0,1,1,1,0.0,1,0,0.0,1
1.0,1.0,6,1.0,12,2.020408162857143,14.14285714,2.5277777783333333,15.16666667,1.433108695652174,134.2,1,6,1.1973403408186016,138.0,-1.0238095299999994,1.245065950170982,1.184466819221968,18,1.0449937888198757,1.2767270531400965,1.1666666666666667,1.0,37.5,6,7,12,2.02,-9.68,11.1,0.6,1.1584500394906667,1,6,38,6,1,1,1,0,1,0,0,0,0,0.0,0,1,0.0,1
1.0,1.0,8,1.0,15,1.8140625,14.5125,1.92244898,13.45714286,1.547589908749329,127.5,1,7,1.225732834939996,131.0,1.05535714,1.3083536883243772,1.1509476031215162,18,1.2693138979643126,1.2414858951680476,1.0,1.0,10.0,7,8,15,0.79,-12.809999999999999,13.9,-0.3,1.1743905726499018,18,8,19,7,0,0,3,0,1,0,0,0,0,0.0,0,1,0.0,0
0.0,0.0,0,0.0,0,0.0,0.0,0.0,0.0,1.0632,126.8,0,0,1.2145569620253165,140.0,0.0,1.148233215547703,1.4512849162011174,18,1.0831439393939393,1.0974803149606298,0.0,0.0,37.0,0,0,0,-1.7,-18.099999999999998,12.7,3.7,1.1876220053238686,0,0,37,0,1,0,1,0,1,0,0,0,0,0.0,0,1,0.0,1
0.0,0.0,0,0.0,0,0.0,0.0,0.0,0.0,0.9622563718140928,130.2,1,0,1.2013971665852468,126.0,0.0,1.123776517538332,1.4102055872516233,18,1.2383399209486166,1.056521739130435,0.0,0.0,10.0,0,0,0,-3.12,-11.719999999999999,9.4,-0.8,1.1584500394906667,0,0,10,0,1,1,6,0,1,0,1,0,1,0.0,0,1,0.0,0
1.0,1.0,6,1.0,12,2.5,15.0,2.020408162857143,14.14285714,1.4912388027091983,123.6,1,6,1.1803307676305388,133.0,0.8571428599999997,1.1051039697542533,1.2294441386901487,19,1.0986103210077205,1.1281060708036075,1.0,1.1666666666666667,37.0,7,6,12,0.79,-12.809999999999999,13.9,-0.3,1.1758672525439406,0,6,37,6,1,1,2,0,1,0,0,0,0,0.0,0,0,0.0,0
0.0,0.0,0,0.0,0,0.0,0.0,0.0,0.0,0.901159420289855,120.3,1,0,1.154390451832907,130.0,0.0,1.245065950170982,1.1100414078674947,35,1.0449937888198757,1.0880586922712827,0.0,1.0,37.0,7,0,13,3.51,-6.790000000000001,8.9,1.4,1.1584500394906667,0,6,37,7,0,0,1,0,0,0,0,1,0,0.0,1,0,0.0,1
0.0,0.0,0,0.0,0,0.0,0.0,0.0,0.0,1.4763186934451555,121.4,1,0,1.2542082169924211,145.0,0.0,1.2806596701649176,1.4304347826086956,20,1.2470369797307752,1.2921636019934695,2.2,2.1666666666666665,10.0,13,11,11,-3.12,-11.719999999999999,9.4,-0.8,1.1819062506030606,18,5,19,6,0,0,2,0,1,0,0,0,0,0.0,0,0,0.0,0
0.75,0.5,3,1.0,9,1.2,12.0,1.1948051945454545,13.14285714,1.1621118012422362,150.0,1,6,1.225732834939996,150.0,-1.1428571400000003,1.1968670076726344,1.1581913043478262,22,1.2357226792009401,1.1019750589821369,1.6666666666666667,1.8333333333333333,37.5,11,10,12,0.79,-12.809999999999999,13.9,-0.3,1.1743905726499018,1,6,38,6,1,1,1,0,0,0,0,0,0,0.3333333333333333,0,1,0.5,1
0.0,0.0,0,0.0,0,0.0,0.0,0.0,0.0,0.6398191993112355,128.0,0,0,1.1973403408186016,130.0,0.0,0.9459469417833456,0.9867874396135266,27,1.25372234935164,1.2179619565217392,1.4,1.0,1.0,5,7,10,0.79,-12.809999999999999,13.9,-0.3,1.1584500394906667,0,5,1,5,0,0,1,1,0,1,0,1,1,0.0,1,0,0.0,1
0.46153846153846156,0.0,0,0.8571428571428571,6,0.0,0.0,1.60416666625,12.83333333,0.901159420289855,143.5,1,6,1.2013971665852468,148.0,-12.83333333,1.1622608695652175,1.4102055872516233,19,1.233967927278964,1.2799644037630307,1.0,1.1428571428571428,19.0,8,6,13,0.79,-12.809999999999999,13.9,-0.3,1.1584500394906667,0,6,19,7,1,1,1,0,1,0,0,0,0,0.0,0,0,0.0,1
0.8571428571428571,0.8571428571428571,6,0.8571428571428571,12,1.9166666671428572,13.41666667,1.9166666671428572,13.41666667,1.543190537084399,127.5,1,6,1.2239130434782608,145.0,0.0,1.1663210702341136,1.4102055872516233,19,1.2919274890242176,1.0880586922712827,1.0,1.0,37.5,7,7,14,0.32,-9.879999999999999,7.6,2.6,1.1584500394906667,1,7,38,7,1,1,6,0,1,0,0,0,0,0.0,0,1,0.0,0
0.8571428571428571,0.8571428571428571,6,0.8571428571428571,12,1.8452380957142858,12.91666667,1.8452380957142858,12.91666667,1.5717231848623365,136.0,1,6,1.1990645264164983,149.0,0.0,1.204451156505842,1.4304347826086956,18,1.117896865520728,1.1229617418778761,1.0,1.0,37.0,7,7,14,0.32,-9.879999999999999,7.6,2.6,1.1819062506030606,0,7,37,7,1,1,1,0,1,0,1,0,0,0.0,0,0,0.0,1
1.0,1.0,5,1.0,10,3.08,15.4,2.7222222216666663,16.33333333,0.9177633108579399,162.3,1,5,1.2011857707509879,177.0,-0.9333333299999982,1.1624045504129656,1.4102055872516233,18,1.25372234935164,1.2767270531400965,1.0,1.2,19.5,6,5,10,-4.06,-22.36,15.5,2.8,1.1584500394906667,37,5,38,5,1,1,1,0,1,0,0,0,0,0.0,0,0,0.0,1
0.6666666666666666,0.8333333333333334,5,0.5,8,1.1800000000000002,11.8,1.1818181818181819,13.0,0.880909090909091,118.1,0,3,1.2783606557377047,124.0,-1.1999999999999993,1.2770334928229667,1.4512849162011174,18,1.2932721712538227,1.0974803149606298,1.6666666666666667,1.8333333333333333,37.5,11,10,12,-3.12,-11.719999999999999,9.4,-0.8,1.1876220053238686,1,6,38,6,0,0,2,0,1,0,0,0,0,0.0,0,1,0.0,0
0.9333333333333333,0.875,7,1.0,14,1.4,12.6,1.8738775514285713,13.11714286,1.5796068796068796,109.3,1,7,1.2388505747126437,117.0,-0.5171428599999999,1.2994236311239193,1.4512849162011174,18,1.2868092691622104,1.2365750528541226,1.125,1.0,1.0,7,9,15,2.02,-9.68,11.1,0.6,1.1876220053238686,0,8,1,7,1,1,4,0,1,0,0,0,0,0.0,0,1,0.0,0
0.65,0.5555555555555556,5,0.7272727272727273,13,0.84,12.6,0.6875,12.375,0.8455652173913043,135.0,1,8,1.3841209829867676,140.0,0.22499999999999964,1.166751918158568,1.339799331103679,23,1.3338955940090156,1.339986123959297,1.6666666666666667,1.6363636363636365,38.0,18,15,20,3.51,-6.790000000000001,8.9,1.4,1.1819062506030606,0,9,38,11,0,0,1,0,0,1,0,0,0,0.3333333333333333,0,0,0.5454545454545454,1
0.9230769230769231,0.8333333333333334,5,1.0,12,1.488888888888889,13.4,1.93877551,13.57142857,1.0411544227886058,129.8,1,7,1.231159420289855,133.1,-0.17142856999999978,1.2133779264214046,0.7313379542113002,24,1.2643147284489245,1.2414858951680476,1.5,1.0,1.0,7,9,13,3.51,-6.790000000000001,8.9,1.4,1.1733695652173912,0,6,1,7,0,0,1,0,0,0,0,0,1,0.0,1,0,0.0,1
1.0,1.0,5,1.0,10,1.9714285714285715,13.8,2.3333333333333335,14.0,0.6201419698314108,116.6,1,5,1.2242311770943797,126.0,-0.1999999999999993,1.2816864295125163,1.4404225006140996,20,1.2693138979643126,1.2742242031788749,1.4,1.2,19.0,6,7,10,3.51,-6.790000000000001,8.9,1.4,1.1743905726499018,0,5,19,5,1,1,6,0,1,0,0,0,1,0.0,0,1,0.0,0
0.0,0.0,0,0.0,0,0.0,0.0,0.0,0.0,1.2021517302573204,150.0,0,0,1.1973403408186016,150.0,0.0,1.1622608695652175,0.8167361524717094,26,1.233967927278964,1.2799644037630307,0.0,1.0,19.0,3,0,9,3.51,-6.790000000000001,8.9,1.4,1.1584500394906667,0,6,19,3,0,0,1,1,0,1,0,1,0,0.0,1,0,0.0,1
0.2857142857142857,0.14285714285714285,1,0.42857142857142855,4,0.8666666666666667,13.0,0.9230769230769231,12.0,1.2830584707646178,100.0,0,3,0.664626945786366,133.1,1.0,0.7802142407057341,1.0228260869565218,34,0.584463768115942,0.6530292230933714,2.142857142857143,1.8571428571428572,34.0,13,15,14,-3.12,-11.719999999999999,9.4,-0.8,1.1819062506030606,0,7,34,7,0,0,1,0,0,0,1,1,0,0.2857142857142857,1,0,0.42857142857142855,1
0.8571428571428571,0.8571428571428571,6,0.8571428571428571,12,1.37291666625,10.98333333,1.37291666625,10.98333333,1.547589908749329,116.0,1,6,1.1933908806863316,133.1,0.0,1.3083536883243772,0.7313379542113002,26,1.0901394585726005,1.1019750589821369,1.1428571428571428,1.1428571428571428,37.0,8,8,14,0.32,-9.879999999999999,7.6,2.6,1.1743905726499018,0,7,37,7,1,1,1,0,0,0,0,1,0,0.0,1,0,0.0,1
0.7142857142857143,0.8571428571428571,6,0.5714285714285714,10,1.5,13.5,1.2,14.4,1.547589908749329,125.3,1,4,1.231159420289855,120.0,-0.9000000000000004,1.1612648221343873,0.7313379542113002,30,1.2643147284489245,1.1505314009661836,1.2857142857142858,1.7142857142857142,1.5,12,9,14,1.79,-11.11,12.4,0.5,1.1743905726499018,1,7,2,7,0,0,1,0,0,1,0,1,1,0.0,1,0,0.0,1
0.5,0.0,0,1.0,6,0.0,0.0,2.25,13.5,0.8792181890706022,121.9,1,6,1.056521739130435,131.0,-13.5,1.204451156505842,1.4304347826086956,20,1.2470369797307752,1.2050514162006132,1.0,1.0,1.0,6,6,12,-1.7,-18.099999999999998,12.7,3.7,1.1819062506030606,0,6,1,6,0,0,2,0,1,0,0,0,0,0.0,0,1,0.0,0
0.8333333333333334,0.6666666666666666,4,1.0,10,1.15,11.5,1.5,12.0,0.8792181890706022,138.1,1,6,1.3844319775596072,129.0,-0.5,1.183961352657005,1.4304347826086956,19,1.3338955940090156,1.1229617418778761,1.6666666666666667,1.3333333333333333,37.5,8,10,12,0.32,-9.879999999999999,7.6,2.6,1.1819062506030606,1,6,38,6,0,0,1,0,1,0,1,0,0,0.0,0,0,0.0,1
1.0,1.0,5,1.0,10,2.3888888883333332,14.33333333,2.92,14.6,0.8409172126265634,122.7,1,5,1.225732834939996,140.0,-0.26666666999999933,1.0542490118577075,1.0102538326212618,38,1.0901394585726005,1.1019750589821369,1.2,1.0,37.0,5,6,10,0.79,-12.809999999999999,13.9,-0.3,1.1743905726499018,0,5,37,5,0,0,1,0,0,0,0,1,1,0.0,1,0,0.0,1
0.0,0.0,0,0.0,0,0.0,0.0,0.0,0.0,1.0972332015810278,176.7,1,0,1.208385093167702,170.0,0.0,1.2806596701649176,1.4304347826086956,19,1.2275607958732497,1.2921636019934695,0.0,0.0,19.0,0,0,0,2.02,-9.68,11.1,0.6,1.1819062506030606,0,0,19,0,1,1,1,0,1,0,1,0,0,0.0,0,1,0.0,1
0.8333333333333334,0.6666666666666666,4,1.0,10,1.59375,12.75,1.8333333333333333,11.0,1.0588932806324112,115.6,1,6,1.2125797101449276,125.0,1.75,1.1803969095591578,1.2069998195922786,20,1.2357226792009401,1.3033971014492753,1.3333333333333333,1.0,38.0,6,8,12,-3.12,-11.719999999999999,9.4,-0.8,1.1743905726499018,0,6,38,6,0,0,4,0,1,0,1,0,0,0.0,0,1,0.0,0
0.8333333333333334,0.8333333333333334,5,0.8333333333333334,10,1.3199999999999998,13.2,1.183333333,11.83333333,1.4763186934451555,126.0,0,5,1.1990645264164983,134.0,1.366666669999999,1.204451156505842,1.2130434782608694,21,1.3338955940090156,1.1229617418778761,1.6666666666666667,1.6666666666666667,37.5,10,10,12,0.79,-12.809999999999999,13.9,-0.3,1.1819062506030606,1,6,38,6,0,0,5,1,0,1,1,0,0,0.0,0,0,0.0,0
0.9333333333333333,1.0,8,0.8571428571428571,14,1.4076388888888889,12.66875,1.62416666625,12.99333333,1.547589908749329,109.0,1,6,1.3003910743041178,116.0,-0.32458333000000117,1.2816864295125163,1.4404225006140996,23,1.2693138979643126,1.1019750589821369,1.125,1.1428571428571428,28.0,8,9,15,2.02,-9.68,11.1,0.6,1.1743905726499018,18,8,37,7,1,1,2,0,0,0,1,0,0,0.0,0,1,0.0,0
1.0,1.0,8,1.0,16,1.63421875,13.07375,1.63421875,13.07375,1.5568619113426172,127.0,1,8,1.3066447908121412,143.0,0.0,1.355244411692459,1.4334342940889107,18,1.2576025080438908,1.1281060708036075,1.0,1.0,28.0,8,8,16,-3.12,-11.719999999999999,9.4,-0.8,1.1758672525439406,18,8,37,8,0,0,3,0,1,0,1,0,0,0.0,0,1,0.0,0
0.0,0.0,0,0.0,0,0.0,0.0,0.0,0.0,1.0972332015810278,143.4,1,0,1.2550901378579005,140.0,0.0,1.318361688720857,1.0228260869565218,21,1.117896865520728,1.339986123959297,0.0,0.0,37.5,0,0,0,-3.12,-11.719999999999999,9.4,-0.8,1.1819062506030606,1,0,38,0,0,0,3,0,0,0,1,0,0,0.0,0,1,0.0,0
1.0,1.0,6,1.0,12,2.0833333333333335,12.5,2.3611111116666668,14.16666667,1.2292035398230086,112.8,1,6,1.3634920634920635,100.0,-1.6666666699999997,1.2170068027210885,1.4512849162011174,23,1.2932721712538227,1.3042389210019267,1.0,1.0,28.5,6,6,12,-1.7,-18.099999999999998,12.7,3.7,1.1876220053238686,19,6,38,6,1,1,1,0,0,0,0,0,0,0.0,0,0,0.0,1
0.0,0.0,0,0.0,0,0.0,0.0,0.0,0.0,0.9622563718140928,117.3,1,0,1.1081088290210723,116.0,0.0,1.3025204788909892,0.9867874396135266,20,1.1436586685910157,1.2179619565217392,0.0,0.0,2.0,0,0,0,0.79,-12.809999999999999,13.9,-0.3,1.1584500394906667,2,0,3,0,0,0,1,0,1,1,0,0,0,0.0,0,1,0.0,1
0.75,0.8333333333333334,5,0.6666666666666666,9,1.9666666666666668,11.8,1.84375,14.75,1.140246768507638,121.5,1,4,1.1803307676305388,125.0,-2.9499999999999993,1.151400966183575,1.2294441386901487,21,1.0986103210077205,1.1281060708036075,1.0,1.3333333333333333,37.0,8,6,12,-1.7,-18.099999999999998,12.7,3.7,1.1758672525439406,0,6,37,6,1,1,1,0,0,0,1,0,1,0.0,0,1,0.0,1
1.0,1.0,7,1.0,18,1.918367347142857,13.42857143,0.9107142857142857,12.75,1.2531772575250835,114.9,1,11,1.1973403408186016,125.0,0.6785714299999999,1.2639209009952854,1.4102055872516233,29,1.0449937888198757,1.0880586922712827,1.0,1.2727272727272727,37.0,14,7,18,-3.12,-11.719999999999999,9.4,-0.8,1.1584500394906667,0,7,37,11,0,0,1,0,0,0,0,1,0,0.42857142857142855,1,0,0.7272727272727273,1
0.0,0.0,0,0.0,0,0.0,0.0,0.0,0.0,1.0296727924697446,130.0,1,0,1.251728743136964,130.0,0.0,1.197718162195498,0.7327294685990338,35,1.2576025080438908,1.1916457060725836,1.0,1.0,10.0,5,5,10,2.02,-9.68,11.1,0.6,1.1758672525439406,18,5,19,5,0,0,1,0,0,0,1,1,0,0.0,1,0,0.0,1
0.3333333333333333,0.16666666666666666,1,0.5,4,1.3333333333333333,12.0,0.8833333333333333,13.25,1.0411544227886058,140.0,1,3,1.1933908806863316,140.0,-1.25,1.1559857057772485,1.1581913043478262,19,1.2693138979643126,1.3033971014492753,1.5,2.5,28.5,15,9,12,0.79,-12.809999999999999,13.9,-0.3,1.1743905726499018,19,6,38,6,0,0,1,0,1,0,0,0,1,0.0,0,0,0.0,1
1.0,1.0,6,1.0,12,2.081632652857143,14.57142857,1.9523809528571427,13.66666667,1.545408163265306,102.0,1,6,1.2521505376344086,133.1,0.9047619000000005,1.2770334928229667,1.4512849162011174,20,1.2868092691622104,1.2365750528541226,1.1666666666666667,1.1666666666666667,1.0,7,7,12,2.02,-9.68,11.1,0.6,1.1876220053238686,0,6,1,6,1,1,1,0,1,0,1,0,0,0.0,0,1,0.0,1
0.9166666666666666,0.8333333333333334,5,1.0,11,0.7516339870588234,12.77777778,2.244897958571429,15.71428571,1.2067357512953367,123.2,1,6,1.1939285714285715,127.0,-2.936507930000001,1.155188679245283,1.4512849162011174,18,1.0831439393939393,1.08125,2.8333333333333335,1.1666666666666667,19.5,7,17,12,1.79,-11.11,12.4,0.5,1.1876220053238686,35,6,37,6,1,1,1,0,1,0,0,0,0,0.0,0,1,0.0,1
0.21428571428571427,0.0,0,0.42857142857142855,3,0.0,0.0,0.625,11.25,0.7588235294117647,100.0,0,3,1.1939285714285715,100.0,-11.25,1.3345945945945945,0.748,35,1.2932721712538227,1.0974803149606298,1.0,2.5714285714285716,37.5,18,7,14,-0.92,-17.42,16.2,0.3,1.3535714285714284,1,7,38,7,0,0,1,1,0,1,0,1,1,0.0,1,0,0.0,1
1.0,1.0,6,1.0,12,1.6428571425,13.14285714,1.918367347142857,13.42857143,0.8792181890706022,137.5,1,6,1.1990645264164983,127.0,-0.2857142899999996,1.2806596701649176,1.4304347826086956,21,1.117896865520728,1.2921636019934695,1.3333333333333333,1.1666666666666667,28.0,7,8,12,0.32,-9.879999999999999,7.6,2.6,1.1819062506030606,18,6,37,6,0,0,2,0,0,0,0,0,0,0.0,0,1,0.0,0
0.4166666666666667,0.3333333333333333,2,0.5,5,0.8461538461538461,11.0,0.9444444441666667,11.33333333,1.0140521739130435,120.0,0,3,1.2127443159154367,130.0,-0.3333333300000003,1.1051039697542533,1.1219620958751393,22,1.2647449755785092,1.277410022972858,2.1666666666666665,2.0,10.0,12,13,12,3.51,-6.790000000000001,8.9,1.4,1.1758672525439406,18,6,19,6,0,0,1,1,0,1,1,0,1,0.0,0,1,0.0,1
0.8,0.8,4,0.8,8,2.75,13.75,3.0,15.0,1.1065804935370154,130.8,1,4,1.0673369565217392,128.0,-1.25,1.039782608695652,1.4404225006140996,20,1.2643147284489245,1.2414858951680476,1.0,1.0,1.0,5,5,10,0.32,-9.879999999999999,7.6,2.6,1.1743905726499018,0,5,1,5,0,0,1,0,1,0,1,0,0,0.0,0,1,0.0,1
0.8333333333333334,1.0,6,0.6666666666666666,10,2.0277777783333333,12.16666667,1.2777777777777777,11.5,1.3746562616127835,126.1,0,4,1.1990645264164983,131.0,0.6666666699999997,1.204451156505842,1.2130434782608694,18,1.117896865520728,1.1229617418778761,1.0,1.5,37.0,9,6,12,0.32,-9.879999999999999,7.6,2.6,1.1819062506030606,0,6,37,6,0,0,5,0,1,0,1,0,0,0.0,0,1,0.0,0
0.3333333333333333,0.6,3,0.0,3,1.5,12.0,0.0,0.0,1.2768658451522903,123.8,0,0,1.1933908806863316,121.0,12.0,1.2816864295125163,1.0102538326212618,22,1.2643147284489245,1.0992070002734482,1.6,1.0,2.0,4,8,9,1.74,-10.46,10.8,1.4,1.1743905726499018,2,5,3,4,0,0,1,0,0,0,0,0,1,0.0,0,0,0.0,1
0.2,0.2,1,0.2,2,2.0,10.0,0.7692307692307693,10.0,0.9177633108579399,118.3,1,1,1.1973403408186016,120.0,0.0,1.245065950170982,1.184466819221968,18,1.2919274890242176,1.2767270531400965,1.0,2.6,38.0,13,5,10,-1.7,-18.099999999999998,12.7,3.7,1.1584500394906667,0,5,38,5,0,0,1,0,1,0,0,0,1,0.0,0,0,0.0,1
1.0,1.0,8,1.0,15,1.7984375,14.3875,1.9489795914285715,13.64285714,1.5717231848623365,131.9,1,7,1.2542082169924211,142.0,0.744642859999999,1.204451156505842,1.2130434782608694,19,1.2275607958732497,1.1229617418778761,1.0,1.0,28.0,7,8,15,0.79,-12.809999999999999,13.9,-0.3,1.1819062506030606,18,8,37,7,0,0,6,0,1,0,0,0,0,0.0,0,1,0.0,0
0.8333333333333334,0.6666666666666666,4,1.0,10,1.15,11.5,1.4074074077777778,12.66666667,1.1621118012422362,140.0,1,6,1.3003910743041178,140.0,-1.1666666699999997,1.1782208343342142,1.1581913043478262,20,1.2643147284489245,0.9881006864988557,1.6666666666666667,1.5,20.0,9,10,12,0.79,-12.809999999999999,13.9,-0.3,1.1743905726499018,38,6,39,6,0,0,1,0,1,0,0,0,0,0.16666666666666666,0,1,0.16666666666666666,1
0.0,0.0,0,0.0,0,0.0,0.0,0.0,0.0,1.0632,120.7,1,0,1.1939285714285715,127.0,0.0,1.148233215547703,1.4512849162011174,18,1.0831439393939393,1.3434108527131783,0.0,0.0,37.5,0,0,0,0.32,-9.879999999999999,7.6,2.6,1.1876220053238686,1,0,38,0,0,0,1,0,1,1,1,0,1,0.0,0,1,0.0,1
0.0,0.0,0,0.0,0,0.0,0.0,0.0,0.0,0.6201419698314108,166.0,1,0,1.1933908806863316,140.0,0.0,1.1782208343342142,1.4404225006140996,20,1.0901394585726005,1.2742242031788749,1.0,1.4,28.0,7,5,10,-3.12,-11.719999999999999,9.4,-0.8,1.1743905726499018,18,5,37,5,0,0,1,0,1,1,1,0,1,0.0,0,1,0.0,1
0.896551724137931,1.0,12,0.8235294117647058,26,0.8888888891666666,10.66666667,0.62605042,10.64285714,1.0808549506759224,120.5,1,14,1.1973403408186016,120.0,0.023809529999999413,1.1624045504129656,1.4102055872516233,35,1.0449937888198757,1.0880586922712827,1.0,1.0,37.0,17,12,29,-4.06,-22.36,15.5,2.8,1.1584500394906667,0,12,37,17,0,0,1,0,0,1,1,1,1,1.0,1,1,0.8235294117647058,1
1.0,1.0,5,1.0,10,2.6399999999999997,13.2,1.8666666666666665,11.2,0.9177633108579399,118.1,1,5,1.2239130434782608,117.0,2.0,1.2639209009952854,1.4102055872516233,19,1.2919274890242176,1.2799644037630307,1.0,1.2,28.5,6,5,10,1.79,-11.11,12.4,0.5,1.1584500394906667,19,5,38,5,0,0,1,0,1,0,0,0,1,0.0,0,0,0.0,1
0.16666666666666666,0.25,1,0.0,1,4.0,16.0,0.0,0.0,1.129933110367893,100.0,1,0,1.2821204371076491,147.0,16.0,1.0307911617961512,0.9819806763285025,18,1.1213355347642635,1.0501863354037266,1.0,1.0,3.5,2,4,6,1.74,-10.46,10.8,1.4,1.1758672525439406,1,4,4,2,0,0,1,0,1,0,0,0,0,0.0,0,0,0.0,1
0.16666666666666666,0.0,0,0.3333333333333333,2,0.0,0.0,1.05,10.5,0.880909090909091,115.0,1,2,0.6161764705882353,133.1,-10.5,0.744776119402985,1.225164113785558,18,0.5958333333333333,0.515,2.1666666666666665,1.6666666666666667,34.0,10,13,12,0.32,-9.879999999999999,7.6,2.6,1.1876220053238686,0,6,34,6,0,0,3,0,1,0,1,0,0,0.0,0,0,0.0,0
0.0,0.0,0,0.0,0,0.0,0.0,0.0,0.0,1.0296727924697446,140.0,0,0,1.1803307676305388,133.1,0.0,1.1051039697542533,0.7234823625922888,24,1.2647449755785092,1.1916457060725836,1.0,1.0,1.0,5,5,10,-1.7,-18.099999999999998,12.7,3.7,1.1758672525439406,0,5,1,5,0,0,1,1,0,1,0,0,1,0.0,1,1,0.0,1
1.0,1.0,6,1.0,12,2.1388888883333332,12.83333333,2.1388888883333332,12.83333333,1.4763186934451555,141.7,1,6,1.2099177438307875,140.0,0.0,1.1306197964847364,1.1124779073877695,20,1.2470369797307752,1.2050514162006132,1.0,1.0,1.0,6,6,12,0.79,-12.809999999999999,13.9,-0.3,1.1819062506030606,0,6,1,6,1,1,1,0,1,0,0,0,0,0.3333333333333333,0,0,0.5,1
1.0,1.0,6,1.0,12,1.2857142855555557,11.57142857,1.259259258888889,11.33333333,1.433108695652174,119.7,1,6,1.2011857707509879,133.0,0.23809523999999982,1.1624045504129656,1.184466819221968,18,1.0449937888198757,1.0880586922712827,1.5,1.5,37.0,9,9,12,-4.06,-22.36,15.5,2.8,1.1584500394906667,0,6,37,6,1,1,2,0,1,0,0,0,0,0.0,0,0,0.0,0
0.6666666666666666,0.5,3,0.8333333333333334,8,0.9166666666666666,11.0,1.425,11.4,1.2830584707646178,108.3,1,5,1.3844319775596072,100.0,-0.40000000000000036,1.183961352657005,0.73904412557989,39,1.117896865520728,1.1229617418778761,2.0,1.3333333333333333,37.0,8,12,12,0.32,-9.879999999999999,7.6,2.6,1.1819062506030606,0,6,37,6,0,0,1,0,0,0,1,1,1,0.16666666666666666,1,0,0.0,1
0.875,0.875,7,0.875,14,1.7321428575,13.85714286,1.7321428575,13.85714286,1.547589908749329,127.5,1,7,1.1933908806863316,144.0,0.0,1.1782208343342142,1.4404225006140996,18,1.2643147284489245,1.1019750589821369,1.0,1.0,19.0,8,8,16,-1.7,-18.099999999999998,12.7,3.7,1.1743905726499018,36,8,37,8,1,1,6,0,1,0,1,0,0,0.0,0,1,0.0,0
0.7142857142857143,0.7142857142857143,5,0.7142857142857143,10,1.7125,13.7,1.0651515154545455,11.71666667,1.547589908749329,120.3,1,5,1.225732834939996,125.0,1.983333329999999,1.2021125030704987,1.4404225006140996,19,1.1418478260869565,1.2742242031788749,1.1428571428571428,1.5714285714285714,11.0,11,8,14,0.79,-12.809999999999999,13.9,-0.3,1.1743905726499018,16,7,19,7,0,0,5,0,1,0,0,0,0,0.0,0,1,0.0,0
0.7857142857142857,0.8571428571428571,6,0.7142857142857143,11,1.63333333375,13.06666667,1.3439999999999999,13.44,1.5568619113426172,123.0,1,5,1.2821204371076491,138.0,-0.37333332999999946,1.151400966183575,1.4334342940889107,19,1.2647449755785092,1.3335857352222766,1.1428571428571428,1.4285714285714286,19.5,10,8,14,1.79,-11.11,12.4,0.5,1.1758672525439406,37,7,38,7,0,0,6,0,1,0,0,0,0,0.0,0,1,0.0,0
0.9166666666666666,0.8333333333333334,5,1.0,11,1.4259259255555556,12.83333333,1.0795454545454546,11.875,1.1542253521126762,128.4,1,6,1.2145569620253165,142.0,0.9583333300000003,1.2170068027210885,1.4512849162011174,23,1.2932721712538227,1.3042389210019267,1.5,1.8333333333333333,28.5,11,9,12,2.02,-9.68,11.1,0.6,1.1876220053238686,19,6,38,6,0,0,1,0,0,0,0,0,0,0.0,0,0,0.0,1
0.9285714285714286,0.8571428571428571,6,1.0,13,1.4629629633333332,13.16666667,1.44642857125,11.57142857,0.880909090909091,121.4,1,7,1.2783606557377047,127.0,1.5952380999999995,1.2994236311239193,1.225164113785558,18,1.2868092691622104,1.2365750528541226,1.2857142857142858,1.1428571428571428,1.0,8,9,14,2.02,-9.68,11.1,0.6,1.1876220053238686,0,7,1,7,0,0,1,0,1,0,0,0,0,0.0,0,1,0.0,1
0.8333333333333334,0.6666666666666666,4,1.0,10,1.4,14.0,2.0238095242857144,14.16666667,1.0189981096408318,142.6,1,6,1.1973403408186016,144.0,-0.16666666999999968,1.1624045504129656,1.4102055872516233,18,1.233967927278964,1.2799644037630307,1.6666666666666667,1.1666666666666667,19.0,7,10,12,-4.06,-22.36,15.5,2.8,1.1584500394906667,0,6,19,6,1,1,1,0,1,0,1,0,0,0.0,0,1,0.0,1
0.2,0.2,1,0.2,2,1.1111111111111112,10.0,1.25,10.0,0.9177633108579399,104.0,0,1,1.1973403408186016,120.0,0.0,1.1624045504129656,0.7491078753076292,26,1.0449937888198757,1.0880586922712827,1.8,1.6,37.0,8,9,10,1.74,-10.46,10.8,1.4,1.1584500394906667,0,5,37,5,0,0,2,0,0,0,1,1,1,0.0,1,0,0.0,0
0.8,0.6,3,1.0,8,1.375,11.0,2.3600000000000003,11.8,1.0138095238095237,155.2,1,5,1.2521505376344086,158.0,-0.8000000000000007,1.2795454545454545,1.4512849162011174,18,1.2868092691622104,1.3434108527131783,1.6,1.0,19.5,5,8,10,-3.12,-11.719999999999999,9.4,-0.8,1.1876220053238686,37,5,38,5,1,1,1,0,1,0,0,0,1,0.0,0,0,0.0,1
1.0,1.0,5,1.0,10,1.45,11.6,2.12,10.6,0.9177633108579399,150.0,1,5,1.1973403408186016,150.0,1.0,1.0402415458937198,1.4009057971014494,19,1.2919274890242176,1.2179619565217392,1.6,1.0,19.5,5,8,10,1.79,-11.11,12.4,0.5,1.1584500394906667,37,5,38,5,0,0,1,0,1,0,0,0,1,0.0,0,0,0.0,1
1.0,1.0,7,1.0,16,1.171428571,11.71428571,1.4567901233333334,13.11111111,1.2292035398230086,126.0,1,9,1.1939285714285715,140.0,-1.396825399999999,1.148233215547703,0.9358381502890174,39,1.2932721712538227,1.0974803149606298,1.4285714285714286,1.0,37.5,9,10,16,-1.7,-18.099999999999998,12.7,3.7,1.1876220053238686,1,7,38,9,1,1,1,0,0,0,1,1,0,0.2857142857142857,1,0,0.3333333333333333,1
0.0,0.0,0,0.0,0,0.0,0.0,0.0,0.0,1.1065804935370154,121.4,1,0,1.1126654064272212,127.0,0.0,1.0542490118577075,1.2069998195922786,18,1.1418478260869565,1.0992070002734482,0.0,0.0,3.0,0,0,12,-4.06,-22.36,15.5,2.8,1.1743905726499018,0,6,3,6,0,0,1,0,1,0,1,0,1,0.0,0,0,0.0,1
0.7,0.8,4,0.6,7,2.25,11.25,1.7619047614285714,12.33333333,1.168944099378882,124.0,1,3,1.194817160955946,132.0,-1.0833333300000003,1.264619822790027,1.2130434782608694,21,1.2470369797307752,1.2921636019934695,1.0,1.4,10.0,7,5,10,0.32,-9.879999999999999,7.6,2.6,1.1819062506030606,18,5,19,5,0,0,2,0,0,0,0,0,1,0.0,0,1,0.0,0
0.0,0.0,0,0.0,0,0.0,0.0,0.0,0.0,0.9622563718140928,133.5,1,0,1.0242050616482803,127.0,0.0,1.3025204788909892,1.4102055872516233,17,1.1436586685910157,0.9138586956521739,0.0,0.0,21.0,0,0,0,-4.06,-22.36,15.5,2.8,1.1584500394906667,36,0,39,0,0,0,2,0,1,0,0,0,1,0.0,0,1,0.0,0
0.9166666666666666,1.0,6,0.8333333333333334,11,2.055555555,12.33333333,1.8285714285714287,12.8,1.2840579710144928,124.8,1,5,1.1990645264164983,130.0,-0.4666666700000004,1.204451156505842,1.4304347826086956,20,1.2470369797307752,0.6530292230933714,1.0,1.1666666666666667,17.5,7,6,12,1.79,-11.11,12.4,0.5,1.1819062506030606,33,6,34,6,1,1,2,0,1,0,1,0,0,0.0,0,1,0.0,0
1.0,1.0,7,1.0,14,2.081632652857143,14.57142857,1.875,15.0,0.8310789049919485,110.0,1,7,1.0813995369179317,110.0,-0.42857142999999986,1.0612395929694727,0.7327294685990338,40,1.2120401337792641,1.146645195920558,1.0,1.1428571428571428,22.0,8,7,14,1.79,-11.11,12.4,0.5,1.1758672525439406,38,7,41,7,0,0,1,0,0,1,0,1,0,0.0,1,0,0.0,1
1.0,1.0,6,1.0,12,2.0238095242857144,14.16666667,1.53571428625,12.28571429,1.331363224637681,162.0,1,6,1.2397006414825373,133.1,1.88095238,1.1663210702341136,0.7491078753076292,49,1.0449937888198757,1.0880586922712827,1.1666666666666667,1.3333333333333333,37.0,8,7,12,1.74,-10.46,10.8,1.4,1.1584500394906667,0,6,37,6,1,0,1,0,0,1,1,1,1,0.0,1,0,0.0,1
0.0,0.0,0,0.0,0,0.0,0.0,0.0,0.0,1.0138095238095237,134.0,1,0,1.2783606557377047,148.0,0.0,1.196590909090909,1.225164113785558,18,1.2932721712538227,1.0974803149606298,1.0,1.8,37.5,9,5,10,0.32,-9.879999999999999,7.6,2.6,1.1876220053238686,1,5,38,5,0,0,1,0,1,0,1,0,1,0.0,0,0,0.0,1
0.0,0.0,0,0.0,0,0.0,0.0,0.0,0.0,1.1767016491754123,148.0,0,0,1.1973403408186016,140.0,0.0,1.1624045504129656,0.7491078753076292,31,1.0449937888198757,1.0880586922712827,1.0,2.3333333333333335,37.0,14,6,12,-1.7,-18.099999999999998,12.7,3.7,1.1584500394906667,0,6,37,6,0,0,1,0,0,0,1,1,1,0.0,1,1,0.0,1
1.0,1.0,6,1.0,12,2.3611111116666668,14.16666667,2.305555555,13.83333333,1.3309782608695653,149.8,1,6,1.106153846153846,155.0,0.33333333999999937,1.155188679245283,1.4512849162011174,18,1.1182648401826485,1.3042389210019267,1.0,1.0,11.0,6,6,12,-0.92,-17.42,16.2,0.3,1.1876220053238686,16,6,19,6,1,1,4,0,1,0,0,0,0,0.0,0,1,0.0,0
0.0,0.0,0,0.0,0,0.0,0.0,0.0,0.0,0.9982473879339401,141.0,1,0,1.0673369565217392,133.1,0.0,1.2816864295125163,1.4404225006140996,19,1.1418478260869565,1.2414858951680476,0.0,0.0,2.0,0,0,0,-1.7,-18.099999999999998,12.7,3.7,1.1743905726499018,2,0,3,0,0,0,2,0,1,0,0,0,0,0.0,0,1,0.0,0
0.8666666666666667,0.875,7,0.8571428571428571,13,1.4523809522222222,13.07142857,1.7876190471428572,12.51333333,1.547589908749329,148.8,1,6,1.2125797101449276,133.1,0.5580952400000001,1.1803969095591578,0.7313379542113002,34,1.1418478260869565,1.2414858951680476,1.125,1.0,2.0,7,9,15,1.79,-11.11,12.4,0.5,1.1743905726499018,2,8,3,7,1,1,1,0,0,0,1,1,0,0.0,1,0,0.0,1
1.0,1.0,6,1.0,12,1.5714285714285714,11.0,1.42857142875,11.42857143,1.3309782608695653,149.0,1,6,1.2521505376344086,143.0,-0.42857142999999986,1.2770334928229667,1.4512849162011174,18,1.2868092691622104,1.124342105263158,1.1666666666666667,1.3333333333333333,2.0,8,7,12,2.02,-9.68,11.1,0.6,1.1876220053238686,2,6,3,6,0,0,1,0,1,0,1,0,0,0.0,0,1,0.0,1
0.9,0.8,4,1.0,9,2.0833333333333335,12.5,2.6399999999999997,13.2,0.9177633108579399,129.4,1,5,1.2239130434782608,142.0,-0.6999999999999993,1.0402415458937198,1.184466819221968,18,1.0449937888198757,1.2767270531400965,1.2,1.0,37.5,5,6,10,-3.12,-11.719999999999999,9.4,-0.8,1.1584500394906667,1,5,38,5,0,0,3,0,1,0,0,0,0,0.0,0,0,0.0,0
0.8,0.7142857142857143,5,0.875,12,0.8923076923076922,11.6,1.2077922081818182,13.28571429,1.331363224637681,103.6,1,7,0.6219486642221058,120.0,-1.68571429,0.772524154589372,0.9867874396135266,27,0.5682898550724638,0.6546057479734708,1.8571428571428572,1.375,34.0,11,13,15,-3.12,-11.719999999999999,9.4,-0.8,1.1584500394906667,0,7,34,8,0,0,2,0,0,0,1,1,0,0.5714285714285714,1,1,0.5,0
0.75,0.8333333333333334,5,0.6666666666666666,9,1.3888888888888888,12.5,1.3888888888888888,12.5,0.880909090909091,142.2,1,4,1.2783606557377047,145.0,0.0,1.196590909090909,1.4512849162011174,19,1.2932721712538227,1.0974803149606298,1.5,1.5,37.5,9,9,12,-3.12,-11.719999999999999,9.4,-0.8,1.1876220053238686,1,6,38,6,0,0,1,0,1,0,1,0,0,0.0,0,0,0.0,1
1.0,1.0,8,1.0,15,1.6743055555555555,15.06875,1.64375,13.15,1.547589908749329,130.6,1,7,1.1933908806863316,143.0,1.9187499999999993,1.3083536883243772,1.2069998195922786,18,1.2357226792009401,1.2414858951680476,1.125,1.1428571428571428,19.5,8,9,15,0.79,-12.809999999999999,13.9,-0.3,1.1743905726499018,37,8,38,7,1,1,5,0,1,0,0,0,0,0.0,0,1,0.0,0
0.0,0.0,0,0.0,0,0.0,0.0,0.0,0.0,1.0972332015810278,124.8,1,0,1.1990645264164983,129.0,0.0,1.204451156505842,1.2130434782608694,18,1.2470369797307752,1.2050514162006132,0.0,0.0,1.0,0,0,0,-1.7,-18.099999999999998,12.7,3.7,1.1819062506030606,0,0,1,0,0,0,1,0,1,0,1,0,1,0.0,0,1,0.0,1
1.0,1.0,5,1.0,10,1.0909090909090908,12.0,0.8666666666666667,10.4,0.8455652173913043,128.4,1,5,1.1146739130434784,160.0,1.5999999999999996,1.1834782608695653,0.73904412557989,34,1.2470369797307752,1.2050514162006132,2.2,2.4,1.0,12,11,10,1.79,-11.11,12.4,0.5,1.1819062506030606,0,5,1,5,0,0,1,0,0,0,0,1,0,0.0,1,0,0.0,1
0.09090909090909091,0.0,0,0.16666666666666666,1,0.0,0.0,2.142857142857143,15.0,1.3309782608695653,163.5,0,1,0.6161764705882353,100.0,-15.0,0.744776119402985,0.748,50,1.0831439393939393,1.0974803149606298,2.4,1.1666666666666667,37.0,7,12,11,1.74,-10.46,10.8,1.4,1.1876220053238686,0,5,37,6,0,0,1,1,0,1,1,1,1,0.0,1,0,0.0,1
0.5,0.3333333333333333,2,0.6666666666666666,6,0.8,12.0,0.7375,11.8,1.0808549506759224,130.0,0,4,1.1973403408186016,130.0,0.1999999999999993,1.1622608695652175,1.2388849929873773,20,1.2919274890242176,1.2767270531400965,2.5,2.6666666666666665,38.0,16,15,12,-0.92,-17.42,16.2,0.3,1.1584500394906667,0,6,38,6,0,0,1,1,1,1,0,0,1,0.0,0,0,0.0,1
0.9,1.0,5,0.8,9,1.8571428575,14.85714286,2.2916666666666665,13.75,1.2021517302573204,161.9,1,4,1.0242050616482803,151.0,1.1071428599999997,0.8200424178154825,1.4102055872516233,18,1.1436586685910157,1.0820586694604504,1.6,1.2,3.0,6,8,10,0.32,-9.879999999999999,7.6,2.6,1.1584500394906667,0,5,3,5,0,0,1,0,1,0,0,0,0,0.0,0,0,0.0,1
0.0,0.0,0,0.0,0,0.0,0.0,0.0,0.0,0.9622563718140928,149.7,1,0,1.2013971665852468,163.0,0.0,1.3025204788909892,1.4102055872516233,18,1.25372234935164,1.2179619565217392,0.0,0.0,1.0,0,0,0,0.79,-12.809999999999999,13.9,-0.3,1.1584500394906667,0,0,1,0,1,1,1,0,1,0,0,0,0,0.0,0,1,0.0,1
0.07142857142857142,0.0,0,0.14285714285714285,1,0.0,0.0,1.2307692307692308,16.0,1.1362068965517242,99.5,0,1,1.2145569620253165,133.1,-16.0,1.2994236311239193,0.748,37,1.2932721712538227,1.0974803149606298,1.7142857142857142,1.8571428571428572,37.5,13,12,14,3.51,-6.790000000000001,8.9,1.4,1.1876220053238686,1,7,38,7,1,0,1,1,0,1,1,1,0,0.0,1,1,0.0,1
0.0,0.0,0,0.0,0,0.0,0.0,0.0,0.0,1.0138998682476945,109.5,1,0,1.194817160955946,114.0,0.0,1.204451156505842,1.2130434782608694,19,1.3338955940090156,1.2050514162006132,2.0,1.0,19.5,5,10,10,1.74,-10.46,10.8,1.4,1.1819062506030606,37,5,38,5,0,0,5,0,1,0,0,0,1,0.0,0,0,0.0,0
0.8666666666666667,0.875,7,0.8571428571428571,13,1.2875,12.875,1.331428571,13.31428571,1.218035426731079,140.0,1,6,1.225732834939996,140.0,-0.43928571000000005,1.1803969095591578,1.337458193979933,22,1.2643147284489245,1.2742242031788749,1.25,1.4285714285714286,10.0,10,10,15,3.51,-6.790000000000001,8.9,1.4,1.1743905726499018,18,8,19,7,1,1,1,0,0,0,0,0,0,0.25,0,0,0.14285714285714285,1
0.6666666666666666,0.5,3,0.8333333333333334,8,0.9722222225,11.66666667,1.4,11.2,1.0189981096408318,117.2,1,5,1.1973403408186016,113.0,0.4666666700000004,1.1663749294184076,1.184466819221968,20,1.25372234935164,1.0880586922712827,2.0,1.3333333333333333,19.0,8,12,12,0.32,-9.879999999999999,7.6,2.6,1.1584500394906667,36,6,37,6,0,0,1,0,1,0,0,0,0,0.0,0,1,0.0,1
0.1,0.0,0,0.2,1,0.0,0.0,1.5714285714285714,11.0,0.8455652173913043,111.4,1,1,1.1990645264164983,133.1,-11.0,1.318361688720857,0.73904412557989,27,1.2275607958732497,1.1229617418778761,1.4,1.4,28.0,7,7,10,0.79,-12.809999999999999,13.9,-0.3,1.1819062506030606,18,5,37,5,0,0,1,0,0,0,0,1,1,0.0,1,0,0.0,1
1.0,1.0,17,1.0,34,0.7037037038888889,12.66666667,0.6,12.0,1.0972332015810278,151.9,1,17,1.2099177438307875,147.0,0.6666666699999997,1.139830755763058,1.4304347826086956,21,1.2275607958732497,1.2921636019934695,1.0588235294117647,1.1764705882352942,19.0,20,18,34,2.02,-9.68,11.1,0.6,1.1819062506030606,0,17,19,17,0,0,1,0,0,0,0,0,0,0.8235294117647058,0,1,0.7647058823529411,1
1.0,1.0,6,1.0,12,1.7380952385714286,12.16666667,2.5833333333333335,15.5,1.3923076923076922,125.9,1,6,1.1939285714285715,122.0,-3.3333333300000003,1.148233215547703,1.4512849162011174,20,1.0831439393939393,1.0974803149606298,1.1666666666666667,1.0,37.0,6,7,12,1.79,-11.11,12.4,0.5,1.1876220053238686,0,6,37,6,1,1,3,0,1,0,1,0,1,0.0,0,1,0.0,0
0.1,0.0,0,0.2,1,0.0,0.0,1.1111111111111112,10.0,0.7367809883877936,115.0,1,1,1.1973403408186016,120.0,-10.0,1.1624045504129656,0.7491078753076292,27,1.233967927278964,1.2799644037630307,1.0,1.8,19.0,9,5,10,-1.7,-18.099999999999998,12.7,3.7,1.1584500394906667,0,5,19,5,0,0,1,0,0,0,1,1,1,0.0,1,1,0.0,1
1.0,1.0,7,1.0,16,1.7959183671428571,12.57142857,1.1212121209090908,12.33333333,0.8409172126265634,100.0,1,9,1.225732834939996,133.1,0.23809523999999982,1.0542490118577075,0.7131609870740305,26,1.2643147284489245,1.1019750589821369,1.0,1.2222222222222223,19.0,11,7,16,1.79,-11.11,12.4,0.5,1.1743905726499018,36,7,37,9,0,0,1,0,0,0,0,1,0,0.5714285714285714,1,0,0.8888888888888888,1
1.0,1.0,8,1.0,15,1.5375,12.3,1.380952381111111,12.42857143,1.1362068965517242,152.8,1,7,1.1939285714285715,133.1,-0.12857142999999915,0.9646551724137932,0.748,28,1.2868092691622104,1.124342105263158,1.0,1.2857142857142858,2.0,9,8,15,1.79,-11.11,12.4,0.5,1.0818181818181818,2,8,3,7,0,0,2,0,0,0,0,1,0,0.0,1,1,0.0,0
0.75,0.6666666666666666,4,0.8333333333333334,9,1.0909090909090908,12.0,1.2,12.0,1.4763186934451555,117.7,1,5,1.194817160955946,124.0,0.0,1.2806596701649176,1.2130434782608694,18,1.2275607958732497,1.2921636019934695,1.8333333333333333,1.6666666666666667,19.0,10,11,12,-0.92,-17.42,16.2,0.3,1.1819062506030606,0,6,19,6,0,0,4,0,1,0,0,0,0,0.0,0,1,0.0,0
0.9166666666666666,0.8333333333333334,5,1.0,11,1.22,12.2,1.41071428625,11.28571429,1.1542253521126762,96.0,1,6,1.2388505747126437,133.1,0.9142857099999997,1.148233215547703,1.225164113785558,25,1.2868092691622104,1.0974803149606298,1.6666666666666667,1.3333333333333333,19.0,8,10,12,-4.06,-22.36,15.5,2.8,1.1876220053238686,36,6,37,6,1,1,1,0,0,0,0,0,0,0.0,1,1,0.0,1
0.875,0.875,7,0.875,14,1.46125,11.69,1.46125,11.69,1.5568619113426172,127.3,1,7,1.0813995369179317,145.0,0.0,1.271562304971916,1.4334342940889107,18,1.2585507246376813,1.0399209486166008,1.0,1.0,3.0,8,8,16,1.74,-10.46,10.8,1.4,1.1758672525439406,2,8,4,8,0,0,2,0,1,0,0,0,1,0.0,0,1,0.0,0
0.9714285714285714,1.0,14,0.9523809523809523,34,0.6468253966666667,11.64285714,0.5731225295652174,13.18181818,0.7588235294117647,118.6,1,20,1.2783606557377047,121.0,-1.5389610400000002,1.2994236311239193,1.0463414634146342,26,1.2662162162162163,1.0974803149606298,1.2857142857142858,1.0952380952380953,28.0,23,18,35,3.51,-6.790000000000001,8.9,1.4,1.1876220053238686,18,14,37,21,0,0,1,0,0,0,0,1,0,0.7142857142857143,1,0,0.6666666666666666,1
0.0,0.0,0,0.0,0,0.0,0.0,0.0,0.0,1.0663372859025033,136.0,1,0,1.251728743136964,133.1,0.0,1.197718162195498,1.4334342940889107,22,1.302210510906163,1.1281060708036075,0.0,0.0,37.5,0,0,0,-1.7,-18.099999999999998,12.7,3.7,1.1758672525439406,1,0,38,0,0,0,1,0,0,0,1,0,1,0.0,0,1,0.0,1
0.0,0.0,0,0.0,0,0.0,0.0,0.0,0.0,1.5717231848623365,130.0,1,0,1.1990645264164983,130.0,0.0,1.1306197964847364,0.7927536231884058,36,1.117896865520728,1.1229617418778761,1.0,1.0,37.0,7,7,14,-0.92,-17.42,16.2,0.3,1.1819062506030606,0,7,37,7,0,0,1,0,0,0,0,1,0,0.0,1,0,0.0,1
0.16666666666666666,0.3333333333333333,2,0.0,2,1.375,11.0,0.0,0.0,1.0411544227886058,120.0,1,0,1.2125797101449276,120.0,11.0,1.1782208343342142,1.0102538326212618,39,1.0901394585726005,1.1019750589821369,1.3333333333333333,1.3333333333333333,37.0,8,8,12,-0.92,-17.42,16.2,0.3,1.1743905726499018,0,6,37,6,0,0,1,0,0,0,0,1,1,0.16666666666666666,1,1,0.0,1
0.8333333333333334,0.8333333333333334,5,0.8333333333333334,10,1.58333333375,12.66666667,1.9428571428571428,13.6,1.3309782608695653,122.2,1,5,1.2783606557377047,125.0,-0.93333333,1.155188679245283,1.4512849162011174,19,1.2868092691622104,1.2365750528541226,1.3333333333333333,1.1666666666666667,1.0,7,8,12,-4.06,-22.36,15.5,2.8,1.1876220053238686,0,6,1,6,0,0,6,0,1,0,0,0,1,0.0,0,0,0.0,0
0.0,0.0,0,0.0,0,0.0,0.0,0.0,0.0,1.0663372859025033,142.0,1,0,1.3066447908121412,142.0,0.0,1.355244411692459,1.4334342940889107,18,1.2576025080438908,1.277410022972858,0.0,0.0,19.0,0,0,0,0.79,-12.809999999999999,13.9,-0.3,1.1758672525439406,0,0,19,0,1,1,1,0,1,0,1,0,0,0.0,0,1,0.0,1
0.9,0.8,4,1.0,9,2.45,12.25,2.16,10.8,1.1767016491754123,118.2,1,5,1.2013971665852468,129.0,1.4499999999999993,1.1624045504129656,1.4102055872516233,19,1.25372234935164,1.0880586922712827,1.0,1.0,19.0,5,5,10,-3.12,-11.719999999999999,9.4,-0.8,1.1584500394906667,36,5,37,5,0,0,1,0,1,0,0,0,1,0.0,0,0,0.0,1
0.7,0.6,3,0.8,7,0.9722222225,11.66666667,1.0384615384615385,13.5,1.2021517302573204,120.0,0,4,1.2013971665852468,133.1,-1.8333333300000003,1.123776517538332,0.7491078753076292,31,1.25372234935164,1.2179619565217392,2.4,2.6,1.0,13,12,10,-3.12,-11.719999999999999,9.4,-0.8,1.1584500394906667,0,5,1,5,0,0,1,1,0,1,1,1,1,0.0,1,0,0.0,1
1.0,1.0,7,1.0,16,1.6428571425,13.14285714,1.3222222220000002,13.22222222,1.2359420289855074,119.0,1,9,1.225732834939996,133.1,-0.07936508000000053,1.3083536883243772,0.7313379542113002,39,1.1418478260869565,1.2742242031788749,1.1428571428571428,1.1111111111111112,11.0,10,8,16,3.51,-6.790000000000001,8.9,1.4,1.1743905726499018,16,7,19,9,0,0,1,0,0,0,0,1,1,0.2857142857142857,1,0,0.3333333333333333,1
0.8,0.6,3,1.0,8,2.2,11.0,1.4,11.2,0.9177633108579399,116.1,1,5,1.154390451832907,122.0,-0.1999999999999993,1.2639209009952854,1.184466819221968,19,1.233967927278964,1.2799644037630307,1.0,1.6,19.0,8,5,10,1.79,-11.11,12.4,0.5,1.1584500394906667,0,5,19,5,1,1,2,0,1,0,1,0,0,0.0,0,1,0.0,0
1.0,1.0,10,1.0,22,1.1083333333333334,13.3,1.027472527142857,14.38461538,1.0808549506759224,150.0,1,12,0.9864906832298137,150.0,-1.084615379999999,1.245065950170982,1.3316053511705686,23,1.25372234935164,1.2767270531400965,1.2,1.1666666666666667,19.5,14,12,22,3.51,-6.790000000000001,8.9,1.4,1.1584500394906667,37,10,38,12,1,1,1,0,0,0,1,0,0,0.5,0,0,0.5833333333333334,1
0.9,0.8,4,1.0,9,2.15,10.75,2.48,12.4,1.140246768507638,121.7,1,5,1.251728743136964,128.0,-1.6500000000000004,1.225328614762386,1.2294441386901487,20,1.0986103210077205,1.3335857352222766,1.0,1.0,37.5,5,5,10,-3.12,-11.719999999999999,9.4,-0.8,1.1758672525439406,1,5,38,5,1,1,2,0,1,0,0,0,1,0.0,0,0,0.0,0
0.8125,0.8,8,0.8333333333333334,13,0.6875,11.0,1.4,12.6,1.331363224637681,130.2,1,5,1.1081088290210723,133.0,-1.5999999999999996,1.123776517538332,1.4102055872516233,19,1.1436586685910157,1.2179619565217392,1.6,1.5,2.0,9,16,16,3.51,-6.790000000000001,8.9,1.4,1.1584500394906667,2,10,3,6,0,0,2,0,1,0,0,0,1,0.6,0,0,0.0,0
0.5,0.0,0,1.0,6,0.0,0.0,1.349206348888889,12.14285714,1.2413610586011343,161.1,1,6,1.251728743136964,120.0,-12.14285714,1.197718162195498,0.9819806763285025,47,1.0986103210077205,1.1281060708036075,1.0,1.5,37.0,9,6,12,-0.92,-17.42,16.2,0.3,1.1758672525439406,0,6,37,6,0,0,1,0,0,0,1,1,1,0.0,1,0,0.0,1
0.0,0.0,0,0.0,0,0.0,0.0,0.0,0.0,1.0972332015810278,144.2,1,0,1.1990645264164983,161.0,0.0,1.204451156505842,1.4304347826086956,18,1.117896865520728,1.1229617418778761,0.0,0.0,37.0,0,0,0,0.32,-9.879999999999999,7.6,2.6,1.1819062506030606,0,0,37,0,0,0,1,0,1,0,1,0,1,0.0,0,1,0.0,1
1.0,1.0,8,1.0,15,1.6734375,13.3875,1.67321428625,13.38571429,1.129933110367893,121.3,1,7,1.1803307676305388,139.0,0.0017857100000000514,1.225328614762386,1.2294441386901487,19,1.2576025080438908,1.277410022972858,1.0,1.1428571428571428,19.0,8,8,15,1.74,-10.46,10.8,1.4,1.1758672525439406,0,8,19,7,1,1,5,0,1,0,0,0,0,0.0,0,1,0.0,0
0.875,0.875,7,0.875,14,1.72482142875,13.79857143,1.72482142875,13.79857143,1.543190537084399,129.5,1,7,1.154390451832907,143.0,0.0,1.1624045504129656,1.4102055872516233,18,1.2919274890242176,1.2799644037630307,1.0,1.0,28.5,8,8,16,1.74,-10.46,10.8,1.4,1.1584500394906667,19,8,38,8,1,1,6,0,1,0,0,0,0,0.0,0,1,0.0,0
1.0,1.0,6,1.0,12,2.2142857142857144,15.5,2.244897958571429,15.71428571,1.2413610586011343,155.9,1,6,1.1803307676305388,160.0,-0.2142857100000004,1.1672994488671158,1.156304347826087,33,1.0986103210077205,1.277410022972858,1.1666666666666667,1.1666666666666667,28.0,7,7,12,0.79,-12.809999999999999,13.9,-0.3,1.1758672525439406,18,6,37,6,0,0,1,0,0,0,0,1,0,0.3333333333333333,1,0,0.5,1
0.7,0.6,3,0.8,7,1.37037037,12.33333333,1.3611111111111112,12.25,0.683695652173913,125.4,1,4,1.2388505747126437,138.0,0.08333333000000032,1.2770334928229667,1.225164113785558,18,1.2868092691622104,1.3042389210019267,1.8,1.8,10.0,9,9,10,3.51,-6.790000000000001,8.9,1.4,1.1876220053238686,18,5,19,5,1,1,3,0,1,0,0,0,1,0.0,0,1,0.0,0
0.8333333333333334,0.8181818181818182,9,0.8461538461538461,20,1.0,13.0,0.632034631904762,13.27272727,1.49416149068323,134.0,1,11,1.225732834939996,133.1,-0.27272727000000074,1.1782208343342142,1.1110212335692617,21,1.2643147284489245,1.2742242031788749,1.1818181818181819,1.6153846153846154,10.0,21,13,24,0.32,-9.879999999999999,7.6,2.6,1.1743905726499018,18,11,19,13,0,0,1,0,0,0,0,0,0,0.5454545454545454,0,0,0.7692307692307693,1
1.0,1.0,6,1.0,12,1.7346938771428573,12.14285714,2.0277777783333333,12.16666667,1.545408163265306,104.2,1,6,1.2521505376344086,107.0,-0.023809529999999413,1.2170068027210885,1.4512849162011174,20,1.2428571428571429,1.275,1.1666666666666667,1.0,7.0,6,7,12,2.02,-9.68,11.1,0.6,1.1876220053238686,10,6,12,6,0,0,1,0,1,0,0,0,0,0.0,0,1,0.0,1
0.6,0.4,2,0.8,6,1.1363636363636365,12.5,1.1363636363636365,12.5,1.2130202278539874,132.1,1,4,1.2542082169924211,150.0,0.0,1.204451156505842,1.4304347826086956,29,1.117896865520728,1.1229617418778761,2.2,2.2,37.0,11,11,10,-1.7,-18.099999999999998,12.7,3.7,1.1819062506030606,0,5,37,5,0,0,1,0,0,1,0,1,0,0.2,1,1,0.8,1
0.8571428571428571,0.8571428571428571,6,0.8571428571428571,12,2.1404761900000002,14.98333333,2.1404761900000002,14.98333333,1.547589908749329,127.8,1,6,1.1933908806863316,138.0,0.0,1.1782208343342142,1.4404225006140996,19,1.0901394585726005,1.2742242031788749,1.0,1.0,28.0,7,7,14,0.32,-9.879999999999999,7.6,2.6,1.1743905726499018,18,7,37,7,0,0,4,0,1,0,1,0,0,0.0,0,1,0.0,0
0.8571428571428571,0.8571428571428571,6,0.8571428571428571,12,1.8857142857142857,13.2,1.8857142857142857,13.2,1.5717231848623365,128.8,1,6,1.1990645264164983,144.0,0.0,1.204451156505842,1.4304347826086956,19,1.3338955940090156,1.1229617418778761,1.0,1.0,37.5,7,7,14,0.32,-9.879999999999999,7.6,2.6,1.1819062506030606,1,7,38,7,0,0,2,0,1,0,1,0,1,0.0,0,1,0.0,0
0.55,0.375,3,0.6666666666666666,11,1.41666666625,11.33333333,0.9375,11.25,0.8455652173913043,133.9,0,8,1.056521739130435,136.0,0.08333333000000032,0.9590062111801242,1.0228260869565218,26,1.100568702990277,1.1278260869565218,1.0,1.0,3.5,12,8,20,0.32,-9.879999999999999,7.6,2.6,1.1819062506030606,1,8,4,12,0,0,1,0,0,0,1,1,1,0.375,1,0,0.6666666666666666,1
0.875,0.875,7,0.875,14,1.52678571375,12.21428571,1.52678571375,12.21428571,1.5568619113426172,135.0,1,7,1.1803307676305388,139.0,0.0,1.197718162195498,1.4334342940889107,18,1.2576025080438908,1.1916457060725836,1.0,1.0,10.0,8,8,16,-1.7,-18.099999999999998,12.7,3.7,1.1758672525439406,18,8,19,8,1,1,3,0,1,0,0,0,0,0.0,0,1,0.0,0
0.4166666666666667,0.0,0,0.8333333333333334,5,0.0,0.0,1.9666666666666668,11.8,1.331363224637681,128.1,1,5,1.2013971665852468,140.0,-11.8,1.0402415458937198,1.4102055872516233,21,1.25372234935164,0.9138586956521739,1.5,1.0,20.0,6,9,12,-0.92,-17.42,16.2,0.3,1.1584500394906667,38,6,39,6,0,0,3,0,0,0,0,0,1,0.0,0,1,0.0,0
0.8333333333333334,0.8333333333333334,5,0.8333333333333334,10,1.5,12.0,1.511111111111111,13.6,0.901159420289855,122.3,1,5,1.1973403408186016,140.0,-1.5999999999999996,1.245065950170982,0.9867874396135266,22,1.0449937888198757,1.2799644037630307,1.3333333333333333,1.5,28.0,9,8,12,-1.7,-18.099999999999998,12.7,3.7,1.1584500394906667,18,6,37,6,0,0,1,0,0,0,0,0,0,0.0,0,0,0.0,1
0.0,0.0,0,0.0,0,0.0,0.0,0.0,0.0,1.5568619113426172,108.3,1,0,1.1803307676305388,103.0,0.0,1.151400966183575,1.4334342940889107,20,1.2647449755785092,1.277410022972858,2.142857142857143,2.0,10.0,14,15,14,2.02,-9.68,11.1,0.6,1.1758672525439406,18,7,19,7,1,1,1,0,1,0,1,0,0,0.0,0,0,0.0,1
0.0,0.0,0,0.0,0,0.0,0.0,0.0,0.0,0.6712665406427221,112.0,0,0,1.2127443159154367,160.0,0.0,1.355244411692459,0.7234823625922888,25,1.2647449755785092,1.3335857352222766,1.0,1.6,19.5,8,5,10,-3.12,-11.719999999999999,9.4,-0.8,1.1758672525439406,37,5,38,5,0,0,1,0,0,0,0,0,1,0.0,1,0,0.0,1
1.0,1.0,6,1.0,12,2.163265305714286,15.14285714,2.444444445,14.66666667,1.3923076923076922,134.3,1,6,1.1727272727272726,143.0,0.4761904700000006,1.18125,1.4512849162011174,19,1.2932721712538227,1.3042389210019267,1.1666666666666667,1.0,28.5,6,7,12,3.51,-6.790000000000001,8.9,1.4,1.1876220053238686,19,6,38,6,0,0,1,0,1,0,0,0,0,0.0,0,1,0.0,1
0.0,0.0,0,0.0,0,0.0,0.0,0.0,0.0,1.2130202278539874,114.0,0,0,1.1990645264164983,121.0,0.0,1.2806596701649176,1.4304347826086956,19,1.3338955940090156,1.1229617418778761,1.6,2.4,37.5,12,8,10,-3.12,-11.719999999999999,9.4,-0.8,1.1819062506030606,1,5,38,5,0,0,5,0,1,0,0,0,0,0.0,0,1,0.0,0
1.0,1.0,5,1.0,10,2.04,10.2,1.3333333333333333,12.0,1.0296727924697446,119.8,1,5,1.1803307676305388,133.1,-1.8000000000000007,1.151400966183575,0.7234823625922888,26,1.2576025080438908,1.277410022972858,1.0,1.8,19.0,9,5,10,2.02,-9.68,11.1,0.6,1.1758672525439406,0,5,19,5,0,0,1,0,0,0,1,1,1,0.0,1,0,0.0,1
1.0,1.0,6,1.0,12,1.37037037,12.33333333,2.2777777783333333,13.66666667,0.880909090909091,145.3,1,6,1.1939285714285715,140.0,-1.3333333399999994,1.148233215547703,1.4512849162011174,18,1.0831439393939393,1.0974803149606298,1.5,1.0,37.0,6,9,12,0.32,-9.879999999999999,7.6,2.6,1.1876220053238686,0,6,37,6,0,0,1,0,1,0,1,0,0,0.0,0,0,0.0,1
0.5833333333333334,0.5,3,0.6666666666666666,7,0.9166666666666666,11.0,1.2777777777777777,11.5,1.4912388027091983,111.8,1,4,1.1803307676305388,117.0,-0.5,1.151400966183575,1.4334342940889107,19,1.2576025080438908,1.277410022972858,2.0,1.5,19.0,9,12,12,3.51,-6.790000000000001,8.9,1.4,1.1758672525439406,0,6,19,6,0,0,1,0,1,0,1,0,1,0.0,0,1,0.0,1
0.5,0.4,2,0.6,5,0.9090909090909091,10.0,1.29166666625,10.33333333,1.0288695652173914,129.8,1,3,1.2125797101449276,127.0,-0.3333333300000003,1.1803969095591578,1.4404225006140996,22,1.2693138979643126,1.2742242031788749,2.2,1.6,19.0,8,11,10,0.32,-9.879999999999999,7.6,2.6,1.1743905726499018,0,5,19,5,0,0,1,0,0,0,1,0,0,0.0,0,1,0.0,1
0.35714285714285715,0.2857142857142857,2,0.42857142857142855,5,0.7142857142857143,10.0,0.91025641,11.83333333,1.543190537084399,130.0,1,3,1.1973403408186016,133.1,-1.8333333300000003,1.1624045504129656,0.7491078753076292,38,1.0449937888198757,1.0880586922712827,2.0,1.8571428571428572,37.0,13,14,14,-0.92,-17.42,16.2,0.3,1.1584500394906667,0,7,37,7,0,0,1,0,0,1,1,1,0,0.0,1,0,0.0,1
1.0,1.0,8,1.0,15,1.6617283955555555,14.95555556,2.0818367342857145,14.57285714,1.5568619113426172,117.1,1,7,1.3066447908121412,122.0,0.38269842000000054,1.355244411692459,1.4334342940889107,18,1.2576025080438908,1.3335857352222766,1.125,1.0,28.5,7,9,15,1.79,-11.11,12.4,0.5,1.1758672525439406,19,8,38,7,1,1,4,0,1,0,1,0,0,0.0,0,1,0.0,0
0.2777777777777778,0.0,0,0.5,5,0.0,0.0,1.0138888891666666,12.16666667,1.0189981096408318,112.0,1,5,1.1973403408186016,140.0,-12.16666667,1.1624045504129656,0.7491078753076292,45,1.2919274890242176,1.0880586922712827,1.0,1.2,37.5,12,8,18,-1.7,-18.099999999999998,12.7,3.7,1.1584500394906667,1,8,38,10,0,0,1,0,0,1,1,1,0,0.25,1,0,0.4,1
0.9166666666666666,1.0,5,0.8571428571428571,11,1.8666666666666665,11.2,1.133333333,11.33333333,1.0296727924697446,117.4,1,6,1.2127443159154367,117.4,-0.13333333000000103,1.151400966183575,1.156304347826087,21,1.2576025080438908,1.1916457060725836,1.2,1.4285714285714286,10.0,10,6,12,2.02,-9.68,11.1,0.6,1.1758672525439406,18,5,19,7,0,0,1,0,0,0,0,0,0,0.2,0,1,0.5714285714285714,1
0.0,0.0,0,0.0,0,0.0,0.0,0.0,0.0,1.0663865546218485,120.0,1,0,1.1939285714285715,130.0,0.0,1.148233215547703,0.748,25,1.2662162162162163,1.3042389210019267,1.0,1.0,19.0,6,6,12,2.02,-9.68,11.1,0.6,1.1876220053238686,0,6,19,6,0,0,1,0,0,0,1,0,0,0.0,1,0,0.0,1
0.9166666666666666,0.8333333333333334,5,1.0,11,1.08,10.8,1.7619047614285714,12.33333333,1.3541407867494824,125.1,1,6,1.154390451832907,131.0,-1.5333333299999996,1.2639209009952854,1.184466819221968,18,1.233967927278964,1.2799644037630307,1.6666666666666667,1.1666666666666667,19.0,7,10,12,-0.92,-17.42,16.2,0.3,1.1584500394906667,0,6,19,6,0,0,1,0,1,0,1,0,1,0.0,0,0,0.0,1
0.85,0.9,9,0.8,17,0.803418803076923,10.44444444,0.6916666666666667,10.375,0.7911983032873808,107.8,1,8,1.2821204371076491,140.0,0.06944443999999983,1.1672994488671158,0.9819806763285025,33,1.0986103210077205,1.1281060708036075,1.3,1.5,37.0,15,13,20,0.32,-9.879999999999999,7.6,2.6,1.1758672525439406,0,10,37,10,0,0,1,0,0,0,0,1,0,0.7,1,0,0.8,1
0.75,0.75,6,0.75,12,1.183333333,11.83333333,1.183333333,11.83333333,1.543190537084399,121.3,1,6,1.2397006414825373,139.0,0.0,1.1663210702341136,1.4102055872516233,19,1.0449937888198757,1.2767270531400965,1.25,1.25,37.5,10,10,16,-3.12,-11.719999999999999,9.4,-0.8,1.1584500394906667,1,8,38,8,1,1,1,0,1,0,1,0,0,0.0,0,1,0.0,1
1.0,1.0,11,1.0,22,1.2231404954545455,13.45454545,1.2561983472727272,13.81818182,1.3746562616127835,124.5,1,11,1.194817160955946,130.0,-0.36363637000000004,1.318361688720857,1.0745995423340962,20,1.2275607958732497,1.2921636019934695,1.0,1.0,19.0,11,11,22,2.02,-9.68,11.1,0.6,1.1819062506030606,0,11,19,11,1,1,1,0,1,0,0,0,0,0.45454545454545453,0,0,0.45454545454545453,1
1.0,1.0,6,1.0,12,1.4821428575,11.85714286,1.7959183671428571,12.57142857,1.2768658451522903,131.5,1,6,1.1933908806863316,136.0,-0.7142857100000004,1.2021125030704987,1.2069998195922786,18,1.2643147284489245,1.3033971014492753,1.3333333333333333,1.1666666666666667,19.5,7,8,12,0.79,-12.809999999999999,13.9,-0.3,1.1743905726499018,37,6,38,6,0,0,1,0,1,0,0,0,0,0.0,0,1,0.0,1
1.0,1.0,8,1.0,15,1.1425,11.425,1.2395061733333332,11.15555556,1.095283714075166,113.8,1,7,1.2013971665852468,123.0,0.2694444400000009,1.1624045504129656,1.4102055872516233,18,1.233967927278964,1.2799644037630307,1.25,1.2857142857142858,19.0,9,10,15,-1.7,-18.099999999999998,12.7,3.7,1.1584500394906667,0,8,19,7,0,0,1,0,1,0,0,0,0,0.0,0,1,0.0,1
1.0,1.0,6,1.0,12,1.185714286,11.85714286,1.41071428625,11.28571429,1.4912388027091983,130.2,1,6,1.251728743136964,120.0,0.5714285700000001,1.151400966183575,1.4334342940889107,18,1.2576025080438908,1.3335857352222766,1.6666666666666667,1.3333333333333333,28.5,8,10,12,1.79,-11.11,12.4,0.5,1.1758672525439406,19,6,38,6,1,1,1,0,1,0,0,0,0,0.0,0,0,0.0,1
0.6666666666666666,0.625,5,0.7142857142857143,10,1.0571428571428572,14.8,1.1060606063636362,12.16666667,1.1621118012422362,150.0,1,5,1.1933908806863316,150.0,2.633333330000001,1.1697181559973782,1.337458193979933,22,1.2643147284489245,1.2414858951680476,1.75,1.5714285714285714,1.0,11,14,15,3.51,-6.790000000000001,8.9,1.4,1.1743905726499018,0,8,1,7,1,1,1,0,0,0,0,0,1,0.5,0,1,0.14285714285714285,1
0.5,0.5,3,0.5,6,0.7380952378571429,10.33333333,1.0681818181818181,11.75,1.2130202278539874,140.0,0,3,1.1990645264164983,133.1,-1.4166666699999997,1.318361688720857,0.73904412557989,24,1.2275607958732497,1.2921636019934695,2.3333333333333335,1.8333333333333333,19.0,11,14,12,-0.92,-17.42,16.2,0.3,1.1819062506030606,0,6,19,6,0,0,1,1,0,1,0,0,0,0.16666666666666666,1,0,0.3333333333333333,1
0.7142857142857143,0.7142857142857143,5,0.7142857142857143,10,1.4311111111111112,12.88,1.3,13.0,1.5717231848623365,130.1,0,5,1.1990645264164983,133.1,-0.11999999999999922,1.204451156505842,0.73904412557989,37,1.117896865520728,1.1229617418778761,1.2857142857142858,1.4285714285714286,37.0,10,9,14,2.02,-9.68,11.1,0.6,1.1819062506030606,0,7,37,7,0,0,1,0,0,0,1,1,1,0.0,1,0,0.0,1
0.8571428571428571,0.8571428571428571,6,0.8571428571428571,12,1.842857142857143,12.9,1.842857142857143,12.9,1.5717231848623365,125.0,1,6,1.1990645264164983,139.0,0.0,1.318361688720857,1.4304347826086956,19,1.3338955940090156,1.1229617418778761,1.0,1.0,37.5,7,7,14,0.32,-9.879999999999999,7.6,2.6,1.1819062506030606,1,7,38,7,1,1,2,0,1,0,0,0,0,0.0,0,1,0.0,0
0.9166666666666666,1.0,6,0.8333333333333334,11,2.081632652857143,14.57142857,2.0285714285714285,14.2,1.3096192836224372,124.6,1,5,1.2127443159154367,140.0,0.37142857000000085,1.225328614762386,1.4334342940889107,19,1.2647449755785092,1.277410022972858,1.1666666666666667,1.1666666666666667,10.0,7,7,12,-4.06,-22.36,15.5,2.8,1.1758672525439406,18,6,19,6,0,0,1,0,1,0,0,0,0,0.0,0,1,0.0,1
1.0,1.0,6,1.0,12,1.5079365077777778,13.57142857,1.6875,13.5,1.1065804935370154,121.0,1,6,1.3003910743041178,128.0,0.07142857000000014,1.3083536883243772,1.4404225006140996,19,1.2357226792009401,1.3033971014492753,1.5,1.3333333333333333,38.0,8,9,12,2.02,-9.68,11.1,0.6,1.1743905726499018,0,6,38,6,0,0,4,0,1,0,0,0,0,0.0,0,1,0.0,0
0.8,0.8,4,0.8,8,1.8125,14.5,1.5277777777777777,13.75,1.2021517302573204,121.0,1,4,1.2397006414825373,121.0,0.75,1.1624045504129656,1.4102055872516233,19,1.0449937888198757,1.2767270531400965,1.6,1.8,37.5,9,8,10,0.32,-9.879999999999999,7.6,2.6,1.1584500394906667,1,5,38,5,0,0,1,0,1,0,0,0,0,0.0,0,0,0.0,1
0.5,0.5,3,0.5,6,1.0625,12.75,1.1111111108333334,13.33333333,1.0411544227886058,150.0,1,3,1.1126654064272212,150.0,-0.5833333300000003,1.0542490118577075,1.1581913043478262,22,1.2693138979643126,1.2414858951680476,2.0,2.0,10.0,12,12,12,-4.06,-22.36,15.5,2.8,1.1743905726499018,18,6,19,6,0,0,1,0,0,0,1,0,1,0.0,0,0,0.0,1
1.0,1.0,8,1.0,15,2.009375,16.075,2.18367347,15.28571429,1.095283714075166,122.7,1,7,1.1973403408186016,137.0,0.7892857099999997,1.2639209009952854,1.3193236714975844,18,1.0449937888198757,1.0880586922712827,1.0,1.0,37.0,7,8,15,1.79,-11.11,12.4,0.5,1.1584500394906667,0,8,37,7,1,1,1,0,1,0,0,0,0,0.0,0,1,0.0,1
1.0,1.0,6,1.0,12,1.6428571428571428,11.5,1.5625,12.5,1.433108695652174,136.3,1,6,1.154390451832907,130.0,-1.0,1.2639209009952854,1.4102055872516233,18,1.2919274890242176,1.2767270531400965,1.1666666666666667,1.3333333333333333,38.0,8,7,12,1.74,-10.46,10.8,1.4,1.1584500394906667,0,6,38,6,0,0,1,0,1,0,1,0,1,0.0,0,1,0.0,1
0.9333333333333333,1.0,8,0.8571428571428571,14,1.83984375,14.71875,1.74479166625,13.95833333,1.5796068796068796,131.6,1,6,1.0786585365853658,147.0,0.7604166699999997,1.2770334928229667,1.4512849162011174,18,1.1182648401826485,1.2365750528541226,1.0,1.1428571428571428,2.0,8,8,15,2.02,-9.68,11.1,0.6,1.1876220053238686,2,8,3,7,0,0,1,0,1,0,0,0,0,0.0,0,0,0.0,1
0.9166666666666666,0.8333333333333334,5,1.0,11,1.675,13.4,2.1666666666666665,13.0,1.433108695652174,124.8,1,6,1.2013971665852468,130.0,0.40000000000000036,1.1622608695652175,1.4102055872516233,19,1.25372234935164,1.2799644037630307,1.3333333333333333,1.0,10.0,6,8,12,3.51,-6.790000000000001,8.9,1.4,1.1584500394906667,18,6,19,6,0,0,4,0,1,0,0,0,0,0.0,0,1,0.0,0
0.8333333333333334,1.0,6,0.6666666666666666,10,1.2777777777777777,11.5,0.9166666666666666,11.0,1.433108695652174,127.3,1,4,1.2013971665852468,142.0,0.5,1.2639209009952854,1.4102055872516233,18,0.5682898550724638,1.2767270531400965,1.5,2.0,36.0,12,9,12,-3.12,-11.719999999999999,9.4,-0.8,1.1584500394906667,4,6,38,6,1,1,1,0,1,0,0,0,0,0.0,0,0,0.0,1
0.3333333333333333,0.0,0,0.6666666666666666,4,0.0,0.0,1.46875,11.75,1.3309782608695653,102.5,1,4,0.6161764705882353,140.0,-11.75,0.744776119402985,0.748,26,0.5958333333333333,1.0974803149606298,2.0,1.3333333333333333,35.5,8,12,12,0.32,-9.879999999999999,7.6,2.6,1.1876220053238686,3,6,37,6,0,0,1,0,0,0,1,1,0,0.0,1,0,0.0,1
0.75,0.5,3,1.0,9,2.555555555,15.33333333,1.9285714285714286,13.5,1.2130202278539874,138.0,1,6,1.1990645264164983,153.0,1.8333333300000003,1.204451156505842,1.1833540372670808,21,1.117896865520728,1.1229617418778761,1.0,1.1666666666666667,37.0,7,6,12,3.51,-6.790000000000001,8.9,1.4,1.1819062506030606,0,6,37,6,1,1,1,0,0,0,1,0,0,0.0,0,1,0.0,1
1.0,1.0,8,1.0,15,1.70703125,13.65625,2.0630612242857143,14.44142857,1.547589908749329,128.0,1,7,1.2242311770943797,135.0,-0.7851785699999994,1.3083536883243772,1.2069998195922786,18,1.2693138979643126,1.2742242031788749,1.0,1.0,19.0,7,8,15,2.02,-9.68,11.1,0.6,1.1743905726499018,0,8,19,7,1,1,6,0,1,0,1,0,0,0.0,0,1,0.0,0
1.0,1.0,5,1.0,10,2.48,12.4,2.3600000000000003,11.8,0.7911983032873808,160.0,1,5,1.1803307676305388,110.0,0.5999999999999996,1.1051039697542533,0.7234823625922888,44,1.0986103210077205,1.1281060708036075,1.0,1.0,37.0,5,5,10,-4.06,-22.36,15.5,2.8,1.1758672525439406,0,5,37,5,0,0,1,0,0,0,0,1,0,0.0,1,0,0.0,1
0.8,0.8,4,0.8,8,1.6785714285714286,11.75,2.0833333333333335,12.5,1.140246768507638,100.0,1,4,0.5853708439897698,140.0,-0.75,0.6634202898550725,0.7234823625922888,28,0.4900869565217391,0.5699488491048593,1.4,1.2,34.0,6,7,10,0.32,-9.879999999999999,7.6,2.6,1.1758672525439406,0,5,34,5,0,0,2,0,0,0,1,1,0,0.0,1,0,0.0,0
0.9166666666666666,1.0,6,0.8333333333333334,11,1.7380952385714286,12.16666667,1.725,13.8,1.2830584707646178,112.5,1,5,1.2542082169924211,133.1,-1.633333330000001,1.2806596701649176,0.73904412557989,32,1.117896865520728,1.1229617418778761,1.1666666666666667,1.3333333333333333,37.0,8,7,12,-3.12,-11.719999999999999,9.4,-0.8,1.1819062506030606,0,6,37,6,0,0,1,0,0,0,0,1,0,0.0,1,0,0.0,1
0.25,0.0,0,0.5,3,0.0,0.0,0.9038461538461539,11.75,1.0663865546218485,100.0,1,3,1.0786585365853658,133.1,-11.75,1.3345945945945945,0.748,35,1.1182648401826485,1.2365750528541226,1.6666666666666667,2.1666666666666665,2.0,13,10,12,0.79,-12.809999999999999,13.9,-0.3,1.1876220053238686,2,6,3,6,0,0,1,0,0,0,0,1,1,0.0,1,1,0.0,1
0.8181818181818182,0.8181818181818182,9,0.8181818181818182,18,0.6875,11.0,0.5873015871428572,12.33333333,1.2413610586011343,172.0,1,9,1.1803307676305388,140.0,-1.3333333300000003,1.1672994488671158,0.7234823625922888,44,1.0986103210077205,1.146645195920558,1.4545454545454546,1.9090909090909092,20.0,21,16,22,1.79,-11.11,12.4,0.5,1.1758672525439406,34,11,37,11,0,0,1,0,0,0,0,1,1,0.7272727272727273,1,0,0.45454545454545453,1
0.0,0.0,0,0.0,0,0.0,0.0,0.0,0.0,1.0138095238095237,116.3,0,0,1.2388505747126437,133.1,0.0,1.2170068027210885,0.748,32,1.2932721712538227,1.3042389210019267,1.8,1.0,28.5,5,9,10,1.74,-10.46,10.8,1.4,1.1876220053238686,19,5,38,5,0,0,2,0,0,0,0,1,1,0.0,1,0,0.0,0
0.6666666666666666,0.6666666666666666,4,0.6666666666666666,8,0.9583333333333334,11.5,1.3333333333333333,12.0,1.2413610586011343,101.0,1,4,0.8501863354037267,170.0,-0.5,1.0307911617961512,0.7234823625922888,32,0.4900869565217391,1.1916457060725836,2.0,1.5,17.5,9,12,12,0.32,-9.879999999999999,7.6,2.6,1.1758672525439406,33,6,34,6,0,0,1,0,0,0,0,1,0,0.0,1,0,0.0,1
0.9,1.0,5,0.8,9,2.0,12.0,1.75,10.5,0.7367809883877936,120.0,1,4,1.2013971665852468,150.0,1.5,1.1663210702341136,0.7491078753076292,25,1.25372234935164,1.0880586922712827,1.2,1.2,19.0,6,6,10,-3.12,-11.719999999999999,9.4,-0.8,1.1584500394906667,36,5,37,5,0,0,1,0,0,0,0,0,1,0.0,1,0,0.0,1
1.0,1.0,8,1.0,19,1.5,12.0,1.0661157027272727,11.72727273,0.880909090909091,122.5,0,11,1.1939285714285715,120.0,0.27272727000000074,1.148233215547703,1.1583333333333332,28,1.2662162162162163,1.3434108527131783,1.0,1.0,28.5,11,8,19,-4.06,-22.36,15.5,2.8,1.1876220053238686,19,8,38,11,0,0,1,0,0,0,1,1,0,1.0,1,0,1.0,1
0.9333333333333333,1.0,8,0.8571428571428571,14,1.0234375,12.28125,1.089393939090909,11.98333333,1.5568619113426172,114.5,1,6,1.251728743136964,125.0,0.29791666999999933,1.197718162195498,1.2294441386901487,18,1.2576025080438908,1.277410022972858,1.5,1.5714285714285714,19.0,11,12,15,-0.92,-17.42,16.2,0.3,1.1758672525439406,0,8,19,7,0,0,2,0,1,0,1,0,0,0.0,0,1,0.0,0
0.9,0.8,4,1.0,9,1.2666666666666666,11.4,0.9230769230769231,12.0,1.0288695652173914,124.2,1,5,1.3003910743041178,120.0,-0.5999999999999996,1.3083536883243772,1.2069998195922786,18,1.1418478260869565,1.3033971014492753,1.8,2.6,20.5,13,9,10,0.79,-12.809999999999999,13.9,-0.3,1.1743905726499018,35,5,38,5,0,0,1,0,1,0,0,0,1,0.0,0,1,0.0,1
0.9166666666666666,0.8333333333333334,5,1.0,11,1.3111111111111111,11.8,1.5238095242857141,10.66666667,1.2830584707646178,119.0,1,6,1.1990645264164983,133.1,1.133333330000001,1.204451156505842,0.73904412557989,48,1.117896865520728,1.1229617418778761,1.5,1.1666666666666667,37.0,7,9,12,1.74,-10.46,10.8,1.4,1.1819062506030606,0,6,37,6,1,1,1,0,0,0,1,1,0,0.0,1,0,0.0,1
0.3333333333333333,0.3333333333333333,2,0.3333333333333333,5,2.0833333333333335,12.5,1.4814814811111112,13.33333333,1.545408163265306,124.6,0,3,1.2388505747126437,140.0,-0.8333333300000003,0.9646551724137932,1.225164113785558,20,1.2868092691622104,1.19,1.0,1.0,22.5,9,6,15,3.51,-6.790000000000001,8.9,1.4,1.1876220053238686,43,6,44,9,0,0,1,1,1,1,0,0,1,0.3333333333333333,0,1,0.3333333333333333,1
1.0,1.0,5,1.0,10,0.925,14.8,1.1071428575,13.28571429,0.6712665406427221,133.0,1,5,1.1803307676305388,148.0,1.5142857100000011,1.355244411692459,1.4334342940889107,18,1.2576025080438908,1.3335857352222766,3.2,2.4,28.5,12,16,10,1.79,-11.11,12.4,0.5,1.1758672525439406,19,5,38,5,0,0,1,0,1,0,0,0,1,0.0,0,0,0.0,1
0.9166666666666666,0.8333333333333334,5,1.0,11,1.2363636363636363,13.6,1.5178571425,12.14285714,1.0140521739130435,120.0,1,6,1.192080745341615,120.0,1.4571428599999994,1.201176855181432,1.156304347826087,19,1.2576025080438908,1.3335857352222766,1.8333333333333333,1.3333333333333333,28.5,8,11,12,1.79,-11.11,12.4,0.5,1.1758672525439406,19,6,38,6,0,0,1,0,1,0,1,0,1,0.0,0,1,0.0,1
0.5833333333333334,0.5,3,0.6666666666666666,7,0.9444444441666667,11.33333333,1.2222222222222223,11.0,1.0588932806324112,142.7,1,4,1.1933908806863316,150.0,0.3333333300000003,1.1559857057772485,1.2069998195922786,18,1.2643147284489245,1.2414858951680476,2.0,1.5,1.0,9,12,12,0.32,-9.879999999999999,7.6,2.6,1.1743905726499018,0,6,1,6,0,0,1,0,1,1,0,0,0,0.0,0,0,0.0,1
1.0,1.0,5,1.0,10,3.3600000000000003,16.8,3.16,15.8,0.7509316770186336,127.0,1,5,1.19,150.0,1.0,1.0818181818181818,0.748,34,1.0831439393939393,1.3434108527131783,1.0,1.0,37.5,5,5,10,3.51,-6.790000000000001,8.9,1.4,1.1876220053238686,1,5,38,5,0,0,1,0,0,0,0,1,1,0.0,1,0,0.0,1
0.8333333333333334,0.8333333333333334,5,0.8333333333333334,10,1.16,11.6,1.22,12.2,1.0189981096408318,114.2,1,5,1.154390451832907,118.0,-0.5999999999999996,1.2639209009952854,1.4102055872516233,18,1.0449937888198757,1.0880586922712827,1.6666666666666667,1.6666666666666667,37.0,10,10,12,-0.92,-17.42,16.2,0.3,1.1584500394906667,0,6,37,6,0,0,1,0,1,0,1,0,0,0.0,0,0,0.0,1
0.9166666666666666,0.8333333333333334,5,1.0,11,1.4444444444444444,13.0,2.06122449,14.42857143,1.1621118012422362,150.0,1,6,1.0673369565217392,150.0,-1.4285714299999999,1.039782608695652,1.1581913043478262,22,1.1418478260869565,1.0992070002734482,1.5,1.1666666666666667,3.0,7,9,12,0.79,-12.809999999999999,13.9,-0.3,1.1743905726499018,0,6,3,6,0,0,1,0,0,0,1,0,0,0.16666666666666666,0,1,0.3333333333333333,1
0.9230769230769231,1.0,6,0.8571428571428571,12,2.0476190471428573,14.33333333,2.0952380957142855,14.66666667,1.2292035398230086,112.5,1,6,1.1939285714285715,133.1,-0.33333333999999937,1.148233215547703,0.748,30,1.0831439393939393,1.0974803149606298,1.1666666666666667,1.0,37.0,7,7,13,1.74,-10.46,10.8,1.4,1.1876220053238686,0,6,37,7,1,1,1,0,0,0,1,1,0,0.0,1,0,0.0,1
1.0,1.0,8,1.0,15,1.5859375,12.6875,1.60357142875,12.82857143,1.547589908749329,146.6,1,7,1.1933908806863316,133.1,-0.14107143000000022,1.2816864295125163,0.7313379542113002,37,1.0901394585726005,1.1019750589821369,1.0,1.1428571428571428,37.0,8,8,15,0.79,-12.809999999999999,13.9,-0.3,1.1743905726499018,0,8,37,7,0,0,1,0,0,0,0,1,1,0.0,1,0,0.0,1
0.9166666666666666,1.0,6,0.8333333333333334,11,1.4920634922222222,13.42857143,1.25,15.0,1.1776659038901602,113.9,1,5,1.0813995369179317,124.0,-1.5714285700000001,1.271562304971916,1.4334342940889107,19,1.1213355347642635,1.277410022972858,1.5,2.0,11.0,12,9,12,-0.92,-17.42,16.2,0.3,1.1758672525439406,16,6,19,6,0,0,5,0,1,0,0,0,0,0.0,0,1,0.0,0
0.8,0.875,7,0.7142857142857143,12,0.7904166666666667,11.85625,0.9198979592857143,12.87857143,1.547589908749329,101.0,1,5,1.2125797101449276,133.1,-1.0223214299999999,1.1559857057772485,1.4404225006140996,20,1.2357226792009401,1.3033971014492753,1.875,2.0,38.0,14,15,15,-4.06,-22.36,15.5,2.8,1.1743905726499018,0,8,38,7,0,0,1,0,1,0,0,0,1,0.0,0,0,0.0,1
0.0,0.0,0,0.0,0,0.0,0.0,0.0,0.0,1.0972332015810278,136.9,1,0,1.1990645264164983,139.0,0.0,0.9590062111801242,1.4304347826086956,19,1.2275607958732497,1.052902889872429,0.0,0.0,11.0,0,0,0,-3.12,-11.719999999999999,9.4,-0.8,1.1819062506030606,16,0,19,0,1,1,5,0,1,0,0,0,1,0.0,0,1,0.0,0
0.0,0.0,0,0.0,0,0.0,0.0,0.0,0.0,0.9982473879339401,134.7,0,0,1.225732834939996,128.0,0.0,1.1559857057772485,1.2069998195922786,19,1.2643147284489245,1.2414858951680476,0.0,0.0,1.0,0,0,0,1.74,-10.46,10.8,1.4,1.1743905726499018,0,0,1,0,0,0,1,0,1,0,0,0,1,0.0,0,0,0.0,1
0.8571428571428571,0.8571428571428571,6,0.8571428571428571,12,1.9000000000000001,13.3,1.9000000000000001,13.3,1.5717231848623365,118.8,1,6,1.1990645264164983,125.0,0.0,1.204451156505842,1.4304347826086956,24,1.117896865520728,1.1229617418778761,1.0,1.0,37.0,7,7,14,0.32,-9.879999999999999,7.6,2.6,1.1819062506030606,0,7,37,7,0,0,1,0,0,0,1,0,1,0.0,1,0,0.0,1
1.0,1.0,6,1.0,12,1.70833333375,13.66666667,2.444444445,14.66666667,0.8265111346765641,133.0,1,6,1.225732834939996,130.0,-1.0,1.2021125030704987,1.4404225006140996,19,1.1418478260869565,1.2742242031788749,1.3333333333333333,1.0,11.0,6,8,12,1.79,-11.11,12.4,0.5,1.1743905726499018,16,6,19,6,0,0,1,0,1,0,0,0,0,0.0,0,1,0.0,1
1.0,1.0,6,1.0,12,2.020408162857143,14.14285714,1.734375,13.875,1.4763186934451555,129.3,1,6,1.1990645264164983,137.0,0.26785714000000027,1.204451156505842,1.4304347826086956,21,1.2470369797307752,1.2050514162006132,1.1666666666666667,1.3333333333333333,1.0,8,7,12,-0.92,-17.42,16.2,0.3,1.1667984189723322,0,6,1,6,1,1,3,0,0,0,1,0,0,0.0,0,0,0.0,0
0.8333333333333334,0.8333333333333334,5,0.8333333333333334,10,1.8285714285714287,12.8,1.08,10.8,1.3761848805327068,134.0,1,5,1.1803307676305388,135.0,2.0,1.151400966183575,1.4334342940889107,22,1.2576025080438908,1.1281060708036075,1.1666666666666667,1.6666666666666667,28.0,10,7,12,-1.7,-18.099999999999998,12.7,3.7,1.1758672525439406,18,6,37,6,1,1,2,0,0,0,1,0,0,0.0,0,1,0.0,0
0.9,0.8,4,1.0,9,1.7857142857142858,12.5,1.7142857142857142,12.0,1.1621118012422362,128.2,1,5,1.1933908806863316,133.0,0.5,0.8041407867494824,1.4404225006140996,21,1.2643147284489245,1.3033971014492753,1.4,1.4,19.5,7,7,10,0.32,-9.879999999999999,7.6,2.6,1.1743905726499018,37,5,38,5,0,0,3,0,0,0,0,0,0,0.0,0,0,0.0,0
0.2,0.0,0,0.4,2,0.0,0.0,1.1666666666666667,10.5,0.7799621928166351,116.1,1,2,1.0651578320428827,120.0,-10.5,1.151400966183575,1.4334342940889107,22,1.2576025080438908,1.1281060708036075,1.0,1.8,28.0,9,5,10,-1.7,-18.099999999999998,12.7,3.7,1.1758672525439406,18,5,37,5,0,0,1,0,0,0,0,0,1,0.0,0,1,0.0,1
0.8571428571428571,0.8571428571428571,6,0.8571428571428571,12,1.309259258888889,11.78333333,1.3537037033333332,12.18333333,1.5568619113426172,115.6,1,6,1.2821204371076491,125.0,-0.40000000000000036,1.225328614762386,1.4334342940889107,18,1.2647449755785092,1.1916457060725836,1.2857142857142858,1.2857142857142858,1.0,9,9,14,-0.92,-17.42,16.2,0.3,1.1758672525439406,0,7,1,7,0,0,5,0,1,0,0,0,0,0.0,0,1,0.0,0
0.9,1.0,5,0.8,9,1.9000000000000001,11.4,1.2222222222222223,11.0,0.7509316770186336,113.0,1,4,1.2388505747126437,100.0,0.40000000000000036,1.155188679245283,0.748,41,1.2662162162162163,1.3042389210019267,1.2,1.8,19.0,9,6,10,3.51,-6.790000000000001,8.9,1.4,1.1876220053238686,0,5,19,5,1,1,1,0,0,0,1,1,1,0.0,1,0,0.0,1
1.0,1.0,6,1.0,12,1.4444444444444444,13.0,2.3611111116666668,14.16666667,1.168944099378882,126.7,1,6,1.1990645264164983,126.0,-1.1666666699999997,1.139830755763058,1.4304347826086956,20,1.2470369797307752,1.2050514162006132,1.5,1.0,1.0,6,9,12,3.51,-6.790000000000001,8.9,1.4,1.1819062506030606,0,6,1,6,1,1,1,0,1,0,0,0,0,0.0,0,1,0.0,1
1.0,1.0,6,1.0,12,2.0,14.0,2.5,15.0,1.2840579710144928,137.4,1,6,1.194817160955946,130.0,-1.0,1.183961352657005,1.4304347826086956,19,1.2275607958732497,1.2921636019934695,1.1666666666666667,1.0,19.0,6,7,12,-4.06,-22.36,15.5,2.8,1.1819062506030606,0,6,19,6,0,0,2,0,1,0,0,0,0,0.0,0,0,0.0,0
0.08333333333333333,0.16666666666666666,1,0.0,1,1.25,10.0,0.0,0.0,0.8092753623188406,150.0,1,0,1.2542082169924211,150.0,10.0,1.1004459308807135,0.73904412557989,28,1.2470369797307752,1.052902889872429,1.3333333333333333,1.5,2.0,9,8,12,-0.92,-17.42,16.2,0.3,1.1819062506030606,2,6,3,6,0,0,1,0,0,0,0,1,1,0.0,1,0,0.0,1
1.0,1.0,8,1.0,15,1.8359375,14.6875,1.69821428625,13.58571429,1.1362068965517242,128.0,1,7,1.2783606557377047,130.0,1.1017857099999997,1.196590909090909,0.9358381502890174,20,1.2868092691622104,1.0974803149606298,1.0,1.1428571428571428,19.0,8,8,15,-4.06,-22.36,15.5,2.8,1.1876220053238686,36,8,37,7,0,0,1,0,1,0,1,0,1,0.0,0,1,0.0,1
0.08333333333333333,0.0,0,0.16666666666666666,1,0.0,0.0,1.0,10.0,1.2531772575250835,110.0,1,1,1.2013971665852468,134.0,-10.0,1.2639209009952854,0.7491078753076292,24,1.0449937888198757,1.2767270531400965,2.0,1.6666666666666667,37.5,10,12,12,-3.12,-11.719999999999999,9.4,-0.8,1.1584500394906667,1,6,38,6,0,0,1,0,0,0,0,0,0,0.0,1,1,0.0,1
0.9130434782608695,0.9090909090909091,10,0.9166666666666666,21,1.2909090909090908,14.2,1.2045454541666667,14.45454545,1.2413610586011343,110.0,1,11,1.1803307676305388,110.0,-0.2545454500000002,1.1672994488671158,1.1219620958751393,42,1.2576025080438908,1.3335857352222766,1.0,1.0,28.5,12,11,23,2.02,-9.68,11.1,0.6,1.1758672525439406,19,11,38,12,0,0,1,0,0,0,0,1,1,0.6363636363636364,1,0,0.6666666666666666,1
0.7272727272727273,0.6666666666666666,6,0.7692307692307693,16,0.5925925927777778,10.66666667,0.4727272727272727,10.4,0.9895400126023945,106.2,1,10,1.1990645264164983,123.0,0.26666666999999933,1.204451156505842,1.0228260869565218,49,1.117896865520728,1.1229617418778761,2.0,1.6923076923076923,37.0,22,18,22,-1.7,-18.099999999999998,12.7,3.7,1.1819062506030606,0,9,37,13,0,0,1,0,0,0,1,1,0,0.4444444444444444,1,0,0.6923076923076923,1
0.4,0.4,2,0.4,4,1.5,12.0,1.0454545454545454,11.5,0.8092753623188406,128.2,1,2,1.1224184782608695,120.0,0.5,1.1004459308807135,0.7927536231884058,33,1.100568702990277,1.052902889872429,1.6,2.2,3.0,11,8,10,-3.12,-11.719999999999999,9.4,-0.8,1.1819062506030606,0,5,3,5,0,0,1,0,0,0,1,1,0,0.2,1,0,0.2,1
0.5,0.4,2,0.6,5,1.4375,11.5,1.6666666671428572,11.66666667,1.168944099378882,106.0,0,3,0.664626945786366,120.0,-0.16666666999999968,0.7802142407057341,0.73904412557989,28,0.584463768115942,0.6530292230933714,1.6,1.4,34.0,7,8,10,0.32,-9.879999999999999,7.6,2.6,1.1819062506030606,0,5,34,5,0,0,1,0,0,0,1,1,1,0.0,1,1,0.0,1
0.8333333333333334,0.8333333333333334,5,0.8333333333333334,10,1.0,11.0,1.0909090909090908,12.0,1.331363224637681,119.6,1,5,1.2239130434782608,115.0,-1.0,1.1622608695652175,1.184466819221968,22,1.25372234935164,1.2179619565217392,1.8333333333333333,1.8333333333333333,1.0,11,11,12,0.32,-9.879999999999999,7.6,2.6,1.1584500394906667,0,6,1,6,1,1,2,0,0,0,1,0,0,0.0,0,1,0.0,0
0.9166666666666666,1.0,6,0.8333333333333334,11,1.8571428571428572,13.0,1.625,13.0,1.3309782608695653,131.0,1,5,1.1939285714285715,132.0,0.0,1.148233215547703,1.4512849162011174,18,1.0831439393939393,1.3042389210019267,1.1666666666666667,1.3333333333333333,28.0,8,7,12,-4.06,-22.36,15.5,2.8,1.1876220053238686,18,6,37,6,1,1,1,0,1,0,1,0,0,0.0,0,1,0.0,1
0.9285714285714286,1.0,7,0.8571428571428571,13,1.7469387757142858,12.22857143,1.5037037033333334,13.53333333,1.5796068796068796,121.3,1,6,1.2145569620253165,126.0,-1.304761899999999,1.148233215547703,1.4512849162011174,18,1.2662162162162163,1.3042389210019267,1.0,1.2857142857142858,19.0,9,7,14,1.79,-11.11,12.4,0.5,1.1876220053238686,0,7,19,7,1,1,4,0,1,0,0,0,0,0.0,0,1,0.0,0
0.5,0.4,2,0.6,5,1.6875,13.5,1.259259258888889,11.33333333,1.0288695652173914,138.8,0,3,1.225732834939996,143.0,2.1666666699999997,1.1968670076726344,1.4404225006140996,18,1.2643147284489245,1.2414858951680476,1.6,1.8,1.0,9,8,10,3.51,-6.790000000000001,8.9,1.4,1.1743905726499018,0,5,1,5,0,0,1,0,1,0,0,0,1,0.0,0,0,0.0,1
0.0,0.0,0,0.0,0,0.0,0.0,0.0,0.0,0.7812111801242235,120.0,0,0,1.2011857707509879,133.1,0.0,0.772524154589372,0.7491078753076292,29,1.1436586685910157,0.6546057479734708,1.2,2.2,18.5,11,6,10,-3.12,-11.719999999999999,9.4,-0.8,1.1584500394906667,31,5,34,5,0,0,1,1,0,1,0,1,1,0.0,1,0,0.0,1
0.7586206896551724,0.6923076923076923,9,0.8125,22,0.6477732794736842,12.30769231,0.4455128204166667,10.69230769,1.49416149068323,110.0,1,13,1.1933908806863316,110.0,1.6153846200000004,1.1782208343342142,1.0102538326212618,36,1.0901394585726005,1.1019750589821369,1.4615384615384615,1.5,37.0,24,19,29,-4.06,-22.36,15.5,2.8,1.1743905726499018,0,13,37,16,0,0,1,0,0,0,1,1,0,0.6923076923076923,1,0,0.625,1
0.875,0.875,7,0.875,14,1.4775,11.82,1.4775,11.82,1.5568619113426172,118.0,1,7,1.2821204371076491,123.0,0.0,1.271562304971916,1.152445652173913,19,1.0986103210077205,1.1281060708036075,1.0,1.0,37.0,8,8,16,1.74,-10.46,10.8,1.4,1.1758672525439406,0,8,37,8,1,1,1,0,1,0,1,0,0,0.0,0,1,0.0,1
1.0,1.0,6,1.0,12,1.87755102,13.14285714,1.2545454545454546,13.8,1.1776659038901602,150.0,1,6,1.2127443159154367,150.0,-0.6571428600000004,1.0612395929694727,1.156304347826087,20,1.302210510906163,1.3335857352222766,1.1666666666666667,1.8333333333333333,38.0,11,7,12,-0.92,-17.42,16.2,0.3,1.1758672525439406,0,6,38,6,0,0,1,0,1,0,0,0,1,0.16666666666666666,0,1,0.16666666666666666,1
0.0,0.0,0,0.0,0,0.0,0.0,0.0,0.0,1.0808549506759224,115.0,1,0,1.0242050616482803,120.0,0.0,0.9459469417833456,0.9867874396135266,22,1.1436586685910157,1.0820586694604504,1.6666666666666667,2.0,3.0,12,10,12,-0.92,-17.42,16.2,0.3,1.1584500394906667,0,6,3,6,0,0,1,0,0,0,0,0,1,0.0,0,0,0.0,1
1.0,1.0,19,1.0,40,0.6371191136842105,12.10526316,0.5362318839130434,12.33333333,0.901159420289855,125.2,1,21,1.2397006414825373,140.0,-0.22807017000000052,1.1663210702341136,0.9867874396135266,41,1.0449937888198757,1.0880586922712827,1.0,1.0952380952380953,37.0,23,19,40,1.79,-11.11,12.4,0.5,1.1584500394906667,0,19,37,21,0,0,1,0,0,1,1,1,0,1.0,1,0,0.9523809523809523,1
0.8666666666666667,0.875,7,0.8571428571428571,13,1.24125,12.4125,1.2894444444444444,11.605,1.547589908749329,117.2,1,6,1.225732834939996,128.0,0.8074999999999992,1.2816864295125163,1.2069998195922786,20,1.2693138979643126,1.2414858951680476,1.25,1.2857142857142858,10.0,9,10,15,-0.92,-17.42,16.2,0.3,1.1743905726499018,18,8,19,7,0,0,1,0,1,0,0,0,0,0.0,0,1,0.0,1
1.0,1.0,6,1.0,12,2.5277777783333333,15.16666667,2.4166666666666665,14.5,1.4763186934451555,137.2,0,6,1.2542082169924211,147.0,0.6666666699999997,1.189437963944857,1.4304347826086956,18,1.2470369797307752,1.2921636019934695,1.0,1.0,10.0,6,6,12,1.74,-10.46,10.8,1.4,1.1819062506030606,18,6,19,6,0,0,1,0,1,0,1,0,0,0.0,0,0,0.0,1
0.75,0.8333333333333334,5,0.6666666666666666,9,1.5714285714285714,11.0,1.4375,11.5,1.3541407867494824,115.2,1,4,1.1973403408186016,119.0,-0.5,1.1624045504129656,1.184466819221968,21,1.2919274890242176,1.2799644037630307,1.1666666666666667,1.3333333333333333,28.5,8,7,12,-4.06,-22.36,15.5,2.8,1.1584500394906667,19,6,38,6,1,1,1,0,0,0,1,0,1,0.0,0,0,0.0,1
0.8,0.8,4,0.8,8,1.2222222222222223,11.0,0.8928571425,10.71428571,1.0296727924697446,113.0,1,4,1.192080745341615,121.0,0.2857142899999996,1.355244411692459,1.2294441386901487,18,1.302210510906163,1.1281060708036075,1.8,2.4,37.5,12,9,10,0.79,-12.809999999999999,13.9,-0.3,1.1758672525439406,1,5,38,5,1,1,4,0,1,0,0,0,0,0.0,0,1,0.0,0
1.0,1.0,6,1.0,12,1.3518518522222223,12.16666667,1.46031746,13.14285714,1.1776659038901602,140.0,1,6,1.2127443159154367,140.0,-0.9761904700000006,1.1051039697542533,1.156304347826087,21,1.2647449755785092,1.277410022972858,1.5,1.5,10.0,9,9,12,0.79,-12.809999999999999,13.9,-0.3,1.1758672525439406,18,6,19,6,0,0,1,0,0,0,1,0,0,0.0,0,0,0.3333333333333333,1
0.9,1.0,5,0.8,9,1.475,11.8,1.175,11.75,1.0296727924697446,95.0,1,4,1.2378260869565216,133.1,0.05000000000000071,1.1756521739130434,1.4334342940889107,20,1.0986103210077205,1.1281060708036075,1.6,2.0,37.0,10,8,10,2.02,-9.68,11.1,0.6,1.1758672525439406,0,5,37,5,0,0,1,0,1,0,0,0,0,0.0,0,0,0.0,1
0.8333333333333334,1.0,6,0.6666666666666666,10,1.6190476185714286,11.33333333,1.1590909090909092,12.75,1.49416149068323,126.7,1,4,1.2242311770943797,126.0,-1.4166666699999997,1.2021125030704987,1.4404225006140996,19,1.2357226792009401,1.3033971014492753,1.1666666666666667,1.8333333333333333,38.0,11,7,12,0.32,-9.879999999999999,7.6,2.6,1.1743905726499018,0,6,38,6,0,0,1,0,1,0,0,0,0,0.0,0,1,0.0,1
0.0,0.0,0,0.0,0,0.0,0.0,0.0,0.0,1.3096192836224372,129.6,1,0,0.8501863354037267,133.1,0.0,0.8821256038647343,1.4334342940889107,22,1.2647449755785092,1.1916457060725836,0.0,0.0,1.0,0,0,12,0.32,-9.879999999999999,7.6,2.6,1.1758672525439406,0,6,1,6,0,0,6,0,0,0,1,0,0,0.0,0,0,0.0,0
0.75,0.6666666666666666,4,0.8333333333333334,9,1.3,13.0,1.675,13.4,1.168944099378882,134.7,1,5,1.2542082169924211,155.0,-0.40000000000000036,1.2806596701649176,1.2130434782608694,20,1.2470369797307752,1.2921636019934695,1.6666666666666667,1.3333333333333333,10.0,8,10,12,-1.7,-18.099999999999998,12.7,3.7,1.1819062506030606,18,6,19,6,0,0,1,0,1,0,0,0,0,0.0,0,1,0.0,1
1.0,1.0,5,1.0,10,2.3333333333333335,14.0,1.8,14.4,1.2130202278539874,166.6,0,5,1.2542082169924211,170.0,-0.40000000000000036,1.1306197964847364,1.1833540372670808,20,1.2470369797307752,1.2050514162006132,1.2,1.6,1.0,8,6,10,-1.7,-18.099999999999998,12.7,3.7,1.1819062506030606,0,5,1,5,1,0,4,1,1,1,0,0,0,0.0,0,0,0.4,0
1.0,1.0,6,1.0,12,1.5,12.0,1.53125,12.25,1.4763186934451555,128.0,1,6,1.194817160955946,142.0,-0.25,1.318361688720857,1.4304347826086956,19,1.2470369797307752,1.1229617418778761,1.3333333333333333,1.3333333333333333,19.0,8,8,12,-0.92,-17.42,16.2,0.3,1.1819062506030606,36,6,37,6,1,1,1,0,1,0,0,0,0,0.0,0,0,0.0,1
1.0,1.0,6,1.0,12,1.6734693871428572,11.71428571,2.0277777783333333,12.16666667,1.4912388027091983,126.7,1,6,1.251728743136964,130.0,-0.4523809599999993,1.1672994488671158,1.156304347826087,21,1.302210510906163,1.3335857352222766,1.1666666666666667,1.0,38.0,6,7,12,0.79,-12.809999999999999,13.9,-0.3,1.1758672525439406,0,6,38,6,0,0,1,0,0,1,0,0,0,0.3333333333333333,0,0,0.5,1
1.0,1.0,6,1.0,12,2.6666666666666665,16.0,2.265306122857143,15.85714286,1.2130202278539874,123.0,1,6,1.1990645264164983,138.0,0.14285714000000027,1.204451156505842,1.4010869565217392,20,1.117896865520728,1.1229617418778761,1.0,1.1666666666666667,37.0,7,6,12,0.79,-12.809999999999999,13.9,-0.3,1.1819062506030606,0,6,37,6,1,1,1,0,1,0,1,0,0,0.0,0,1,0.0,1
1.0,1.0,8,1.0,15,1.6728395066666666,15.05555556,2.1204081628571427,14.84285714,1.5568619113426172,130.8,1,7,1.1803307676305388,150.0,0.2126984200000006,1.151400966183575,1.2294441386901487,22,1.302210510906163,1.1281060708036075,1.125,1.0,37.5,7,9,15,-0.92,-17.42,16.2,0.3,1.1758672525439406,1,8,38,7,1,1,4,0,0,0,1,0,1,0.0,0,0,0.0,0
0.35714285714285715,0.2857142857142857,2,0.42857142857142855,5,1.1666666666666667,10.5,0.8214285714285714,11.5,1.5568619113426172,120.0,0,3,1.1803307676305388,133.1,-1.0,1.201176855181432,0.7234823625922888,39,1.0986103210077205,1.1281060708036075,1.2857142857142858,2.0,37.0,14,9,14,-0.92,-17.42,16.2,0.3,1.1758672525439406,0,7,37,7,1,0,1,0,0,0,0,1,0,0.0,1,0,0.0,1
0.9,1.0,5,0.8,9,2.84,14.2,2.0,14.0,0.7812111801242235,149.2,1,4,1.0242050616482803,160.0,0.1999999999999993,0.9459469417833456,1.4102055872516233,18,1.1436586685910157,1.0820586694604504,1.0,1.4,3.0,7,5,10,0.32,-9.879999999999999,7.6,2.6,1.1584500394906667,0,5,3,5,0,0,1,0,1,0,0,0,1,0.0,0,0,0.0,1
0.0,0.0,0,0.0,0,0.0,0.0,0.0,0.0,1.0635714285714286,126.7,0,0,1.2388505747126437,127.0,0.0,1.3345945945945945,1.225164113785558,22,1.2868092691622104,1.2365750528541226,0.0,1.0,1.0,1,0,7,1.79,-11.11,12.4,0.5,1.1876220053238686,0,6,1,1,0,0,1,0,0,0,0,0,1,0.0,0,1,0.0,1
0.875,0.875,7,0.875,14,1.66428571375,13.31428571,1.66428571375,13.31428571,1.5717231848623365,123.8,1,7,1.1990645264164983,136.0,0.0,1.204451156505842,1.4304347826086956,19,1.2470369797307752,1.2050514162006132,1.0,1.0,1.0,8,8,16,-1.7,-18.099999999999998,12.7,3.7,1.1819062506030606,0,8,1,8,1,1,4,0,1,0,1,0,0,0.0,0,1,0.0,0
1.0,1.0,8,1.0,15,1.5271604933333334,13.74444444,1.9204081628571428,13.44285714,1.543190537084399,126.8,1,7,1.2013971665852468,141.0,0.30158730000000133,1.3025204788909892,1.4102055872516233,18,1.25372234935164,1.0880586922712827,1.125,1.0,19.0,7,9,15,-0.92,-17.42,16.2,0.3,1.1584500394906667,36,8,37,7,0,0,6,0,1,0,0,0,0,0.0,0,1,0.0,0
0.0,0.0,0,0.0,0,0.0,0.0,0.0,0.0,0.7509316770186336,116.9,0,0,1.1939285714285715,120.0,0.0,1.2770334928229667,1.225164113785558,26,1.2932721712538227,1.124342105263158,1.2,1.0,20.5,5,6,10,1.74,-10.46,10.8,1.4,1.1876220053238686,35,5,38,5,0,0,1,1,0,1,0,1,0,0.0,1,1,0.0,1
1.0,1.0,6,1.0,12,2.5833333333333335,15.5,2.3888888883333332,14.33333333,1.3309782608695653,126.2,1,6,1.0786585365853658,130.0,1.1666666699999997,1.2994236311239193,1.225164113785558,20,1.2428571428571429,1.2365750528541226,1.0,1.0,1.5,6,6,12,1.79,-11.11,12.4,0.5,1.1876220053238686,1,6,2,6,0,0,2,0,1,0,0,0,0,0.0,0,1,0.0,0
0.0,0.0,0,0.0,0,0.0,0.0,0.0,0.0,1.3723199468967806,124.3,1,0,1.2125797101449276,132.0,0.0,1.1803969095591578,1.2069998195922786,18,1.2357226792009401,1.2414858951680476,0.0,0.0,19.5,0,0,12,-4.06,-22.36,15.5,2.8,1.1743905726499018,37,6,38,6,0,0,3,0,1,0,1,0,0,0.0,0,0,0.0,0
0.0,0.0,0,0.0,0,0.0,0.0,0.0,0.0,1.0972332015810278,134.6,1,0,1.2550901378579005,150.0,0.0,1.139830755763058,1.4304347826086956,20,1.3338955940090156,1.2921636019934695,0.0,0.0,28.5,0,0,0,-4.06,-22.36,15.5,2.8,1.1819062506030606,19,0,38,0,0,0,1,0,1,0,0,0,0,0.0,0,0,0.0,1
0.0,0.0,0,0.0,0,0.0,0.0,0.0,0.0,0.640366132723112,121.0,1,0,1.194817160955946,135.0,0.0,1.1306197964847364,1.2130434782608694,19,0.9693363844393593,1.2921636019934695,0.0,0.0,15.5,0,0,10,1.79,-11.11,12.4,0.5,1.1819062506030606,7,5,19,5,0,0,2,0,1,0,1,0,1,0.0,0,0,0.0,0
0.8333333333333334,0.6666666666666666,4,1.0,10,1.0129870127272727,11.14285714,1.9722222216666667,11.83333333,1.1767016491754123,127.6,1,6,1.2013971665852468,130.0,-0.69047619,1.123776517538332,0.9867874396135266,22,1.233967927278964,1.2179619565217392,1.8333333333333333,1.0,10.0,6,11,12,1.74,-10.46,10.8,1.4,1.1584500394906667,18,6,19,6,0,0,2,0,0,0,1,0,1,0.0,0,1,0.6666666666666666,0
0.0,0.0,0,0.0,0,0.0,0.0,0.0,0.0,1.0808549506759224,110.0,1,0,1.1973403408186016,133.1,0.0,1.2639209009952854,0.7491078753076292,31,1.233967927278964,1.0880586922712827,1.6666666666666667,1.3333333333333333,28.0,8,10,12,-0.92,-17.42,16.2,0.3,1.1584500394906667,18,6,37,6,0,0,1,0,0,0,0,1,1,0.0,1,1,0.0,1
0.4,0.6,3,0.2,4,1.3333333330000001,13.33333333,1.6363636363636365,18.0,0.8092753623188406,120.0,1,1,1.2542082169924211,133.1,-4.66666667,1.1306197964847364,0.73904412557989,29,1.2470369797307752,1.2921636019934695,2.0,2.2,10.0,11,10,10,1.74,-10.46,10.8,1.4,1.1819062506030606,18,5,19,5,0,0,1,0,0,0,0,1,1,0.0,1,1,0.0,1
1.0,1.0,6,1.0,12,2.444444445,14.66666667,2.12244898,14.85714286,1.2768658451522903,135.9,1,6,1.0673369565217392,138.0,-0.19047619000000005,1.2816864295125163,1.4404225006140996,18,1.1418478260869565,1.2414858951680476,1.0,1.1666666666666667,2.0,7,6,12,0.79,-12.809999999999999,13.9,-0.3,1.1743905726499018,2,6,3,6,0,0,3,0,1,0,0,0,0,0.0,0,1,0.0,0
1.0,1.0,7,1.0,16,2.020408162857143,14.14285714,1.765432098888889,15.88888889,1.2359420289855074,143.0,1,9,1.2242311770943797,150.0,-1.7460317500000002,1.1803969095591578,0.7313379542113002,40,1.0901394585726005,1.1019750589821369,1.0,1.0,37.0,9,7,16,-1.7,-18.099999999999998,12.7,3.7,1.1743905726499018,0,7,37,9,0,0,1,0,0,0,0,1,0,0.42857142857142855,1,0,0.5555555555555556,1
1.0,1.0,8,1.0,15,1.96875,15.75,1.9959183671428573,13.97142857,1.5568619113426172,131.1,1,7,1.2821204371076491,133.0,1.7785714299999995,1.1672994488671158,1.2294441386901487,18,1.2576025080438908,1.277410022972858,1.0,1.0,19.0,7,8,15,0.79,-12.809999999999999,13.9,-0.3,1.1758672525439406,0,8,19,7,0,0,4,0,1,0,0,0,0,0.0,0,1,0.0,0
0.0,0.0,0,0.0,0,0.0,0.0,0.0,0.0,1.0632,143.3,1,0,1.1939285714285715,120.0,0.0,1.148233215547703,0.9358381502890174,20,1.0831439393939393,1.0974803149606298,0.0,0.0,37.0,0,0,0,0.32,-9.879999999999999,7.6,2.6,1.1876220053238686,0,0,37,0,1,1,3,0,1,0,1,0,0,0.0,0,1,0.0,0
0.9,1.0,5,0.8,9,2.3333333333333335,14.0,1.0833333333333333,13.0,0.8265111346765641,146.2,1,4,1.0673369565217392,150.0,1.0,1.039782608695652,1.4404225006140996,18,0.9892339544513457,0.7983695652173913,1.2,2.4,5.0,12,6,10,-3.12,-11.719999999999999,9.4,-0.8,1.1743905726499018,0,5,5,5,0,0,1,0,1,0,1,0,0,0.0,0,0,0.0,1
0.9166666666666666,0.8333333333333334,5,1.0,11,1.5555555555555556,14.0,1.9285714285714286,13.5,1.168944099378882,132.6,1,6,1.1990645264164983,135.0,0.5,1.318361688720857,1.4304347826086956,18,1.117896865520728,1.1229617418778761,1.5,1.1666666666666667,37.0,7,9,12,3.51,-6.790000000000001,8.9,1.4,1.1819062506030606,0,6,37,6,1,1,1,0,1,0,0,0,0,0.0,0,1,0.0,1
0.5,0.3333333333333333,2,0.6666666666666666,6,0.9285714285714286,13.0,1.45,11.6,0.8265111346765641,131.0,1,4,1.0673369565217392,138.0,1.4000000000000004,1.1697181559973782,1.4404225006140996,19,1.1418478260869565,1.2742242031788749,2.3333333333333335,1.3333333333333333,11.0,8,14,12,2.02,-9.68,11.1,0.6,1.1743905726499018,16,6,19,6,0,0,1,0,1,0,0,0,1,0.0,0,1,0.0,1
1.0,1.0,13,1.0,29,0.8844444446666666,13.26666667,0.7222222222222222,13.0,1.49416149068323,125.2,1,16,0.5651100375738056,129.0,0.26666666999999933,0.701041028781384,1.0102538326212618,23,0.5295313382269904,0.5608695652173913,1.1538461538461537,1.125,34.0,18,15,29,-3.12,-11.719999999999999,9.4,-0.8,1.1743905726499018,0,13,34,16,1,1,6,0,0,0,1,0,0,0.8461538461538461,0,0,0.9375,0
0.7083333333333334,0.6363636363636364,7,0.7692307692307693,17,0.9423076923076923,12.25,0.715909090625,11.45454545,1.0632,133.9,1,10,1.1939285714285715,122.0,0.7954545500000005,1.2994236311239193,1.4037037037037037,25,1.2662162162162163,1.0974803149606298,1.1818181818181819,1.2307692307692308,28.0,16,13,24,1.79,-11.11,12.4,0.5,1.1876220053238686,18,11,37,13,0,0,1,0,0,0,0,0,1,0.45454545454545453,1,1,0.6923076923076923,1
0.1,0.0,0,0.2,1,0.0,0.0,0.75,12.0,1.0296727924697446,119.1,0,1,1.1803307676305388,132.0,-12.0,1.355244411692459,1.4334342940889107,19,1.2576025080438908,1.3335857352222766,1.2,3.2,28.5,16,6,10,0.79,-12.809999999999999,13.9,-0.3,1.1758672525439406,19,5,38,5,0,0,1,0,1,0,0,0,1,0.0,0,0,0.0,1
0.5,0.5,3,0.5,6,0.7111111113333333,10.66666667,1.0,12.0,1.3096192836224372,128.3,0,3,0.5853708439897698,130.0,-1.3333333300000003,1.225328614762386,1.4334342940889107,18,0.4900869565217391,1.3335857352222766,2.5,2.0,36.0,12,15,12,0.32,-9.879999999999999,7.6,2.6,1.1758672525439406,4,6,38,6,1,0,5,0,1,0,0,0,0,0.0,0,1,0.0,0
1.0,1.0,8,1.0,15,1.9875,15.9,1.6734375,13.3875,1.5717231848623365,141.4,1,7,1.194817160955946,157.0,2.512500000000001,0.9590062111801242,1.0228260869565218,21,1.3338955940090156,1.052902889872429,1.0,1.1428571428571428,20.5,8,8,15,0.79,-12.809999999999999,13.9,-0.3,1.1819062506030606,35,8,38,7,0,0,1,0,0,0,0,0,0,0.25,0,0,0.42857142857142855,1
0.75,0.6666666666666666,4,0.8333333333333334,9,1.2,12.0,1.1071428575,13.28571429,0.8092753623188406,130.0,0,5,1.2542082169924211,130.0,-1.2857142899999996,1.1004459308807135,1.1124779073877695,21,1.100568702990277,1.2050514162006132,1.6666666666666667,2.0,2.0,12,10,12,-0.92,-17.42,16.2,0.3,1.1819062506030606,2,6,3,6,0,0,1,0,0,0,0,0,0,0.0,0,1,0.16666666666666666,1
0.9166666666666666,0.8333333333333334,5,1.0,11,1.7428571428571427,12.2,1.944444445,11.66666667,1.0605978260869566,116.3,1,6,1.251728743136964,117.0,0.5333333299999996,1.197718162195498,1.4334342940889107,21,1.2647449755785092,1.1916457060725836,1.1666666666666667,1.0,1.0,6,7,12,1.74,-10.46,10.8,1.4,1.1758672525439406,0,6,1,6,1,1,1,0,0,0,1,0,1,0.0,0,1,0.0,1
1.0,1.0,6,1.0,12,1.944444445,11.66666667,1.7619047614285714,12.33333333,1.2531772575250835,135.5,1,6,1.2239130434782608,133.0,-0.6666666600000006,0.9459469417833456,1.4102055872516233,34,1.2919274890242176,1.2767270531400965,1.0,1.1666666666666667,38.0,7,6,12,1.74,-10.46,10.8,1.4,1.1584500394906667,0,6,38,6,0,0,1,0,0,0,0,1,0,0.0,1,0,0.0,1
0.2,0.0,0,0.4,2,0.0,0.0,1.3125,10.5,1.0138095238095237,128.7,1,2,0.6161764705882353,135.0,-10.5,1.155188679245283,1.225164113785558,22,1.2662162162162163,1.2365750528541226,2.0,1.6,10.0,8,10,10,0.32,-9.879999999999999,7.6,2.6,1.1876220053238686,18,5,19,5,0,0,4,0,0,0,0,0,1,0.0,0,1,0.0,0
0.0,0.0,0,0.0,0,0.0,0.0,0.0,0.0,1.0632,124.3,1,0,1.1939285714285715,140.0,0.0,1.148233215547703,1.4512849162011174,18,1.0831439393939393,1.0974803149606298,0.0,0.0,37.0,0,0,0,0.32,-9.879999999999999,7.6,2.6,1.1876220053238686,0,0,37,0,0,0,3,0,1,0,1,0,1,0.0,0,1,0.0,0
0.75,1.0,6,0.5,9,2.2222222216666667,13.33333333,0.9487179484615385,12.33333333,1.2830584707646178,113.0,1,3,1.1990645264164983,133.1,1.0,1.1004459308807135,0.73904412557989,46,1.117896865520728,1.1229617418778761,1.0,2.1666666666666665,37.0,13,6,12,2.02,-9.68,11.1,0.6,1.1819062506030606,0,6,37,6,0,0,1,0,0,0,0,1,0,0.0,1,0,0.0,1
0.8636363636363636,0.8,8,0.9166666666666666,19,1.3295454545454546,14.625,1.1666666666666667,14.0,1.2413610586011343,130.0,0,11,1.251728743136964,130.0,0.625,1.1672994488671158,0.7327294685990338,23,1.2576025080438908,1.1916457060725836,1.1,1.0,10.0,12,11,22,0.79,-12.809999999999999,13.9,-0.3,1.1758672525439406,18,10,19,12,0,0,1,1,0,1,0,0,0,0.4,0,1,0.5833333333333334,1
0.25,0.16666666666666666,1,0.3333333333333333,3,1.0909090909090908,12.0,0.8076923076923077,10.5,1.0605978260869566,118.0,1,2,1.251728743136964,119.0,1.5,1.1051039697542533,1.2294441386901487,19,1.0986103210077205,1.1281060708036075,1.8333333333333333,2.1666666666666665,37.0,13,11,12,1.74,-10.46,10.8,1.4,1.1758672525439406,0,6,37,6,0,0,1,0,1,0,0,0,1,0.0,0,1,0.0,1
0.1,0.0,0,0.2,1,0.0,0.0,1.6666666666666667,10.0,1.0138095238095237,124.2,1,1,1.1939285714285715,127.0,-10.0,1.2170068027210885,0.9358381502890174,23,1.2868092691622104,0.8368421052631578,1.0,1.2,3.0,6,5,10,-4.06,-22.36,15.5,2.8,1.19,4,5,5,5,0,0,1,0,0,0,0,0,1,0.0,0,1,0.0,1
0.0,0.0,0,0.0,0,0.0,0.0,0.0,0.0,1.0972332015810278,127.8,1,0,1.1990645264164983,139.0,0.0,1.204451156505842,1.4304347826086956,19,1.117896865520728,1.339986123959297,0.0,0.0,37.5,0,0,0,1.74,-10.46,10.8,1.4,1.1819062506030606,1,0,38,0,0,0,4,0,1,0,1,0,0,0.0,0,1,0.0,0
0.5833333333333334,0.5,3,0.6666666666666666,7,0.9444444441666667,11.33333333,0.9375,11.25,1.0588932806324112,114.3,0,4,1.1933908806863316,122.0,0.08333333000000032,1.1782208343342142,1.4404225006140996,20,1.0901394585726005,1.1019750589821369,2.0,2.0,37.0,12,12,12,0.32,-9.879999999999999,7.6,2.6,1.1743905726499018,0,6,37,6,1,0,1,0,1,0,1,0,0,0.0,0,1,0.0,1
1.0,1.0,8,1.0,15,1.9678125,15.7425,1.5145,15.145,1.5568619113426172,137.8,1,7,1.2127443159154367,150.0,0.5975000000000001,1.1051039697542533,1.4334342940889107,18,1.2576025080438908,1.1916457060725836,1.0,1.4285714285714286,10.0,10,8,15,-4.06,-22.36,15.5,2.8,1.1758672525439406,18,8,19,7,0,0,1,0,1,0,1,0,0,0.0,0,0,0.0,1
1.0,1.0,6,1.0,12,2.25,13.5,1.52083333375,12.16666667,1.0588932806324112,123.1,1,6,1.225732834939996,136.0,1.3333333300000003,1.3083536883243772,1.2069998195922786,19,1.2693138979643126,1.2742242031788749,1.0,1.3333333333333333,19.0,8,6,12,2.02,-9.68,11.1,0.6,1.1743905726499018,0,6,19,6,0,0,2,0,1,0,0,0,0,0.0,0,1,0.0,0
0.625,0.625,5,0.625,10,1.0756363636363637,11.832,1.0756363636363637,11.832,1.5568619113426172,100.0,0,5,1.251728743136964,133.1,0.0,1.355244411692459,0.7234823625922888,40,1.0986103210077205,1.1281060708036075,1.375,1.375,37.0,11,11,16,-3.12,-11.719999999999999,9.4,-0.8,1.1758672525439406,0,8,37,8,0,0,1,0,0,0,0,1,0,0.0,1,0,0.0,1
0.0,0.0,0,0.0,0,0.0,0.0,0.0,0.0,0.8792181890706022,95.5,0,0,1.1990645264164983,110.0,0.0,1.204451156505842,0.73904412557989,32,1.117896865520728,1.1229617418778761,2.0,1.0,37.0,6,10,11,1.74,-10.46,10.8,1.4,1.1819062506030606,0,5,37,6,0,0,1,1,0,1,1,1,0,0.0,1,0,0.0,1
0.0,0.0,0,0.0,0,0.0,0.0,0.0,0.0,0.9982473879339401,151.6,1,0,1.1933908806863316,147.0,0.0,1.2816864295125163,1.4404225006140996,19,0.8416337285902503,1.2742242031788749,0.0,0.0,15.5,0,0,0,0.79,-12.809999999999999,13.9,-0.3,1.1743905726499018,7,0,19,0,0,0,3,0,1,0,0,0,0,0.0,0,1,0.0,0
0.0,0.0,0,0.0,0,0.0,0.0,0.0,0.0,1.1776659038901602,172.0,1,0,1.0813995369179317,160.0,0.0,1.271562304971916,0.7234823625922888,26,1.1213355347642635,0.9878260869565217,0.0,0.0,21.0,0,0,12,3.51,-6.790000000000001,8.9,1.4,1.1758672525439406,36,6,39,6,0,0,1,0,0,0,0,1,0,0.0,1,0,0.0,1
0.8571428571428571,0.8571428571428571,6,0.8571428571428571,12,2.00952381,14.06666667,2.00952381,14.06666667,1.547589908749329,128.0,1,6,1.225732834939996,140.0,0.0,1.1782208343342142,1.4404225006140996,18,1.2643147284489245,1.1019750589821369,1.0,1.0,19.0,7,7,14,0.32,-9.879999999999999,7.6,2.6,1.1743905726499018,36,7,37,7,1,1,4,0,1,0,0,0,0,0.0,0,0,0.0,0
0.0,0.0,0,0.0,0,0.0,0.0,0.0,0.0,1.0632,117.0,1,0,1.0786585365853658,125.0,0.0,1.196590909090909,1.225164113785558,22,1.1182648401826485,0.945,0.0,0.0,21.0,0,0,0,1.74,-10.46,10.8,1.4,1.1876220053238686,36,0,39,0,0,0,3,0,0,0,0,0,1,0.0,0,1,0.0,0
1.0,1.0,5,1.0,10,1.6428571428571428,11.5,1.59375,12.75,0.9177633108579399,121.0,1,5,1.2397006414825373,135.0,-1.25,1.1622608695652175,1.184466819221968,18,1.0449937888198757,1.0880586922712827,1.4,1.6,37.0,8,7,10,0.79,-12.809999999999999,13.9,-0.3,1.1584500394906667,0,5,37,5,1,1,3,0,1,0,0,0,1,0.0,0,1,0.0,0
0.0,0.0,0,0.0,0,0.0,0.0,0.0,0.0,1.2292035398230086,151.5,0,0,1.1939285714285715,133.1,0.0,1.148233215547703,0.748,45,1.2662162162162163,1.0974803149606298,1.0,1.1666666666666667,28.0,7,5,11,-0.92,-17.42,16.2,0.3,1.1876220053238686,18,5,37,6,0,0,1,1,0,1,1,1,1,0.0,1,0,0.0,1
0.9,0.8,4,1.0,9,1.4444444444444444,13.0,1.3333333333333333,12.0,1.0296727924697446,117.8,1,5,1.2127443159154367,123.0,1.0,1.197718162195498,1.4334342940889107,20,1.2647449755785092,1.277410022972858,1.8,1.8,10.0,9,9,10,3.51,-6.790000000000001,8.9,1.4,1.1758672525439406,18,5,19,5,0,0,1,0,1,0,0,0,1,0.0,0,0,0.0,1
0.9,1.0,5,0.8,9,1.694444445,10.16666667,2.0416666666666665,12.25,0.7911983032873808,131.8,0,4,1.1803307676305388,150.0,-2.0833333300000003,1.151400966183575,1.4334342940889107,29,1.0986103210077205,1.1281060708036075,1.2,1.2,37.0,6,6,10,1.74,-10.46,10.8,1.4,1.1758672525439406,0,5,37,5,0,0,1,0,0,0,1,1,0,0.0,1,0,0.0,1
0.8333333333333334,0.8333333333333334,5,0.8333333333333334,10,1.0119047616666668,12.14285714,0.8571428571428571,12.0,1.0411544227886058,140.0,1,5,1.225732834939996,140.0,0.14285714000000027,1.039782608695652,1.1110212335692617,23,1.2643147284489245,1.0992070002734482,2.0,2.3333333333333335,2.0,14,12,12,-4.06,-22.36,15.5,2.8,1.1743905726499018,2,6,3,6,0,0,1,0,0,0,0,0,1,0.0,0,1,0.0,1
1.0,1.0,6,1.0,12,1.65625,13.25,2.1111111116666668,12.66666667,1.3723199468967806,156.8,1,6,1.2125797101449276,182.0,0.5833333300000003,1.3083536883243772,1.4404225006140996,18,1.2693138979643126,1.2414858951680476,1.3333333333333333,1.0,10.0,6,8,12,1.74,-10.46,10.8,1.4,1.1743905726499018,18,6,19,6,0,0,1,0,1,0,0,0,0,0.0,0,1,0.0,1
0.3076923076923077,0.0,0,0.5714285714285714,4,0.0,0.0,0.8571428571428571,12.0,1.0411544227886058,120.0,0,4,1.1933908806863316,100.0,-12.0,1.1559857057772485,0.7313379542113002,44,1.2643147284489245,1.0992070002734482,2.6666666666666665,2.0,2.0,14,16,13,-4.06,-22.36,15.5,2.8,1.1743905726499018,2,6,3,7,0,0,1,1,0,1,0,1,1,0.0,1,0,0.2857142857142857,1
1.0,1.0,6,1.0,12,1.41,14.1,1.9375,15.5,1.0808549506759224,116.0,1,6,1.1973403408186016,124.0,-1.4000000000000004,1.2639209009952854,1.4102055872516233,19,1.2919274890242176,1.2799644037630307,1.6666666666666667,1.3333333333333333,28.5,8,10,12,-0.92,-17.42,16.2,0.3,1.1584500394906667,19,6,38,6,0,0,1,0,1,0,0,0,1,0.0,0,0,0.0,1
0.8,0.8,4,0.8,8,1.53968254,13.85714286,1.8333333333333333,11.0,1.0288695652173914,117.8,1,4,1.1933908806863316,129.0,2.8571428599999997,1.3083536883243772,1.4404225006140996,19,1.0901394585726005,1.1019750589821369,1.8,1.2,37.0,6,9,10,1.74,-10.46,10.8,1.4,1.1743905726499018,0,5,37,5,1,1,1,0,1,0,0,0,0,0.0,0,0,0.0,1
1.0,1.0,8,1.0,19,1.84375,14.75,1.2479338845454544,13.72727273,1.2292035398230086,148.0,1,11,1.2783606557377047,140.0,1.0227272700000007,1.148233215547703,0.748,37,1.2662162162162163,1.0974803149606298,1.0,1.0,28.0,11,8,19,1.79,-11.11,12.4,0.5,1.1876220053238686,18,8,37,11,0,0,1,0,0,0,0,1,0,0.5,1,0,0.6363636363636364,1
0.9166666666666666,1.0,6,0.8333333333333334,11,1.53571428625,12.28571429,1.0129870127272727,11.14285714,1.4763186934451555,124.5,1,5,1.1990645264164983,135.0,1.1428571499999993,1.204451156505842,1.4304347826086956,18,1.2275607958732497,1.2921636019934695,1.3333333333333333,1.8333333333333333,19.0,11,8,12,-0.92,-17.42,16.2,0.3,1.1819062506030606,0,6,19,6,1,1,1,0,1,0,1,0,0,0.0,0,0,0.0,1
0.2,0.2,1,0.2,2,1.2222222222222223,11.0,1.0,12.0,0.640366132723112,136.0,1,1,1.1990645264164983,133.1,-1.0,1.264619822790027,1.0228260869565218,31,1.2470369797307752,1.2050514162006132,1.8,2.4,1.0,12,9,10,-0.92,-17.42,16.2,0.3,1.1819062506030606,0,5,1,5,0,0,1,0,0,0,0,1,1,0.0,1,0,0.0,1
1.0,1.0,6,1.0,12,1.944444445,11.66666667,1.41666666625,11.33333333,1.49416149068323,121.5,1,6,0.5651100375738056,126.0,0.33333333999999937,1.039782608695652,1.4404225006140996,18,1.1773913043478261,1.2742242031788749,1.0,1.3333333333333333,24.5,8,6,12,0.32,-9.879999999999999,7.6,2.6,1.1743905726499018,11,6,30,6,0,0,5,0,1,0,0,0,0,0.0,0,1,0.0,0
0.6428571428571429,0.7142857142857143,5,0.5714285714285714,9,1.3755555555555556,12.38,1.26,12.6,1.5717231848623365,132.8,1,4,1.1990645264164983,140.0,-0.21999999999999886,1.183961352657005,0.73904412557989,35,1.117896865520728,1.1229617418778761,1.2857142857142858,1.4285714285714286,37.0,10,9,14,1.79,-11.11,12.4,0.5,1.1819062506030606,0,7,37,7,0,0,1,0,0,0,0,1,1,0.0,1,0,0.0,1
0.875,0.875,7,0.875,14,1.59553571375,12.76428571,1.59553571375,12.76428571,1.5568619113426172,128.3,1,7,1.2127443159154367,140.0,0.0,1.1672994488671158,1.4334342940889107,19,1.2647449755785092,1.1916457060725836,1.0,1.0,1.0,8,8,16,1.74,-10.46,10.8,1.4,1.1758672525439406,0,8,1,8,0,0,2,0,1,0,0,0,0,0.0,0,1,0.0,0
1.0,1.0,6,1.0,12,2.305555555,13.83333333,1.9523809528571427,13.66666667,1.2840579710144928,144.1,1,6,1.2542082169924211,143.0,0.16666666000000063,1.204451156505842,1.4304347826086956,19,1.2470369797307752,1.2050514162006132,1.0,1.1666666666666667,1.0,7,6,12,-1.7,-18.099999999999998,12.7,3.7,1.1819062506030606,0,6,1,6,1,1,2,0,1,0,0,0,1,0.0,0,1,0.0,0
0.9166666666666666,1.0,6,0.8333333333333334,11,2.1111111116666668,12.66666667,1.1454545454545455,12.6,1.0808549506759224,140.0,1,5,1.1973403408186016,133.1,0.06666667000000004,1.123776517538332,0.7491078753076292,29,1.0449937888198757,1.2799644037630307,1.0,1.8333333333333333,28.0,11,6,12,2.02,-9.68,11.1,0.6,1.1584500394906667,18,6,37,6,0,0,1,0,0,1,0,1,0,0.0,1,0,0.0,1
1.0,1.0,5,1.0,10,1.0267857142857142,14.375,1.3376623372727272,14.71428571,0.8455652173913043,142.7,1,5,1.1990645264164983,133.1,-0.3392857100000004,1.139830755763058,0.73904412557989,34,1.3338955940090156,1.2921636019934695,2.8,2.2,28.5,11,14,10,-0.92,-17.42,16.2,0.3,1.1819062506030606,19,5,38,5,1,0,1,0,0,1,0,1,1,0.0,1,0,0.0,1
0.875,0.875,7,0.875,14,1.59642857125,12.77142857,1.59642857125,12.77142857,1.5717231848623365,124.0,1,7,1.2550901378579005,135.0,0.0,1.318361688720857,1.4304347826086956,19,1.117896865520728,1.1229617418778761,1.0,1.0,37.0,8,8,16,-3.12,-11.719999999999999,9.4,-0.8,1.1819062506030606,0,8,37,8,1,1,5,0,1,0,1,0,0,0.0,0,1,0.0,0
1.0,1.0,8,1.0,16,1.53125,13.78125,1.53125,13.78125,1.543190537084399,119.3,1,8,1.2239130434782608,126.0,0.0,1.1622608695652175,1.0364130434782608,19,1.0449937888198757,1.2799644037630307,1.125,1.125,28.0,9,9,16,-3.12,-11.719999999999999,9.4,-0.8,1.1584500394906667,18,8,37,8,1,1,1,0,1,0,1,0,0,0.0,0,0,0.0,1
1.0,1.0,7,1.0,14,2.020408162857143,14.14285714,2.06122449,14.42857143,0.8310789049919485,142.8,1,7,1.1803307676305388,141.0,-0.2857142899999996,1.225328614762386,1.2294441386901487,19,1.2576025080438908,1.277410022972858,1.0,1.0,19.0,7,7,14,-0.92,-17.42,16.2,0.3,1.1758672525439406,0,7,19,7,1,1,1,0,1,0,0,0,0,0.0,0,0,0.0,1
0.0,0.0,0,0.0,0,0.0,0.0,0.0,0.0,0.9622563718140928,170.0,1,0,1.1973403408186016,156.0,0.0,1.1622608695652175,1.4102055872516233,22,1.233967927278964,1.2767270531400965,0.0,0.0,28.5,0,0,0,0.32,-9.879999999999999,7.6,2.6,1.1584500394906667,19,0,38,0,0,0,1,0,0,0,0,0,1,0.0,0,1,0.0,1
0.6666666666666666,0.6923076923076923,9,0.6470588235294118,20,0.903703704,13.55555556,0.679425837368421,12.90909091,1.0972332015810278,155.0,1,11,1.2099177438307875,145.0,0.6464646500000004,1.264619822790027,1.4010869565217392,24,1.100568702990277,1.052902889872429,1.1538461538461537,1.1176470588235294,3.0,19,15,30,1.79,-11.11,12.4,0.5,1.1819062506030606,0,13,3,17,0,0,1,0,0,0,1,0,0,0.6923076923076923,1,1,0.6470588235294118,1
0.3888888888888889,0.25,2,0.5,7,1.3,13.0,0.8923076923076922,11.6,0.810230179028133,121.2,1,5,1.1933908806863316,143.0,1.4000000000000004,1.1559857057772485,1.0102538326212618,25,1.0901394585726005,1.2414858951680476,1.25,1.3,19.0,13,10,18,1.79,-11.11,12.4,0.5,1.1743905726499018,36,8,37,10,0,0,1,0,0,0,0,0,1,0.25,1,1,0.5,1
0.38095238095238093,0.36363636363636365,4,0.4,8,1.0909090909090908,12.0,0.8035714285714286,11.25,0.6712665406427221,108.2,1,4,1.0813995369179317,120.0,0.75,1.151400966183575,1.086482213438735,26,1.1213355347642635,1.1916457060725836,1.0,1.4,2.0,14,11,21,0.32,-9.879999999999999,7.6,2.6,1.1758672525439406,2,11,3,10,0,0,1,0,0,0,0,1,1,0.36363636363636365,1,1,0.4,1
0.1,0.0,0,0.2,1,0.0,0.0,1.0909090909090908,12.0,1.2021517302573204,104.0,1,1,1.154390451832907,133.1,-12.0,0.8200424178154825,0.7491078753076292,26,1.233967927278964,1.0880586922712827,2.4,2.2,28.0,11,12,10,1.74,-10.46,10.8,1.4,1.1584500394906667,18,5,37,5,0,0,1,0,0,0,0,1,0,0.0,1,0,0.0,1
1.0,1.0,8,1.0,16,1.86109375,14.88875,1.86109375,14.88875,1.547589908749329,166.0,1,8,1.1933908806863316,168.0,0.0,1.1559857057772485,1.4404225006140996,18,1.2357226792009401,1.2414858951680476,1.0,1.0,19.5,8,8,16,-3.12,-11.719999999999999,9.4,-0.8,1.1743905726499018,37,8,38,8,0,0,4,0,1,0,0,0,0,0.0,0,1,0.0,0
0.8571428571428571,0.8571428571428571,6,0.8571428571428571,12,1.9857142857142858,13.9,1.9857142857142858,13.9,1.547589908749329,137.3,1,6,1.1933908806863316,142.0,0.0,1.1782208343342142,1.4404225006140996,22,1.0901394585726005,1.3033971014492753,1.0,1.0,37.5,7,7,14,0.32,-9.879999999999999,7.6,2.6,1.1743905726499018,1,7,38,7,1,1,3,0,0,0,1,0,0,0.0,0,1,0.0,0
0.875,0.875,7,0.875,14,1.45446428625,11.63571429,1.45446428625,11.63571429,1.543190537084399,100.5,1,7,1.1973403408186016,133.1,0.0,1.2639209009952854,0.7491078753076292,43,1.0449937888198757,1.2767270531400965,1.0,1.0,37.5,8,8,16,1.74,-10.46,10.8,1.4,1.1584500394906667,1,8,38,8,0,0,1,0,0,0,0,1,1,0.0,1,1,0.0,1
0.1,0.2,1,0.0,1,1.375,11.0,0.0,0.0,0.6712665406427221,125.9,1,0,1.2127443159154367,110.0,11.0,1.1051039697542533,0.7234823625922888,34,1.2647449755785092,1.1916457060725836,1.6,1.4,1.0,7,8,10,1.74,-10.46,10.8,1.4,1.1758672525439406,0,5,1,5,0,0,1,0,0,0,1,1,1,0.0,1,0,0.0,1
0.8666666666666667,0.875,7,0.8571428571428571,13,1.80892857125,14.47142857,1.65892857125,13.27142857,1.5796068796068796,116.8,1,6,1.1939285714285715,122.0,1.200000000000001,0.9646551724137932,1.4512849162011174,20,1.0831439393939393,1.124342105263158,1.0,1.1428571428571428,20.0,8,8,15,0.79,-12.809999999999999,13.9,-0.3,1.1876220053238686,34,8,37,7,0,0,5,0,1,0,0,0,0,0.0,0,1,0.0,0
0.0,0.0,0,0.0,0,0.0,0.0,0.0,0.0,1.543190537084399,110.0,0,0,1.1973403408186016,110.0,0.0,1.1624045504129656,0.7491078753076292,37,1.2919274890242176,1.2767270531400965,1.0,1.0,38.0,8,8,16,-1.7,-18.099999999999998,12.7,3.7,1.1584500394906667,0,8,38,8,0,0,1,0,0,0,1,1,0,0.0,1,0,0.0,1
0.8571428571428571,0.8571428571428571,6,0.8571428571428571,12,1.4629629633333332,13.16666667,1.216666667,12.16666667,0.8792181890706022,113.5,1,6,1.2542082169924211,117.0,1.0,0.7802142407057341,1.1833540372670808,19,1.2275607958732497,1.339986123959297,1.2857142857142858,1.4285714285714286,28.5,10,9,14,1.79,-11.11,12.4,0.5,1.1819062506030606,19,7,38,7,0,0,1,0,1,0,0,0,0,0.0,0,1,0.0,1
0.9629629629629629,0.9090909090909091,10,1.0,26,0.9285714285714286,13.0,0.8308823529411765,14.125,1.2531772575250835,154.0,1,16,1.2239130434782608,150.0,-1.125,1.1622608695652175,1.2388849929873773,37,1.25372234935164,1.2179619565217392,1.2727272727272727,1.0625,1.0,17,14,27,1.79,-11.11,12.4,0.5,1.1584500394906667,0,11,1,16,0,0,1,0,0,0,1,1,1,0.5454545454545454,1,0,0.75,1
0.3333333333333333,0.18181818181818182,2,0.46153846153846156,8,1.2272727272727273,13.5,0.8717948715384616,11.33333333,1.2830584707646178,112.5,1,6,1.1990645264164983,133.1,2.1666666699999997,1.139830755763058,1.0228260869565218,50,1.117896865520728,1.2050514162006132,1.0,1.0,19.0,13,11,24,-0.92,-17.42,16.2,0.3,1.1819062506030606,36,11,37,13,0,0,1,0,0,0,0,1,1,0.18181818181818182,1,0,0.46153846153846156,1
1.0,1.0,8,1.0,15,1.821875,14.575,1.7015625,13.6125,1.5717231848623365,100.0,1,7,1.056521739130435,136.0,0.9624999999999986,0.9590062111801242,1.0228260869565218,18,1.100568702990277,1.052902889872429,1.0,1.1428571428571428,3.0,8,8,15,0.79,-12.809999999999999,13.9,-0.3,1.1819062506030606,0,8,3,7,0,0,1,0,1,0,1,0,0,0.0,0,0,0.0,1
1.0,1.0,5,1.0,10,1.390625,11.125,1.3650793655555555,12.28571429,0.7367809883877936,151.1,1,5,1.1973403408186016,170.0,-1.1607142899999996,1.3025204788909892,0.7491078753076292,48,1.0449937888198757,1.2799644037630307,1.6,1.8,28.0,9,8,10,-0.92,-17.42,16.2,0.3,1.1584500394906667,18,5,37,5,0,0,1,0,0,0,0,1,1,0.0,1,0,0.0,1
0.0,0.0,0,0.0,0,0.0,0.0,0.0,0.0,1.49416149068323,137.0,1,0,0.5651100375738056,133.1,0.0,0.701041028781384,1.4404225006140996,19,1.2693138979643126,1.1019750589821369,0.0,1.6666666666666667,28.0,10,0,12,0.32,-9.879999999999999,7.6,2.6,1.1743905726499018,18,6,37,6,0,0,1,0,1,0,1,0,0,0.0,0,1,0.0,1
0.9166666666666666,1.0,11,0.8461538461538461,22,0.7662337664285713,10.72727273,0.5670995671428571,11.90909091,1.0411544227886058,125.8,1,11,1.231159420289855,130.0,-1.1818181800000005,1.2133779264214046,1.337458193979933,21,1.2643147284489245,1.2414858951680476,1.2727272727272727,1.6153846153846154,1.0,21,14,24,3.51,-6.790000000000001,8.9,1.4,1.1743905726499018,0,11,1,13,0,0,1,0,0,1,1,0,0,0.45454545454545453,0,0,0.5384615384615384,1
0.8333333333333334,0.8333333333333334,5,0.8333333333333334,10,1.7714285714285716,12.4,0.8625,13.8,1.140246768507638,138.5,1,5,1.0702608695652174,142.0,-1.4000000000000004,1.1672994488671158,0.9819806763285025,18,1.302210510906163,1.1916457060725836,1.1666666666666667,2.6666666666666665,19.5,16,7,12,0.79,-12.809999999999999,13.9,-0.3,1.1758672525439406,37,6,38,6,0,0,1,0,1,0,0,0,1,0.0,0,1,0.0,1
0.6,0.25,2,1.0,9,0.5727272727272728,12.6,1.0267676763636364,11.29444444,1.5717231848623365,140.0,1,7,1.1990645264164983,150.0,1.3055555600000002,1.1004459308807135,0.73904412557989,24,1.3338955940090156,1.052902889872429,2.75,1.5714285714285714,20.5,11,22,15,-4.06,-22.36,15.5,2.8,1.1819062506030606,35,8,38,7,0,0,1,0,0,0,0,0,1,0.0,1,0,0.0,1
0.875,0.875,7,0.875,14,1.61803571375,12.94428571,1.61803571375,12.94428571,1.5796068796068796,126.8,1,7,1.1939285714285715,141.0,0.0,1.2170068027210885,1.4512849162011174,18,1.2662162162162163,1.2365750528541226,1.0,1.0,10.0,8,8,16,1.74,-10.46,10.8,1.4,1.1876220053238686,18,8,19,8,0,0,6,0,1,0,0,0,0,0.0,0,1,0.0,0
1.0,1.0,6,1.0,12,2.4166666666666665,14.5,2.2777777783333333,13.66666667,1.2768658451522903,129.3,1,6,1.2125797101449276,137.0,0.8333333300000003,1.1803969095591578,1.4404225006140996,18,1.2643147284489245,1.2414858951680476,1.0,1.0,1.0,6,6,12,-1.7,-18.099999999999998,12.7,3.7,1.1743905726499018,0,6,1,6,0,0,1,0,1,0,1,0,1,0.0,0,1,0.0,1
1.0,1.0,6,1.0,12,2.0277777783333333,12.16666667,1.5079365077777778,13.57142857,1.0605978260869566,123.4,1,6,1.1803307676305388,136.0,-1.4047619000000005,1.1051039697542533,1.4334342940889107,18,1.2647449755785092,1.1916457060725836,1.0,1.5,1.0,9,6,12,3.51,-6.790000000000001,8.9,1.4,1.1758672525439406,0,6,1,6,1,1,2,0,1,0,0,0,0,0.0,0,1,0.0,0
0.0,0.0,0,0.0,0,0.0,0.0,0.0,0.0,1.0632,110.0,1,0,1.2521505376344086,118.0,0.0,1.196590909090909,1.4512849162011174,19,1.0831439393939393,1.0974803149606298,0.0,0.0,37.0,0,0,0,0.79,-12.809999999999999,13.9,-0.3,1.1876220053238686,0,0,37,0,0,0,1,0,1,0,0,0,1,0.0,0,0,0.0,1
1.0,1.0,5,1.0,10,2.32142857125,18.57142857,2.8888888883333332,17.33333333,0.640366132723112,171.2,1,5,1.2542082169924211,168.0,1.2380952399999998,1.189437963944857,1.4304347826086956,18,1.2275607958732497,1.2921636019934695,1.6,1.2,19.0,6,8,10,1.79,-11.11,12.4,0.5,1.1819062506030606,0,5,19,5,1,1,1,0,1,0,1,0,1,0.0,0,0,0.0,1
1.0,1.0,8,1.0,16,1.54,12.32,1.54,12.32,1.5717231848623365,125.0,1,8,1.2542082169924211,141.0,0.0,1.1306197964847364,1.4304347826086956,18,1.2470369797307752,1.339986123959297,1.0,1.0,19.5,8,8,16,-3.12,-11.719999999999999,9.4,-0.8,1.1819062506030606,37,8,38,8,1,1,6,0,1,0,0,0,0,0.0,0,1,0.0,0
0.8,0.6,3,1.0,8,1.3333333333333333,12.0,1.542857142857143,10.8,0.640366132723112,122.5,1,5,1.2180602006688963,126.0,1.1999999999999993,1.3453416149068325,1.4304347826086956,20,1.2470369797307752,1.339986123959297,1.8,1.4,19.5,7,9,10,3.51,-6.790000000000001,8.9,1.4,1.1819062506030606,37,5,38,5,0,0,2,0,1,0,0,0,1,0.0,0,1,0.0,0
0.0,0.0,0,0.0,0,0.0,0.0,0.0,0.0,1.0138998682476945,100.0,0,0,1.1990645264164983,100.0,0.0,1.204451156505842,0.7927536231884058,37,1.117896865520728,1.1229617418778761,2.0,1.0,37.0,5,10,10,1.74,-10.46,10.8,1.4,1.1819062506030606,0,5,37,5,0,0,1,0,0,0,1,1,0,0.0,1,0,0.0,1
0.0,0.0,0,0.0,0,0.0,0.0,0.0,0.0,0.8792181890706022,142.8,1,0,0.664626945786366,133.1,0.0,0.7802142407057341,1.4304347826086956,20,0.584463768115942,0.6530292230933714,2.0,2.0,34.0,12,12,12,0.32,-9.879999999999999,7.6,2.6,1.1819062506030606,0,6,34,6,0,0,1,0,1,0,1,0,1,0.0,0,0,0.0,1
0.7,0.8,4,0.6,7,1.4642857142857142,10.25,1.7619047614285714,12.33333333,1.2067357512953367,126.0,1,3,1.1939285714285715,146.0,-2.0833333300000003,1.2994236311239193,1.4512849162011174,19,1.2868092691622104,1.2365750528541226,1.4,1.4,1.0,7,7,10,0.32,-9.879999999999999,7.6,2.6,1.1876220053238686,0,5,1,5,0,0,1,0,1,0,0,0,0,0.0,0,0,0.0,1
0.8333333333333334,0.6666666666666666,4,1.0,10,1.3333333333333333,12.0,1.45833333375,11.66666667,0.8310789049919485,122.1,1,6,1.2127443159154367,134.0,0.3333333300000003,1.225328614762386,1.2294441386901487,18,1.2576025080438908,1.3335857352222766,1.5,1.3333333333333333,28.5,8,9,12,1.74,-10.46,10.8,1.4,1.1758672525439406,19,6,38,6,1,1,5,0,1,0,0,0,0,0.0,0,1,0.0,0
0.9333333333333333,0.875,7,1.0,14,1.30375,13.0375,1.45982142875,11.67857143,1.5796068796068796,122.1,1,7,1.1939285714285715,130.0,1.3589285699999998,1.196590909090909,1.4512849162011174,19,1.2662162162162163,1.2365750528541226,1.25,1.1428571428571428,10.0,8,10,15,1.79,-11.11,12.4,0.5,1.1876220053238686,18,8,19,7,1,1,5,0,1,0,0,0,0,0.0,0,1,0.0,0
0.9166666666666666,0.8333333333333334,5,1.0,11,1.1272727272727272,12.4,0.8095238092857143,11.33333333,1.4763186934451555,98.5,1,6,1.2542082169924211,133.1,1.06666667,1.189437963944857,0.73904412557989,48,1.117896865520728,1.1229617418778761,1.8333333333333333,2.3333333333333335,37.0,14,11,12,-4.06,-22.36,15.5,2.8,1.1819062506030606,0,6,37,6,0,0,1,0,0,0,1,1,0,0.0,1,0,0.0,1
1.0,1.0,8,1.0,16,1.9125,15.3,1.9125,15.3,1.547589908749329,139.5,1,8,1.1933908806863316,149.0,0.0,1.1782208343342142,1.4404225006140996,18,1.2357226792009401,1.1019750589821369,1.0,1.0,37.5,8,8,16,-3.12,-11.719999999999999,9.4,-0.8,1.1743905726499018,1,8,38,8,1,1,1,0,1,0,1,0,1,0.0,0,0,0.0,1
1.0,1.0,6,1.0,12,1.4027777777777777,12.625,1.10989011,15.53846154,1.1621118012422362,123.0,1,6,1.1933908806863316,138.0,-2.91346154,1.0542490118577075,1.4404225006140996,19,1.2643147284489245,1.0992070002734482,1.5,2.3333333333333335,2.0,14,9,12,-4.06,-22.36,15.5,2.8,1.1743905726499018,2,6,3,6,0,0,1,0,1,0,0,0,0,0.0,0,1,0.16666666666666666,1
0.6666666666666666,0.3333333333333333,2,1.0,8,1.033333333,10.33333333,1.7380952385714286,12.16666667,1.3096192836224372,110.4,0,6,1.3066447908121412,117.0,-1.8333333399999994,1.355244411692459,1.4334342940889107,19,1.302210510906163,1.277410022972858,1.6666666666666667,1.1666666666666667,28.5,7,10,12,-0.92,-17.42,16.2,0.3,1.1758672525439406,19,6,38,6,0,0,3,1,1,1,1,0,0,0.0,0,1,0.0,0
0.4166666666666667,0.0,0,0.8333333333333334,5,0.0,0.0,1.128571429,11.28571429,1.4912388027091983,112.4,1,5,1.2127443159154367,118.0,-11.28571429,1.1672994488671158,1.2294441386901487,19,1.2647449755785092,1.277410022972858,1.1666666666666667,1.6666666666666667,10.0,10,7,12,-0.92,-17.42,16.2,0.3,1.1758672525439406,18,6,19,6,0,0,3,0,1,0,0,0,0,0.0,0,1,0.0,0
0.0,0.0,0,0.0,0,0.0,0.0,0.0,0.0,1.2413610586011343,120.4,0,0,1.1803307676305388,140.0,0.0,1.1672994488671158,1.152445652173913,39,1.0986103210077205,1.1281060708036075,1.0,1.0,37.0,5,4,9,-3.12,-11.719999999999999,9.4,-0.8,1.1758672525439406,0,4,37,5,0,0,2,1,0,1,0,1,0,0.0,1,0,0.0,0
0.8333333333333334,1.0,6,0.6666666666666666,10,1.266666667,12.66666667,1.46875,11.75,1.1542253521126762,103.0,1,4,1.1939285714285715,133.1,0.9166666699999997,1.1960526315789475,1.4512849162011174,20,1.2868092691622104,1.2365750528541226,1.6666666666666667,1.3333333333333333,1.0,8,10,12,1.74,-10.46,10.8,1.4,1.1876220053238686,0,6,1,6,1,1,1,0,1,0,0,0,0,0.0,0,1,0.0,1
1.0,1.0,8,1.0,15,1.8125,14.5,1.9608163271428574,13.72571429,1.5717231848623365,122.4,1,7,1.1990645264164983,125.0,0.7742857099999991,1.204451156505842,1.4304347826086956,19,1.117896865520728,1.2921636019934695,1.0,1.0,28.0,7,8,15,2.02,-9.68,11.1,0.6,1.1819062506030606,18,8,37,7,0,0,1,0,1,0,1,0,1,0.0,0,1,0.0,1
0.875,0.875,7,0.875,14,1.4821428575,11.85714286,1.4821428575,11.85714286,1.547589908749329,118.8,1,7,1.2125797101449276,131.0,0.0,1.1803969095591578,1.0102538326212618,18,1.2643147284489245,1.3033971014492753,1.0,1.0,19.5,8,8,16,-1.7,-18.099999999999998,12.7,3.7,1.1743905726499018,37,8,38,8,1,1,1,0,1,0,1,0,0,0.0,0,0,0.0,1
0.4166666666666667,0.3333333333333333,2,0.5,5,1.41666666625,11.33333333,1.375,11.0,1.3761848805327068,122.8,1,3,1.1803307676305388,135.0,0.3333333300000003,1.151400966183575,0.9819806763285025,20,1.2576025080438908,1.277410022972858,1.3333333333333333,1.3333333333333333,19.0,8,8,12,1.74,-10.46,10.8,1.4,1.1758672525439406,0,6,19,6,1,1,1,0,1,0,1,0,1,0.0,0,1,0.0,1
1.0,1.0,8,1.0,15,1.312222222,13.12222222,1.72232142875,13.77857143,1.5568619113426172,122.7,1,7,1.251728743136964,137.0,-0.6563492100000001,1.355244411692459,1.4334342940889107,18,1.302210510906163,1.3335857352222766,1.25,1.1428571428571428,38.0,8,10,15,-0.92,-17.42,16.2,0.3,1.1758672525439406,0,8,38,7,1,1,3,0,1,0,0,0,0,0.0,0,1,0.0,0
0.7333333333333333,0.625,5,0.8571428571428571,11,1.475,11.8,1.283333333,12.83333333,1.1542253521126762,116.3,1,6,1.1939285714285715,130.0,-1.0333333299999996,1.2170068027210885,1.1977777777777778,20,1.2868092691622104,1.2365750528541226,1.0,1.4285714285714286,1.0,10,8,15,-1.7,-18.099999999999998,12.7,3.7,1.1876220053238686,0,8,1,7,1,1,1,0,1,0,0,0,0,0.25,0,1,0.42857142857142855,1
0.0,0.0,0,0.0,0,0.0,0.0,0.0,0.0,1.5796068796068796,141.0,1,0,1.1939285714285715,137.0,0.0,1.148233215547703,0.748,36,1.0831439393939393,1.0974803149606298,0.0,0.0,37.0,0,0,15,1.79,-11.11,12.4,0.5,1.1876220053238686,0,8,37,7,0,0,1,0,0,0,1,1,1,0.0,1,0,0.0,1
0.5,0.6,3,0.4,5,1.4074074077777778,12.66666667,0.7857142857142857,11.0,0.7799621928166351,143.9,1,2,1.2821204371076491,132.0,1.6666666699999997,1.271562304971916,1.4334342940889107,20,1.2647449755785092,1.1916457060725836,1.8,2.8,1.0,14,9,10,-3.12,-11.719999999999999,9.4,-0.8,1.1758672525439406,0,5,1,5,0,0,1,0,1,0,1,0,1,0.0,0,1,0.0,1
1.0,1.0,6,1.0,12,2.1388888883333332,12.83333333,2.1666666666666665,13.0,1.4763186934451555,143.5,1,6,1.1990645264164983,148.0,-0.16666666999999968,1.204451156505842,1.4304347826086956,18,1.117896865520728,1.1229617418778761,1.0,1.0,37.0,6,6,12,1.74,-10.46,10.8,1.4,1.1819062506030606,0,6,37,6,0,0,1,0,1,0,1,0,0,0.0,0,0,0.0,1
0.875,0.875,7,0.875,14,1.5103571425,12.08285714,1.5103571425,12.08285714,1.5796068796068796,120.3,1,7,1.1939285714285715,134.0,0.0,1.148233215547703,1.4512849162011174,18,1.0831439393939393,1.3434108527131783,1.0,1.0,37.5,8,8,16,1.74,-10.46,10.8,1.4,1.1876220053238686,1,8,38,8,1,1,3,0,1,0,1,0,0,0.0,0,1,0.0,0
1.0,1.0,7,1.0,17,1.7346938771428573,12.14285714,1.25,12.5,1.2359420289855074,144.3,1,10,1.225732834939996,133.1,-0.35714285999999973,1.2021125030704987,0.7313379542113002,41,1.2693138979643126,1.2414858951680476,1.0,1.0,10.0,10,7,17,1.74,-10.46,10.8,1.4,1.1743905726499018,18,7,19,10,0,0,1,0,0,0,0,1,1,0.42857142857142855,1,0,0.6,1
0.75,0.75,6,0.75,12,0.9733333333333333,11.68,0.9733333333333333,11.68,1.543190537084399,112.7,1,6,1.1081088290210723,120.0,0.0,0.9459469417833456,0.9867874396135266,21,1.135144927536232,1.0820586694604504,1.5,1.5,22.0,12,12,16,1.74,-10.46,10.8,1.4,1.1584500394906667,38,8,41,8,0,0,2,0,0,0,1,0,0,0.0,0,0,0.0,0
1.0,1.0,5,1.0,10,2.1999999999999997,13.2,1.75,14.0,0.683695652173913,107.4,1,5,1.0786585365853658,113.0,-0.8000000000000007,1.2994236311239193,1.4512849162011174,18,1.3909090909090909,1.3434108527131783,1.2,1.6,21.0,8,6,10,3.51,-6.790000000000001,8.9,1.4,1.1876220053238686,34,5,38,5,0,0,3,0,1,0,0,0,1,0.0,0,1,0.0,0
0.2222222222222222,0.0,0,1.0,2,0.0,0.0,6.25,12.5,1.218035426731079,104.5,1,2,1.1933908806863316,133.1,-12.5,1.1782208343342142,1.4404225006140996,21,1.2693138979643126,1.2742242031788749,0.0,1.0,19.0,2,0,9,1.79,-11.11,12.4,0.5,1.1743905726499018,0,7,19,2,0,0,2,0,0,0,1,0,0,0.0,0,1,0.0,0
1.0,1.0,6,1.0,12,2.3333333333333335,14.0,2.305555555,13.83333333,1.3309782608695653,136.7,1,6,1.236,143.0,0.16666666999999968,1.3345945945945945,1.4512849162011174,18,1.2868092691622104,1.3434108527131783,1.0,1.0,19.5,6,6,12,2.02,-9.68,11.1,0.6,1.1876220053238686,37,6,38,6,1,1,1,0,1,0,1,0,0,0.0,0,1,0.0,1
0.9166666666666666,0.8333333333333334,5,1.0,11,2.142857142857143,15.0,2.0,14.0,1.2768658451522903,138.1,1,6,1.225732834939996,150.0,1.0,1.1697181559973782,1.4404225006140996,19,1.2643147284489245,1.2414858951680476,1.1666666666666667,1.1666666666666667,1.0,7,7,12,2.02,-9.68,11.1,0.6,1.1743905726499018,0,6,1,6,0,0,1,0,1,0,1,0,0,0.0,0,1,0.0,1
1.0,1.0,8,1.0,15,1.514197531111111,13.62777778,2.020816327142857,14.14571429,1.5568619113426172,129.2,1,7,1.1803307676305388,135.0,-0.5179365100000002,1.151400966183575,1.2294441386901487,18,1.2576025080438908,1.3335857352222766,1.125,1.0,28.5,7,9,15,2.02,-9.68,11.1,0.6,1.1758672525439406,19,8,38,7,1,1,1,0,1,0,1,0,0,0.0,0,0,0.0,1
1.0,1.0,6,1.0,12,2.055555555,12.33333333,1.944444445,11.66666667,1.2840579710144928,116.8,1,6,1.2542082169924211,122.0,0.6666666600000006,1.318361688720857,1.2130434782608694,18,1.2470369797307752,1.2050514162006132,1.0,1.0,1.0,6,6,12,-0.92,-17.42,16.2,0.3,1.1819062506030606,0,6,1,6,0,0,1,0,1,1,0,0,0,0.0,0,1,0.0,1
0.5833333333333334,0.3333333333333333,2,0.8333333333333334,7,1.6875,13.5,1.25,12.5,1.2067357512953367,160.0,1,5,1.2388505747126437,160.0,1.0,1.3345945945945945,1.2134920634920636,23,0.94,1.3434108527131783,1.3333333333333333,1.6666666666666667,25.0,10,8,12,1.79,-11.11,12.4,0.5,1.1876220053238686,26,6,38,6,0,0,1,0,0,0,0,0,1,0.16666666666666666,0,1,0.16666666666666666,1
1.0,1.0,8,1.0,15,1.9578125,15.6625,1.9824489799999998,13.87714286,1.5568619113426172,119.8,1,7,1.251728743136964,117.0,1.7853571400000003,1.151400966183575,1.4334342940889107,18,1.2585507246376813,1.1698757763975156,1.0,1.0,8.0,7,8,15,1.79,-11.11,12.4,0.5,1.1758672525439406,8,8,12,7,0,0,6,0,1,0,0,0,0,0.0,0,1,0.0,0
0.9166666666666666,0.8333333333333334,5,1.0,11,1.625,13.0,2.3611111116666668,14.16666667,1.3923076923076922,124.5,1,6,1.2783606557377047,128.0,-1.1666666699999997,1.196590909090909,1.225164113785558,18,1.0831439393939393,1.0974803149606298,1.3333333333333333,1.0,37.0,6,8,12,1.74,-10.46,10.8,1.4,1.1876220053238686,0,6,37,6,0,0,3,0,1,0,1,0,1,0.0,0,1,0.0,0
0.3333333333333333,0.0,0,0.6666666666666666,4,0.0,0.0,1.2,12.0,0.901159420289855,116.8,0,4,1.2239130434782608,128.0,-12.0,1.1624045504129656,1.0364130434782608,19,1.2919274890242176,1.0880586922712827,2.0,1.6666666666666667,37.5,10,12,12,1.74,-10.46,10.8,1.4,1.1584500394906667,1,6,38,6,0,0,3,0,1,0,0,0,1,0.0,0,1,0.0,0
0.16666666666666666,0.0,0,0.3333333333333333,2,0.0,0.0,0.8125,13.0,1.1776659038901602,104.1,0,2,1.2127443159154367,109.0,-13.0,1.151400966183575,1.2294441386901487,21,1.2576025080438908,1.277410022972858,1.3333333333333333,2.6666666666666665,19.0,16,8,12,-4.06,-22.36,15.5,2.8,1.1758672525439406,0,6,19,6,1,0,1,1,0,1,0,0,0,0.0,0,1,0.0,1
0.2222222222222222,0.0,0,0.6666666666666666,2,0.0,0.0,3.3333333333333335,10.0,1.3723199468967806,140.0,0,2,1.1933908806863316,140.0,-10.0,1.2816864295125163,0.7131609870740305,23,1.0901394585726005,1.1505314009661836,0.0,1.0,19.5,3,0,9,1.74,-10.46,10.8,1.4,1.1743905726499018,35,6,37,3,0,0,1,0,0,0,0,0,0,0.0,0,0,0.0,1
0.75,0.8333333333333334,5,0.6666666666666666,9,1.0909090909090908,12.0,1.0,13.0,1.2130202278539874,140.0,0,4,1.2542082169924211,140.0,-1.0,1.139830755763058,1.1124779073877695,20,1.3338955940090156,1.1229617418778761,1.8333333333333333,2.1666666666666665,37.5,13,11,12,-0.92,-17.42,16.2,0.3,1.1819062506030606,1,6,38,6,0,0,1,1,1,1,0,0,0,0.16666666666666666,0,0,0.16666666666666666,1
0.5263157894736842,0.7142857142857143,5,0.4166666666666667,10,1.5999999999999999,11.2,0.725,11.6,1.0140521739130435,162.4,0,5,1.2127443159154367,111.0,-0.40000000000000036,1.0307911617961512,0.7234823625922888,49,1.2647449755785092,1.146645195920558,1.0,1.3333333333333333,2.0,16,7,19,3.51,-6.790000000000001,8.9,1.4,1.1758672525439406,2,7,3,12,0,0,1,1,0,1,0,1,1,0.2857142857142857,1,0,0.3333333333333333,1
0.0,0.0,0,0.0,0,0.0,0.0,0.0,0.0,1.5796068796068796,100.0,1,0,1.0786585365853658,133.1,0.0,0.9646551724137932,0.748,24,1.2868092691622104,1.124342105263158,1.0,3.0,2.0,21,7,14,-0.92,-17.42,16.2,0.3,1.1876220053238686,2,7,3,7,0,0,1,0,0,1,1,0,1,0.0,1,0,0.0,1
0.8,0.8,4,0.8,8,1.3555555555555554,12.2,1.2363636363636363,13.6,1.1621118012422362,129.9,1,4,1.2242311770943797,140.0,-1.4000000000000004,1.1782208343342142,1.2069998195922786,19,1.0901394585726005,1.3033971014492753,1.8,2.2,37.5,11,9,10,-3.12,-11.719999999999999,9.4,-0.8,1.1743905726499018,1,5,38,5,0,0,1,0,1,0,0,0,0,0.0,0,0,0.0,1
0.875,0.875,7,0.875,14,1.71428571375,13.71428571,1.71428571375,13.71428571,1.5568619113426172,123.0,1,7,1.251728743136964,133.1,0.0,1.225328614762386,1.4334342940889107,19,1.2647449755785092,1.1916457060725836,1.0,1.0,1.0,8,8,16,-1.7,-18.099999999999998,12.7,3.7,1.1758672525439406,0,8,1,8,0,0,5,0,1,0,0,0,0,0.0,0,1,0.0,0
0.6,0.4,2,0.8,6,1.25,12.5,1.35,10.8,1.0138095238095237,120.8,1,4,1.2783606557377047,132.0,1.6999999999999993,1.196590909090909,1.225164113785558,18,1.2932721712538227,1.3042389210019267,2.0,1.6,28.5,8,10,10,2.02,-9.68,11.1,0.6,1.1876220053238686,19,5,38,5,1,1,4,0,1,0,1,0,1,0.0,0,1,0.0,0
0.6153846153846154,0.3333333333333333,2,0.8571428571428571,8,2.3333333333333335,14.0,1.8571428571428572,13.0,0.9895400126023945,100.0,0,6,1.2099177438307875,133.1,1.0,1.189437963944857,1.4425787106446777,26,1.3719063545150503,1.2050514162006132,1.0,1.0,21.0,7,6,13,2.02,-9.68,11.1,0.6,1.3512422360248448,40,6,41,7,0,0,1,1,0,1,0,1,1,0.3333333333333333,1,0,0.8571428571428571,1
0.9583333333333334,1.0,12,0.9166666666666666,23,0.7714285715,15.42857143,0.7449392710526316,14.15384615,1.1621118012422362,138.8,1,11,1.0673369565217392,127.0,1.2747252800000002,1.2021125030704987,0.9677345537757437,22,1.1418478260869565,1.0992070002734482,1.6666666666666667,1.5833333333333333,3.0,19,20,24,3.51,-6.790000000000001,8.9,1.4,1.1743905726499018,0,12,3,12,0,0,1,0,0,0,0,0,0,0.4166666666666667,0,1,0.3333333333333333,1
0.6111111111111112,0.7,7,0.5,11,0.651785714375,10.42857143,0.8076923076923077,10.5,1.2292035398230086,128.5,0,4,1.2388505747126437,120.0,-0.07142857000000014,1.155188679245283,1.0463414634146342,26,1.2868092691622104,1.2365750528541226,1.6,1.625,1.0,13,16,18,1.79,-11.11,12.4,0.5,1.1876220053238686,0,10,1,8,0,0,1,1,0,1,1,1,1,0.5,1,0,0.25,1
1.0,1.0,8,1.0,16,1.75890625,14.07125,1.75890625,14.07125,1.547589908749329,128.5,1,8,1.1126654064272212,133.0,0.0,1.1782208343342142,1.4404225006140996,19,1.2693138979643126,1.1019750589821369,1.0,1.0,28.0,8,8,16,-3.12,-11.719999999999999,9.4,-0.8,1.1743905726499018,18,8,37,8,1,1,2,0,1,0,0,0,0,0.0,0,1,0.0,0
0.5,0.4,2,0.6,5,0.9615384615384616,12.5,1.1851851855555555,10.66666667,0.9895400126023945,118.8,1,3,1.2542082169924211,123.0,1.8333333300000003,1.183961352657005,1.4304347826086956,21,1.2470369797307752,1.2050514162006132,2.6,1.8,1.0,9,13,10,0.32,-9.879999999999999,7.6,2.6,1.1819062506030606,0,5,1,5,0,0,1,0,0,0,0,0,0,0.0,0,1,0.0,1
1.0,1.0,6,1.0,12,2.4722222216666667,14.83333333,2.4722222216666667,14.83333333,1.331363224637681,157.9,1,6,1.1872670807453416,153.0,0.0,1.1474308300395257,1.4102055872516233,18,1.25372234935164,1.2179619565217392,1.0,1.0,1.0,6,6,12,3.51,-6.790000000000001,8.9,1.4,1.1584500394906667,0,6,1,6,1,0,1,0,1,1,0,0,0,0.0,0,0,0.0,1
1.0,1.0,5,1.0,10,2.2,15.4,2.305555555,13.83333333,0.7367809883877936,124.0,1,5,1.1973403408186016,130.0,1.56666667,1.1624045504129656,0.9867874396135266,31,1.0449937888198757,1.0880586922712827,1.4,1.2,37.0,6,7,10,-3.12,-11.719999999999999,9.4,-0.8,1.1584500394906667,0,5,37,5,0,0,1,0,0,0,1,1,1,0.0,1,0,0.2,1
1.0,1.0,5,1.0,10,1.1400000000000001,11.4,1.7142857142857142,12.0,0.9177633108579399,117.4,1,5,1.1973403408186016,123.0,-0.5999999999999996,1.2639209009952854,1.4102055872516233,18,1.25372234935164,1.2179619565217392,2.0,1.4,1.0,7,10,10,3.51,-6.790000000000001,8.9,1.4,1.1584500394906667,0,5,1,5,1,1,4,0,1,0,0,0,0,0.0,0,1,0.0,0
0.875,0.875,7,0.875,14,1.72678571375,13.81428571,1.72678571375,13.81428571,1.5568619113426172,130.3,1,7,1.251728743136964,144.0,0.0,1.197718162195498,1.4334342940889107,18,1.2576025080438908,1.277410022972858,1.0,1.0,19.0,8,8,16,-1.7,-18.099999999999998,12.7,3.7,1.1758672525439406,0,8,19,8,1,1,6,0,1,0,1,0,0,0.0,0,1,0.0,0
0.6666666666666666,0.6666666666666666,4,0.6666666666666666,8,1.0166666666666666,12.2,1.0454545454545454,11.5,1.2021517302573204,150.0,1,4,1.1872670807453416,150.0,0.6999999999999993,1.163858695652174,1.2388849929873773,23,1.233967927278964,1.2767270531400965,2.0,1.8333333333333333,28.5,11,12,12,3.51,-6.790000000000001,8.9,1.4,1.1584500394906667,19,6,38,6,0,0,1,0,0,0,0,0,0,0.0,0,1,0.0,1
0.7692307692307693,0.8333333333333334,5,0.7142857142857143,10,1.6199999999999999,11.34,1.216,12.16,1.547589908749329,100.0,0,5,1.3003910743041178,133.1,-0.8200000000000003,1.1559857057772485,1.1110212335692617,33,1.1418478260869565,1.2414858951680476,1.1666666666666667,1.4285714285714286,2.0,10,7,13,1.79,-11.11,12.4,0.5,1.2709565217391303,2,6,3,7,0,0,1,0,0,0,0,1,0,0.0,1,1,0.14285714285714285,1
0.875,0.8888888888888888,8,0.8571428571428571,14,1.4166666666666667,12.75,1.0909090909090908,12.0,1.3746562616127835,130.0,1,6,1.2542082169924211,130.0,0.75,1.139830755763058,1.1124779073877695,19,1.2470369797307752,1.2050514162006132,1.0,1.5714285714285714,1.0,11,9,16,-0.92,-17.42,16.2,0.3,1.1819062506030606,0,9,1,7,0,0,1,0,1,0,0,0,0,0.5555555555555556,0,1,0.2857142857142857,1
0.875,0.8571428571428571,6,0.8888888888888888,14,1.0833333330000001,10.83333333,0.8461538461538461,11.0,1.2531772575250835,100.0,1,8,1.1973403408186016,120.0,-0.16666666999999968,1.1622608695652175,0.9867874396135266,45,1.0449937888198757,1.0880586922712827,1.4285714285714286,1.4444444444444444,37.0,13,10,16,-1.7,-18.099999999999998,12.7,3.7,1.1584500394906667,0,7,37,9,0,0,1,0,0,0,0,1,0,0.42857142857142855,1,0,0.5555555555555556,1
0.75,0.6666666666666666,4,0.8333333333333334,9,0.9545454545454546,10.5,1.325,10.6,1.433108695652174,126.9,1,5,1.1081088290210723,144.0,-0.09999999999999964,1.3025204788909892,1.184466819221968,19,1.1436586685910157,1.2179619565217392,1.8333333333333333,1.3333333333333333,2.0,8,11,12,-4.06,-22.36,15.5,2.8,1.1584500394906667,2,6,3,6,0,0,1,0,1,0,0,0,0,0.0,0,0,0.0,1
0.625,0.625,5,0.625,10,1.0938333333333332,13.126,1.0938333333333332,13.126,1.5568619113426172,103.7,1,5,1.1803307676305388,130.0,0.0,1.151400966183575,0.9819806763285025,38,1.0986103210077205,1.1281060708036075,1.5,1.5,37.0,12,12,16,1.74,-10.46,10.8,1.4,1.1758672525439406,0,8,37,8,0,0,1,0,0,0,1,1,0,0.125,1,0,0.125,1
0.5,0.16666666666666666,1,0.8333333333333334,6,1.2222222222222223,11.0,1.52,15.2,1.0663865546218485,140.0,0,5,1.0786585365853658,140.0,-4.199999999999999,1.2170068027210885,0.7888888888888889,35,1.1182648401826485,1.3042389210019267,1.5,1.6666666666666667,11.0,10,9,12,-4.06,-22.36,15.5,2.8,1.1876220053238686,16,6,19,6,0,0,1,0,0,0,0,1,1,0.16666666666666666,1,0,0.0,1
0.75,0.5,3,1.0,9,1.4444444444444444,13.0,2.040816327142857,14.28571429,1.1776659038901602,140.0,1,6,1.2821204371076491,140.0,-1.2857142899999996,1.271562304971916,1.156304347826087,20,1.2647449755785092,1.0399209486166008,1.5,1.1666666666666667,1.5,7,9,12,0.79,-12.809999999999999,13.9,-0.3,1.1758672525439406,1,6,2,6,0,0,1,0,1,0,1,0,0,0.0,0,0,0.0,1
1.0,1.0,11,1.0,22,0.8571428571428571,12.0,0.9772727274999999,11.72727273,1.433108695652174,111.9,1,11,1.2011857707509879,121.0,0.27272727000000074,1.1663749294184076,1.1100414078674947,20,1.1436586685910157,1.2799644037630307,1.2727272727272727,1.0909090909090908,11.0,12,14,22,1.79,-11.11,12.4,0.5,1.1584500394906667,16,11,19,11,0,0,1,0,1,0,0,0,0,0.45454545454545453,0,1,0.45454545454545453,1
0.3333333333333333,0.16666666666666666,1,0.5,4,0.8,12.0,1.1818181818181819,13.0,1.2768658451522903,102.0,1,3,1.2125797101449276,133.1,-1.0,1.1697181559973782,0.7313379542113002,28,1.2357226792009401,1.2414858951680476,2.5,1.8333333333333333,19.5,11,15,12,0.32,-9.879999999999999,7.6,2.6,1.1743905726499018,37,6,38,6,0,0,1,0,0,0,0,1,1,0.0,1,1,0.0,1
0.6666666666666666,0.6666666666666666,4,0.6666666666666666,8,1.175,11.75,1.16,11.6,1.0605978260869566,108.0,1,4,1.1803307676305388,108.0,0.15000000000000036,1.355244411692459,1.2294441386901487,20,1.0986103210077205,1.1281060708036075,1.6666666666666667,1.6666666666666667,37.0,10,10,12,-1.7,-18.099999999999998,12.7,3.7,1.1758672525439406,0,6,37,6,1,1,2,0,1,0,0,0,0,0.0,0,1,0.0,0
0.25,0.16666666666666666,1,0.3333333333333333,3,1.6666666666666667,10.0,2.0714285714285716,14.5,0.901159420289855,124.1,1,2,1.1081088290210723,123.0,-4.5,1.3025204788909892,1.184466819221968,18,1.1436586685910157,1.2179619565217392,1.0,1.1666666666666667,2.0,7,6,12,-4.06,-22.36,15.5,2.8,1.1584500394906667,2,6,3,6,0,0,2,0,1,0,0,0,0,0.0,0,1,0.0,0
1.0,1.0,6,1.0,12,2.2222222216666667,13.33333333,2.25,13.5,1.0189981096408318,123.5,1,6,1.1973403408186016,133.1,-0.16666666999999968,1.1622608695652175,0.7491078753076292,39,1.233967927278964,1.2799644037630307,1.0,1.0,19.0,6,6,12,1.79,-11.11,12.4,0.5,1.1584500394906667,0,6,19,6,0,0,2,0,0,0,0,1,1,0.0,1,0,0.0,0
0.9285714285714286,1.0,6,0.875,13,1.47916666625,11.83333333,1.6428571425,13.14285714,0.640366132723112,100.0,1,7,1.056521739130435,133.1,-1.30952381,0.9590062111801242,1.4425787106446777,24,1.2366956521739132,1.061625708884688,1.3333333333333333,1.0,2.0,8,8,14,3.51,-6.790000000000001,8.9,1.4,1.3512422360248448,0,6,2,8,0,0,1,0,0,1,1,0,1,0.16666666666666666,1,0,0.25,1
1.0,1.0,8,1.0,15,1.6444444444444446,14.8,2.1197959185714286,14.83857143,1.5796068796068796,136.5,1,7,1.2145569620253165,140.0,-0.038571429999999296,1.2994236311239193,1.225164113785558,18,1.2662162162162163,1.3434108527131783,1.125,1.0,28.5,7,9,15,1.79,-11.11,12.4,0.5,1.1876220053238686,19,8,38,7,1,1,1,0,1,0,1,0,0,0.0,0,1,0.0,1
1.0,1.0,6,1.0,12,2.1388888883333332,12.83333333,1.7755102042857143,12.42857143,1.0138998682476945,126.5,1,6,1.1990645264164983,130.0,0.40476190000000045,1.204451156505842,0.73904412557989,26,1.117896865520728,1.1229617418778761,1.0,1.1666666666666667,37.0,7,6,12,0.32,-9.879999999999999,7.6,2.6,1.1819062506030606,0,6,37,6,0,0,1,0,0,0,1,1,1,0.0,1,0,0.0,1
1.0,1.0,8,1.0,15,1.7625,14.1,1.9693877557142856,13.78571429,1.218035426731079,112.2,1,7,1.2125797101449276,115.0,0.31428571000000005,1.2816864295125163,1.2069998195922786,20,1.2693138979643126,1.1505314009661836,1.0,1.0,10.5,7,8,15,1.79,-11.11,12.4,0.5,1.1743905726499018,17,8,19,7,0,0,6,0,1,0,0,0,0,0.0,0,1,0.0,0
0.8333333333333334,0.6666666666666666,4,1.0,10,0.9285714285714286,13.0,1.3518518522222223,12.16666667,1.0067868504772004,130.0,1,6,1.2099177438307875,130.0,0.8333333300000003,1.139830755763058,1.1124779073877695,19,1.2470369797307752,1.2921636019934695,2.3333333333333335,1.5,10.0,9,14,12,1.79,-11.11,12.4,0.5,1.1819062506030606,18,6,19,6,0,0,1,0,1,0,0,0,1,0.0,0,1,0.0,1
0.75,0.6666666666666666,4,0.8333333333333334,9,1.25,11.25,1.2222222222222223,11.0,0.8927536231884058,140.2,1,5,1.2125797101449276,158.0,0.25,1.1803969095591578,1.2069998195922786,18,1.2357226792009401,1.1019750589821369,1.5,1.5,37.5,9,9,12,1.74,-10.46,10.8,1.4,1.1743905726499018,1,6,38,6,0,0,1,0,1,0,1,0,0,0.0,0,1,0.0,1
1.0,1.0,6,1.0,12,2.1020408157142856,14.71428571,2.2244897957142857,15.57142857,0.8092753623188406,152.3,1,6,1.2542082169924211,161.0,-0.8571428599999997,1.189437963944857,1.4304347826086956,18,1.2470369797307752,1.2921636019934695,1.1666666666666667,1.1666666666666667,10.0,7,7,12,2.02,-9.68,11.1,0.6,1.1819062506030606,18,6,19,6,0,0,1,0,1,0,1,0,0,0.0,0,0,0.0,1
0.0,0.0,0,0.0,0,0.0,0.0,0.0,0.0,1.0605978260869566,122.7,1,0,1.1803307676305388,130.0,0.0,1.151400966183575,1.2294441386901487,20,1.0986103210077205,1.3335857352222766,1.0,1.1666666666666667,37.5,7,6,12,3.51,-6.790000000000001,8.9,1.4,1.1758672525439406,1,6,38,6,1,0,5,0,1,1,1,0,1,0.0,0,1,0.0,0
0.5454545454545454,0.5,3,0.6,6,0.8928571428571429,12.5,1.37037037,12.33333333,0.640366132723112,107.5,1,3,1.1990645264164983,111.0,0.16666666999999968,1.1306197964847364,1.4304347826086956,22,1.117896865520728,1.1229617418778761,2.3333333333333335,1.8,37.0,9,14,11,2.02,-9.68,11.1,0.6,1.1819062506030606,0,6,37,5,1,1,4,0,0,0,0,0,1,0.0,0,1,0.0,0
0.6666666666666666,0.8333333333333334,5,0.5,8,1.2444444444444445,11.2,0.7619047621428571,10.66666667,1.2531772575250835,105.0,1,3,1.1973403408186016,140.0,0.5333333299999996,1.245065950170982,0.7491078753076292,26,1.233967927278964,1.2179619565217392,1.5,2.3333333333333335,10.0,14,9,12,-4.06,-22.36,15.5,2.8,1.1584500394906667,18,6,19,6,0,0,1,0,0,0,0,1,0,0.0,1,0,0.0,1
1.0,1.0,6,1.0,12,2.5277777783333333,15.16666667,2.0714285714285716,14.5,1.3541407867494824,165.8,1,6,1.1081088290210723,170.0,0.6666666699999997,0.9459469417833456,1.4102055872516233,18,1.1436586685910157,1.0820586694604504,1.0,1.1666666666666667,3.0,7,6,12,-3.12,-11.719999999999999,9.4,-0.8,1.1584500394906667,0,6,3,6,0,0,4,0,1,0,1,0,1,0.0,0,1,0.0,0
0.7,0.4,2,1.0,7,0.875,10.5,1.5,12.0,0.6398191993112355,100.0,1,5,1.2013971665852468,128.0,-1.5,1.2639209009952854,0.9867874396135266,19,1.25372234935164,1.2767270531400965,2.4,1.6,19.5,8,12,10,0.79,-12.809999999999999,13.9,-0.3,1.1584500394906667,37,5,38,5,0,0,1,0,1,0,0,0,1,0.0,0,0,0.0,1
0.16666666666666666,0.0,0,0.3333333333333333,2,0.0,0.0,0.6875,11.0,1.0189981096408318,98.6,1,2,1.2011857707509879,133.1,-11.0,1.3025204788909892,1.4102055872516233,21,1.2919274890242176,1.2799644037630307,2.0,2.6666666666666665,28.5,16,12,12,-1.7,-18.099999999999998,12.7,3.7,1.1584500394906667,19,6,38,6,0,0,1,0,0,0,1,0,0,0.0,0,0,0.0,1
1.0,1.0,6,1.0,12,1.9795918371428571,13.85714286,1.62962963,14.66666667,1.1767016491754123,117.7,1,6,1.2013971665852468,117.0,-0.80952381,1.123776517538332,1.184466819221968,20,1.25372234935164,1.2179619565217392,1.1666666666666667,1.5,1.0,9,7,12,3.51,-6.790000000000001,8.9,1.4,1.1584500394906667,0,6,1,6,0,0,1,0,1,0,1,0,1,0.0,0,1,0.0,1
0.3,0.0,0,0.6,3,0.0,0.0,1.7619047614285714,12.33333333,1.0296727924697446,122.0,1,3,1.2821204371076491,123.0,-12.33333333,1.1051039697542533,1.2294441386901487,19,1.2647449755785092,1.277410022972858,1.0,1.4,10.0,7,5,10,3.51,-6.790000000000001,8.9,1.4,1.1758672525439406,18,5,19,5,0,0,1,0,1,0,0,0,1,0.0,0,0,0.0,1
1.0,1.0,8,1.0,16,1.67265625,13.38125,1.67265625,13.38125,1.543190537084399,131.5,1,8,1.2239130434782608,137.0,0.0,1.123776517538332,1.4102055872516233,20,1.233967927278964,1.2799644037630307,1.0,1.0,19.0,8,8,16,-3.12,-11.719999999999999,9.4,-0.8,1.1584500394906667,0,8,19,8,1,1,3,0,1,0,0,0,0,0.0,0,1,0.0,0
0.875,0.875,7,0.875,14,1.72857142875,13.82857143,1.72857142875,13.82857143,1.5568619113426172,137.5,1,7,1.1803307676305388,149.0,0.0,1.151400966183575,1.4334342940889107,19,1.1213355347642635,1.1916457060725836,1.0,1.0,2.0,8,8,16,-1.7,-18.099999999999998,12.7,3.7,1.1758672525439406,2,8,3,8,0,0,2,0,1,0,1,0,1,0.0,0,0,0.0,0
0.5,0.5,3,0.5,6,1.1388888891666666,13.66666667,0.9583333333333334,11.5,1.0808549506759224,140.0,1,3,1.1973403408186016,140.0,2.1666666699999997,1.123776517538332,1.2388849929873773,20,1.0449937888198757,1.0880586922712827,2.0,2.0,37.0,12,12,12,1.79,-11.11,12.4,0.5,1.1584500394906667,0,6,37,6,0,0,1,0,1,0,0,0,1,0.0,0,0,0.0,1
0.5,0.4,2,0.6,5,1.2222222222222223,11.0,1.5,12.0,1.1065804935370154,111.8,1,3,1.1933908806863316,117.0,-1.0,1.1782208343342142,1.4404225006140996,22,1.0901394585726005,1.1019750589821369,1.8,1.6,37.0,8,9,10,0.32,-9.879999999999999,7.6,2.6,1.1743905726499018,0,5,37,5,0,0,2,0,0,0,1,0,0,0.0,0,0,0.0,0
0.7,0.4,2,1.0,7,1.0,11.0,1.33333333375,10.66666667,0.9895400126023945,118.8,1,5,1.1990645264164983,130.0,0.3333333300000003,1.204451156505842,1.4304347826086956,22,1.117896865520728,1.1229617418778761,2.2,1.6,37.0,8,11,10,-4.06,-22.36,15.5,2.8,1.1819062506030606,0,5,37,5,1,0,1,0,0,1,1,0,1,0.0,0,0,0.0,1
0.875,0.875,7,0.875,14,1.5446428575,12.35714286,1.5446428575,12.35714286,1.5568619113426172,117.8,1,7,1.1803307676305388,130.0,0.0,1.151400966183575,1.4334342940889107,19,1.2576025080438908,1.1281060708036075,1.0,1.0,28.0,8,8,16,-1.7,-18.099999999999998,12.7,3.7,1.1758672525439406,18,8,37,8,1,1,1,0,1,0,1,0,0,0.0,0,1,0.0,1
1.0,1.0,8,1.0,15,1.6123456788888888,14.51111111,2.06122449,14.42857143,1.543190537084399,118.9,1,7,1.2239130434782608,121.0,0.08253968,1.1622608695652175,1.184466819221968,21,1.0449937888198757,1.0880586922712827,1.125,1.0,37.0,7,9,15,-0.92,-17.42,16.2,0.3,1.1584500394906667,0,8,37,7,0,0,4,0,0,0,1,0,0,0.0,0,1,0.0,0
0.0,0.0,0,0.0,0,0.0,0.0,0.0,0.0,1.49416149068323,104.1,1,0,1.2242311770943797,103.0,0.0,1.1782208343342142,1.2069998195922786,20,1.2693138979643126,1.1019750589821369,1.0,1.0,28.0,6,5,11,3.51,-6.790000000000001,8.9,1.4,1.1743905726499018,18,5,37,6,0,0,1,0,1,0,0,0,0,0.0,0,0,0.0,1
0.8333333333333334,0.8333333333333334,5,0.8333333333333334,10,1.9428571428571428,13.6,1.8857142857142857,13.2,1.2840579710144928,121.7,1,5,1.1990645264164983,136.0,0.40000000000000036,1.139830755763058,1.4304347826086956,22,1.2470369797307752,1.2731884057971015,1.1666666666666667,1.1666666666666667,6.5,7,7,12,1.79,-11.11,12.4,0.5,1.1819062506030606,11,6,12,6,1,1,4,0,0,0,0,0,0,0.0,0,1,0.0,0
1.0,1.0,6,1.0,12,1.47916666625,11.83333333,2.1388888883333332,12.83333333,1.49416149068323,132.8,1,6,1.1933908806863316,137.0,-1.0,1.1782208343342142,1.4404225006140996,19,1.2693138979643126,1.2414858951680476,1.3333333333333333,1.0,10.0,6,8,12,1.74,-10.46,10.8,1.4,1.1743905726499018,18,6,19,6,0,0,1,0,1,0,1,0,1,0.0,0,0,0.0,1
0.75,0.6666666666666666,4,0.8333333333333334,9,0.8392857142857143,11.75,0.8769230769230769,11.4,1.168944099378882,140.4,1,5,1.194817160955946,120.0,0.34999999999999964,1.189437963944857,0.73904412557989,31,1.2470369797307752,1.2921636019934695,2.3333333333333335,2.1666666666666665,10.0,13,14,12,0.79,-12.809999999999999,13.9,-0.3,1.1819062506030606,18,6,19,6,0,0,1,0,0,0,0,1,0,0.0,1,0,0.3333333333333333,1
0.9166666666666666,0.8333333333333334,5,1.0,11,2.0285714285714285,14.2,2.055555555,12.33333333,1.1065804935370154,130.6,1,6,1.2125797101449276,139.0,1.866666669999999,1.3083536883243772,1.4404225006140996,18,1.2357226792009401,1.2742242031788749,1.1666666666666667,1.0,28.5,6,7,12,0.79,-12.809999999999999,13.9,-0.3,1.1743905726499018,19,6,38,6,0,0,1,0,1,0,0,0,0,0.0,0,1,0.0,1
0.75,0.75,9,0.75,18,1.0833333333333333,13.0,1.0185185183333334,12.22222222,0.7509316770186336,120.0,0,9,1.1939285714285715,120.0,0.7777777799999992,1.148233215547703,0.9358381502890174,38,1.0831439393939393,1.0974803149606298,1.0,1.0,37.0,12,12,24,-3.12,-11.719999999999999,9.4,-0.8,1.1876220053238686,0,12,37,12,0,0,1,0,0,0,1,1,0,0.75,1,0,0.75,1
0.26666666666666666,0.0,0,0.5714285714285714,4,0.0,0.0,1.5,12.0,1.218035426731079,183.5,1,4,1.1126654064272212,180.0,-12.0,1.0542490118577075,1.4404225006140996,18,0.9892339544513457,1.0992070002734482,1.0,1.1428571428571428,4.0,8,8,15,-0.92,-17.42,16.2,0.3,1.2521739130434784,2,8,5,7,0,0,1,0,1,0,1,0,0,0.0,0,1,0.0,1
0.5833333333333334,0.5,3,0.6666666666666666,7,1.6071428571428572,11.25,1.5714285714285714,11.0,1.0588932806324112,130.0,1,4,1.2125797101449276,130.0,0.25,1.1803969095591578,1.2069998195922786,18,1.2693138979643126,1.2414858951680476,1.1666666666666667,1.1666666666666667,10.0,7,7,12,-0.92,-17.42,16.2,0.3,1.1743905726499018,18,6,19,6,0,0,4,0,1,0,1,0,1,0.0,0,1,0.0,0
1.0,1.0,6,1.0,12,1.7959183671428571,12.57142857,2.1111111116666668,12.66666667,1.2840579710144928,157.0,1,6,1.2542082169924211,158.0,-0.09523809999999955,1.318361688720857,1.4304347826086956,18,1.2470369797307752,1.339986123959297,1.1666666666666667,1.0,19.5,6,7,12,1.74,-10.46,10.8,1.4,1.1819062506030606,37,6,38,6,0,0,3,0,1,0,0,0,0,0.0,0,1,0.0,0
0.9166666666666666,1.0,6,0.8333333333333334,11,1.33928571375,10.71428571,1.2000000000000002,10.8,1.545408163265306,108.7,1,5,1.2145569620253165,115.0,-0.0857142900000003,1.2994236311239193,1.4512849162011174,19,1.2662162162162163,1.3434108527131783,1.3333333333333333,1.5,28.5,9,8,12,-4.06,-22.36,15.5,2.8,1.1876220053238686,19,6,38,6,1,1,1,0,1,0,1,0,0,0.0,0,0,0.0,1
0.4,0.4,2,0.4,4,1.2727272727272727,14.0,1.4285714285714286,10.0,1.0288695652173914,107.7,1,2,1.1933908806863316,114.0,4.0,1.3083536883243772,1.2069998195922786,19,1.2693138979643126,1.2742242031788749,2.2,1.4,19.0,7,11,10,1.74,-10.46,10.8,1.4,1.1743905726499018,0,5,19,5,0,0,1,0,1,0,0,0,0,0.0,0,0,0.0,1
0.8333333333333334,0.8333333333333334,5,0.8333333333333334,10,1.16,11.6,0.8857142857142858,12.4,1.2292035398230086,120.0,1,5,1.1939285714285715,130.0,-0.8000000000000007,1.148233215547703,0.748,58,1.0831439393939393,1.0974803149606298,1.6666666666666667,2.3333333333333335,37.0,14,10,12,-3.12,-11.719999999999999,9.4,-0.8,1.1876220053238686,0,6,37,6,0,0,1,0,0,0,1,1,0,0.0,1,0,0.0,1
0.2,0.4,2,0.0,2,1.944444445,11.66666667,0.0,0.0,0.6712665406427221,140.0,1,0,1.2127443159154367,140.0,11.66666667,1.197718162195498,1.156304347826087,22,1.2647449755785092,1.277410022972858,1.2,1.8,10.0,9,6,10,1.74,-10.46,10.8,1.4,1.1758672525439406,18,5,19,5,0,0,1,0,0,0,0,0,1,0.0,0,1,0.0,1
1.0,1.0,11,1.0,23,1.1319444441666666,13.58333333,1.1319444441666666,13.58333333,1.0632,131.9,1,12,1.2388505747126437,135.0,0.0,1.1960526315789475,1.225164113785558,19,1.2662162162162163,1.2365750528541226,1.0909090909090908,1.0,10.0,12,12,23,3.51,-6.790000000000001,8.9,1.4,1.1876220053238686,18,11,19,12,0,0,1,0,1,0,0,0,1,0.36363636363636365,0,1,0.5,1
1.0,1.0,5,1.0,10,2.305555555,13.83333333,2.7600000000000002,13.8,0.7367809883877936,100.0,1,5,1.2397006414825373,140.0,0.033333329999999606,1.1663210702341136,0.9867874396135266,34,1.25372234935164,1.2179619565217392,1.2,1.0,1.0,5,6,10,-3.12,-11.719999999999999,9.4,-0.8,1.1584500394906667,0,5,1,5,0,0,1,0,0,0,1,1,1,0.0,1,0,0.0,1
0.08333333333333333,0.0,0,0.16666666666666666,1,0.0,0.0,0.7333333333333333,11.0,1.0140521739130435,120.0,0,1,1.1803307676305388,110.0,-11.0,1.201176855181432,0.7234823625922888,31,1.2576025080438908,1.1281060708036075,1.6666666666666667,2.5,28.0,15,10,12,-0.92,-17.42,16.2,0.3,1.1758672525439406,18,6,37,6,0,0,1,1,0,1,0,1,1,0.0,1,0,0.0,1
0.8333333333333334,0.8333333333333334,5,0.8333333333333334,10,1.375,11.0,1.4666666666666666,13.2,1.0635714285714286,116.5,1,5,1.1939285714285715,120.0,-2.1999999999999993,1.148233215547703,1.4512849162011174,19,1.2662162162162163,1.3042389210019267,1.3333333333333333,1.5,19.0,9,8,12,1.79,-11.11,12.4,0.5,1.1876220053238686,0,6,19,6,1,1,2,0,1,0,1,0,0,0.0,0,1,0.0,0
0.08333333333333333,0.0,0,0.16666666666666666,1,0.0,0.0,0.875,14.0,1.140246768507638,130.0,1,1,1.1803307676305388,133.1,-14.0,1.355244411692459,0.7234823625922888,29,1.0986103210077205,1.1281060708036075,1.1666666666666667,2.6666666666666665,37.0,16,7,12,2.02,-9.68,11.1,0.6,1.1758672525439406,0,6,37,6,1,0,1,0,0,1,0,1,1,0.0,1,0,0.0,1
0.75,0.6666666666666666,4,0.8333333333333334,9,1.8,12.6,1.7428571428571427,12.2,1.3746562616127835,120.0,1,5,1.056521739130435,117.0,0.40000000000000036,1.139830755763058,1.0745995423340962,21,1.0333913043478262,1.2050514162006132,1.1666666666666667,1.1666666666666667,3.0,7,7,12,3.51,-6.790000000000001,8.9,1.4,1.1819062506030606,4,6,5,6,0,0,1,0,0,0,0,0,0,0.0,0,1,0.0,1
0.0,0.0,0,0.0,0,0.0,0.0,0.0,0.0,0.7911983032873808,154.4,1,0,1.1803307676305388,133.1,0.0,1.151400966183575,0.7234823625922888,27,1.302210510906163,1.1281060708036075,0.0,0.0,37.5,0,0,10,1.74,-10.46,10.8,1.4,1.1758672525439406,1,5,38,5,0,0,1,0,0,0,1,1,1,0.0,1,0,0.0,1
0.3333333333333333,0.16666666666666666,1,0.5,4,1.0833333333333333,13.0,0.9487179484615385,12.33333333,0.7799621928166351,130.0,1,3,1.1803307676305388,130.0,0.6666666699999997,1.0307911617961512,1.156304347826087,21,1.2647449755785092,1.146645195920558,2.0,2.1666666666666665,2.0,13,12,12,0.79,-12.809999999999999,13.9,-0.3,1.1758672525439406,2,6,3,6,1,0,1,0,0,1,0,0,0,0.16666666666666666,0,1,0.16666666666666666,1
0.5454545454545454,0.4,2,0.6666666666666666,6,1.3125,10.5,1.40625,11.25,0.6201419698314108,128.2,1,4,1.442391304347826,120.0,-0.75,1.1968670076726344,1.1110212335692617,34,1.1773913043478261,1.1773913043478261,1.6,1.3333333333333333,35.0,8,8,11,0.32,-9.879999999999999,7.6,2.6,1.1743905726499018,0,5,35,6,0,0,1,0,0,0,1,1,1,0.2,1,1,0.6666666666666666,1
1.0,1.0,8,1.0,16,1.72015625,13.76125,1.72015625,13.76125,1.5568619113426172,130.0,1,8,1.0651578320428827,145.0,0.0,1.197718162195498,1.4334342940889107,18,1.1213355347642635,1.277410022972858,1.0,1.0,11.0,8,8,16,-3.12,-11.719999999999999,9.4,-0.8,1.1758672525439406,16,8,19,8,0,0,4,0,1,0,0,0,0,0.0,0,1,0.0,0
1.0,1.0,6,1.0,12,1.83928571375,14.71428571,1.959183672857143,13.71428571,1.0605978260869566,145.2,1,6,1.2127443159154367,148.0,1.0,1.225328614762386,1.2294441386901487,20,1.2647449755785092,1.1916457060725836,1.3333333333333333,1.1666666666666667,1.0,7,8,12,-0.92,-17.42,16.2,0.3,1.1758672525439406,0,6,1,6,0,0,1,0,1,0,0,0,1,0.0,0,0,0.0,1
0.8333333333333334,0.8333333333333334,5,0.8333333333333334,10,2.1333333333333333,12.8,1.9142857142857144,13.4,1.1767016491754123,137.3,1,5,1.2013971665852468,160.0,-0.5999999999999996,1.123776517538332,1.4102055872516233,19,1.25701394585726,1.2179619565217392,1.0,1.1666666666666667,1.5,7,6,12,-1.7,-18.099999999999998,12.7,3.7,1.1584500394906667,1,6,2,6,0,0,2,0,1,0,1,0,0,0.0,0,1,0.0,0
0.6,0.6,3,0.6,6,1.66666666625,13.33333333,1.41666666625,11.33333333,1.2130202278539874,115.0,1,3,1.1224184782608695,133.1,2.0,1.1004459308807135,1.4304347826086956,21,1.3338955940090156,1.1229617418778761,1.6,1.6,37.5,8,8,10,-1.7,-18.099999999999998,12.7,3.7,1.1819062506030606,1,5,38,5,0,0,1,0,0,0,1,0,0,0.0,0,1,0.0,1
0.0,0.0,0,0.0,0,0.0,0.0,0.0,0.0,1.0632,127.3,1,0,1.2783606557377047,122.0,0.0,1.148233215547703,1.225164113785558,20,1.2662162162162163,1.275,0.0,0.0,15.5,0,0,0,1.74,-10.46,10.8,1.4,1.1876220053238686,7,0,19,0,0,0,5,0,1,0,0,0,1,0.0,0,1,0.0,0
0.0,0.0,0,0.0,0,0.0,0.0,0.0,0.0,0.9622563718140928,136.1,1,0,1.154390451832907,134.0,0.0,1.2639209009952854,1.4102055872516233,19,1.233967927278964,1.0880586922712827,0.0,0.0,28.0,0,0,0,-3.12,-11.719999999999999,9.4,-0.8,1.1584500394906667,18,0,37,0,0,0,1,0,1,0,1,0,1,0.0,0,1,0.0,1
0.8571428571428571,0.8571428571428571,6,0.8571428571428571,12,1.7880952385714284,12.51666667,1.7880952385714284,12.51666667,1.5568619113426172,131.0,1,6,1.1803307676305388,122.0,0.0,1.151400966183575,1.2294441386901487,18,1.0986103210077205,1.1281060708036075,1.0,1.0,37.0,7,7,14,0.32,-9.879999999999999,7.6,2.6,1.1758672525439406,0,7,37,7,0,0,2,0,1,0,1,0,0,0.0,0,1,0.0,0
0.75,0.6666666666666666,4,0.8333333333333334,9,1.0681818181818181,11.75,0.7647058823529411,13.0,1.0140521739130435,110.0,0,5,1.1803307676305388,133.1,-1.25,1.355244411692459,0.7234823625922888,28,1.0986103210077205,1.1281060708036075,1.8333333333333333,2.8333333333333335,37.0,17,11,12,0.79,-12.809999999999999,13.9,-0.3,1.1758672525439406,0,6,37,6,0,0,1,1,0,1,0,1,0,0.0,1,0,0.0,1
0.5,0.0,0,1.0,6,0.0,0.0,0.9722222225,11.66666667,1.545408163265306,95.0,1,6,1.1939285714285715,133.1,-11.66666667,1.196590909090909,1.225164113785558,19,1.2868092691622104,1.3042389210019267,1.1666666666666667,2.0,10.0,12,7,12,-4.06,-22.36,15.5,2.8,1.1876220053238686,18,6,19,6,1,1,4,0,1,0,0,0,0,0.0,0,1,0.0,0
1.0,1.0,8,1.0,15,1.1237373736363636,12.36111111,1.634375,13.075,1.5717231848623365,119.7,1,7,1.1990645264164983,133.0,-0.7138888899999998,1.204451156505842,1.4304347826086956,19,1.2470369797307752,1.2050514162006132,1.375,1.1428571428571428,1.0,8,11,15,1.79,-11.11,12.4,0.5,1.1819062506030606,0,8,1,7,0,0,6,0,1,1,1,0,1,0.125,0,1,0.2857142857142857,0
1.0,1.0,5,1.0,10,1.511111111111111,13.6,1.575,12.6,0.9895400126023945,120.3,1,5,1.1990645264164983,122.0,1.0,1.204451156505842,1.4304347826086956,19,1.2470369797307752,1.2921636019934695,1.8,1.6,10.0,8,9,10,3.51,-6.790000000000001,8.9,1.4,1.1819062506030606,18,5,19,5,1,1,1,0,1,0,1,0,1,0.0,0,1,0.0,1
1.0,1.0,6,1.0,12,2.2222222216666667,13.33333333,2.2777777783333333,13.66666667,1.3761848805327068,135.8,1,6,1.251728743136964,147.0,-0.33333333999999937,1.355244411692459,1.4334342940889107,20,0.4900869565217391,1.1281060708036075,1.0,1.0,35.5,6,6,12,-3.12,-11.719999999999999,9.4,-0.8,1.1758672525439406,3,6,37,6,0,0,3,0,1,0,0,0,0,0.0,0,1,0.0,0
0.75,0.5,3,1.0,9,1.3333333333333333,12.0,1.7380952385714286,12.16666667,1.2768658451522903,122.8,1,6,1.225732834939996,127.0,-0.16666666999999968,1.1697181559973782,1.4404225006140996,20,0.9892339544513457,1.0992070002734482,1.5,1.1666666666666667,4.0,7,9,12,1.79,-11.11,12.4,0.5,1.1743905726499018,2,6,5,6,0,0,1,0,1,0,1,0,1,0.0,0,1,0.0,1
0.7,0.8,4,0.6,7,2.45,12.25,1.066666667,10.66666667,0.6712665406427221,122.1,1,3,0.8501863354037267,135.0,1.5833333300000003,0.8821256038647343,1.4334342940889107,20,1.0986103210077205,1.1281060708036075,1.0,2.0,37.0,10,5,10,0.32,-9.879999999999999,7.6,2.6,1.1758672525439406,0,5,37,5,0,0,5,0,1,0,1,0,1,0.0,0,1,0.0,0
1.0,1.0,13,1.0,31,0.8816568046153846,11.46153846,0.5404040404545455,11.88888889,1.0411544227886058,125.3,1,18,1.1933908806863316,133.0,-0.4273504300000006,1.1782208343342142,1.2069998195922786,21,1.2357226792009401,1.1019750589821369,1.0,1.2222222222222223,37.5,22,13,31,-4.06,-22.36,15.5,2.8,1.1743905726499018,1,13,38,18,0,0,1,0,0,0,1,0,0,0.8461538461538461,0,1,0.6666666666666666,1
0.6,0.4,2,0.8,6,1.5625,12.5,1.7142857142857142,12.0,0.6712665406427221,123.7,1,4,1.1803307676305388,131.0,0.5,1.1672994488671158,1.2294441386901487,20,1.2647449755785092,1.146645195920558,1.6,1.4,2.0,7,8,10,1.74,-10.46,10.8,1.4,1.1758672525439406,2,5,3,5,0,0,1,0,1,0,0,0,1,0.0,0,1,0.0,1
0.0,0.0,0,0.0,0,0.0,0.0,0.0,0.0,0.9895400126023945,150.0,1,0,1.1224184782608695,150.0,0.0,1.318361688720857,0.7927536231884058,26,1.1528985507246376,1.1834782608695653,0.0,1.0,16.5,5,0,10,-3.12,-11.719999999999999,9.4,-0.8,1.1819062506030606,21,5,27,5,0,0,1,0,0,0,0,1,0,0.0,1,0,0.0,1
0.8,0.6,3,1.0,8,1.2,12.0,1.0769230769230769,14.0,1.2067357512953367,124.1,1,5,1.1939285714285715,123.0,-2.0,1.148233215547703,1.4512849162011174,20,1.2662162162162163,1.0974803149606298,2.0,2.6,28.0,13,10,10,-3.12,-11.719999999999999,9.4,-0.8,1.1876220053238686,18,5,37,5,1,1,1,0,1,0,1,0,0,0.0,0,1,0.0,1
0.75,0.8333333333333334,5,0.6666666666666666,9,1.64,16.4,1.75,15.75,1.433108695652174,140.0,1,4,1.1973403408186016,170.0,0.6499999999999986,1.1624045504129656,0.7491078753076292,24,1.2919274890242176,1.2799644037630307,1.6666666666666667,1.5,28.5,9,10,12,-3.12,-11.719999999999999,9.4,-0.8,1.1584500394906667,19,6,38,6,0,0,1,0,0,0,1,0,0,0.0,1,1,0.0,1
1.0,1.0,5,1.0,10,1.2962962966666667,11.66666667,1.8333333333333333,11.0,0.7911983032873808,136.2,1,5,1.192080745341615,133.1,0.6666666699999997,1.201176855181432,0.7234823625922888,39,1.0986103210077205,1.1281060708036075,1.8,1.2,37.0,6,9,10,1.74,-10.46,10.8,1.4,1.1758672525439406,0,5,37,5,0,0,1,0,0,0,1,1,0,0.0,1,0,0.0,1
0.9333333333333333,1.0,8,0.8571428571428571,14,1.7546875,14.0375,1.161428571,11.61428571,1.5568619113426172,123.8,1,6,1.2127443159154367,136.0,2.423214289999999,1.1051039697542533,1.4334342940889107,19,1.2647449755785092,1.1916457060725836,1.0,1.4285714285714286,1.0,10,8,15,0.79,-12.809999999999999,13.9,-0.3,1.1758672525439406,0,8,1,7,0,0,1,0,1,0,1,0,0,0.0,0,0,0.0,1
1.0,1.0,11,1.0,23,0.90625,14.5,1.0763888891666666,12.91666667,0.9622563718140928,121.6,1,12,1.2011857707509879,117.0,1.5833333300000003,1.3025204788909892,1.4102055872516233,22,1.25372234935164,1.2799644037630307,1.4545454545454546,1.0,10.0,12,16,23,3.51,-6.790000000000001,8.9,1.4,1.1584500394906667,18,11,19,12,0,0,2,0,0,0,1,0,0,0.36363636363636365,0,1,0.5,0
1.0,1.0,6,1.0,12,1.183333333,11.83333333,1.6666666671428572,11.66666667,0.901159420289855,128.5,1,6,1.2013971665852468,140.0,0.16666666000000063,1.0402415458937198,1.184466819221968,18,1.233967927278964,1.2767270531400965,1.6666666666666667,1.1666666666666667,28.5,7,10,12,1.74,-10.46,10.8,1.4,1.1584500394906667,19,6,38,6,0,0,4,0,1,0,0,0,0,0.0,0,1,0.0,0
0.0,0.0,0,0.0,0,0.0,0.0,0.0,0.0,1.0588932806324112,101.5,0,0,1.3003910743041178,133.1,0.0,1.0542490118577075,0.7313379542113002,34,1.2693138979643126,1.2742242031788749,1.0,1.0,19.0,6,6,12,-4.06,-22.36,15.5,2.8,1.1743905726499018,0,6,19,6,0,0,1,1,0,1,0,1,1,0.0,1,0,0.0,1
1.0,1.0,6,1.0,12,1.2222222225,14.66666667,1.62962963,14.66666667,1.3541407867494824,120.2,1,6,1.1973403408186016,130.0,0.0,1.245065950170982,1.4102055872516233,22,1.0449937888198757,1.2179619565217392,2.0,1.5,19.0,9,12,12,-1.7,-18.099999999999998,12.7,3.7,1.1584500394906667,36,6,37,6,0,0,1,0,0,0,0,0,1,0.0,0,1,0.0,1
1.0,1.0,6,1.0,12,1.7346938771428573,12.14285714,1.0833333330000001,10.83333333,1.433108695652174,115.1,1,6,1.0242050616482803,121.0,1.30952381,1.0402415458937198,1.4102055872516233,19,1.25372234935164,1.2179619565217392,1.1666666666666667,1.6666666666666667,1.0,10,7,12,2.02,-9.68,11.1,0.6,1.1584500394906667,0,6,1,6,0,0,1,0,1,0,1,0,0,0.0,0,1,0.0,1
0.0,0.0,0,0.0,0,0.0,0.0,0.0,0.0,0.7911983032873808,118.4,1,0,1.1803307676305388,131.0,0.0,1.151400966183575,1.4334342940889107,20,1.2576025080438908,1.1281060708036075,2.0,2.0,28.0,10,10,10,0.32,-9.879999999999999,7.6,2.6,1.1758672525439406,18,5,37,5,0,0,1,0,1,0,1,0,0,0.0,0,1,0.0,1
0.8,0.8,4,0.8,8,1.25,11.25,1.2,12.0,0.8455652173913043,138.5,1,4,1.1990645264164983,150.0,-0.75,1.2806596701649176,0.73904412557989,26,1.2275607958732497,1.1229617418778761,1.8,2.0,28.0,10,9,10,-1.7,-18.099999999999998,12.7,3.7,1.1819062506030606,18,5,37,5,0,0,1,0,0,0,0,1,0,0.0,1,0,0.0,1
0.5,0.2,1,0.8,5,0.7142857142857143,10.0,1.425,14.25,0.6398191993112355,121.0,1,4,1.3592391304347826,122.0,-4.25,1.3301242236024844,1.184466819221968,20,1.25372234935164,1.2179619565217392,2.8,2.0,1.0,10,14,10,3.51,-6.790000000000001,8.9,1.4,1.2383399209486166,0,5,1,5,0,0,4,0,1,0,0,0,1,0.0,0,1,0.0,0
0.75,0.6666666666666666,4,0.8333333333333334,9,1.3055555555555556,11.75,1.2386363636363635,13.625,0.8265111346765641,137.2,1,5,1.0673369565217392,154.0,-1.875,1.039782608695652,1.4404225006140996,18,1.1418478260869565,1.0992070002734482,1.5,1.8333333333333333,3.0,11,9,12,-0.92,-17.42,16.2,0.3,1.1743905726499018,0,6,3,6,0,0,1,0,1,1,1,0,1,0.0,0,1,0.0,1
1.0,1.0,6,1.0,12,2.5277777783333333,15.16666667,2.1020408157142856,14.71428571,1.3309782608695653,141.3,1,6,1.2388505747126437,142.0,0.4523809599999993,1.2994236311239193,1.4512849162011174,19,1.2662162162162163,1.0974803149606298,1.0,1.1666666666666667,28.0,7,6,12,0.79,-12.809999999999999,13.9,-0.3,1.1876220053238686,18,6,37,6,1,1,1,0,1,0,0,0,0,0.0,0,0,0.0,1
0.8181818181818182,0.6363636363636364,7,1.0,18,0.9560439561538462,12.42857143,1.0349650346153845,13.45454545,1.2359420289855074,121.3,1,11,1.2125797101449276,120.0,-1.0259740199999996,1.2816864295125163,0.7131609870740305,32,1.2693138979643126,1.1019750589821369,1.1818181818181819,1.1818181818181819,28.0,13,13,22,-1.7,-18.099999999999998,12.7,3.7,1.1743905726499018,18,11,37,11,0,0,1,0,0,0,0,1,0,0.45454545454545453,1,0,0.6363636363636364,1
0.5833333333333334,0.5,3,0.6666666666666666,7,0.75,12.0,1.1136363636363635,12.25,1.2359420289855074,100.0,1,4,0.5651100375738056,133.1,-0.25,0.701041028781384,0.7313379542113002,27,0.5295313382269904,0.5608695652173913,2.6666666666666665,1.8333333333333333,34.0,11,16,12,0.32,-9.879999999999999,7.6,2.6,1.1743905726499018,0,6,34,6,0,0,1,0,0,0,1,1,0,0.0,1,1,0.0,1
0.8,0.8,4,0.8,8,1.4375,11.5,1.40625,11.25,1.0296727924697446,142.5,1,4,1.1803307676305388,130.0,0.25,1.151400966183575,0.7234823625922888,39,1.0986103210077205,1.1281060708036075,1.6,1.6,37.0,8,8,10,2.02,-9.68,11.1,0.6,1.1758672525439406,0,5,37,5,0,0,1,0,0,0,1,1,0,0.0,1,0,0.0,1
1.0,1.0,6,1.0,13,1.75,14.0,1.62962963,14.66666667,1.1065804935370154,100.0,1,7,1.1933908806863316,133.1,-0.6666666699999997,1.1697181559973782,1.3798036465638148,21,1.2643147284489245,1.2414858951680476,1.3333333333333333,1.2857142857142858,1.0,9,8,13,2.02,-9.68,11.1,0.6,1.2709565217391303,0,6,1,7,0,0,1,0,0,0,0,0,0,0.16666666666666666,0,0,0.2857142857142857,1
1.0,1.0,6,1.0,12,1.53571428625,12.28571429,1.75,14.0,1.4912388027091983,127.3,1,6,1.1803307676305388,128.0,-1.7142857100000004,1.1051039697542533,1.4334342940889107,19,1.0986103210077205,1.277410022972858,1.3333333333333333,1.3333333333333333,28.0,8,8,12,-0.92,-17.42,16.2,0.3,1.1758672525439406,18,6,37,6,1,1,1,0,1,0,0,0,0,0.0,0,1,0.0,1
0.6666666666666666,0.3333333333333333,2,1.0,8,2.6666666666666665,16.0,2.5,15.0,1.3746562616127835,112.0,1,6,1.194817160955946,130.0,1.0,1.264619822790027,0.73904412557989,24,1.2470369797307752,1.2050514162006132,1.0,1.0,1.0,6,6,12,-4.06,-22.36,15.5,2.8,1.1819062506030606,0,6,1,6,1,1,1,0,0,0,0,0,1,0.0,1,1,0.0,1
0.38461538461538464,0.3333333333333333,2,0.42857142857142855,5,0.8214285714285714,11.5,0.8205128207692307,10.66666667,1.0411544227886058,130.0,1,3,1.0673369565217392,130.0,0.8333333300000003,1.039782608695652,1.1581913043478262,20,0.9892339544513457,1.0992070002734482,2.3333333333333335,1.8571428571428572,4.0,13,14,13,-4.06,-22.36,15.5,2.8,1.1743905726499018,2,6,5,7,0,0,1,0,1,0,1,0,1,0.0,0,0,0.14285714285714285,1
0.9333333333333333,1.0,8,0.8571428571428571,14,1.2661157027272727,13.92727273,1.4444444444444444,13.0,1.547589908749329,120.7,1,6,1.2125797101449276,134.0,0.9272727300000003,1.2021125030704987,1.0102538326212618,19,1.2357226792009401,1.2742242031788749,1.375,1.2857142857142858,28.5,9,11,15,-0.92,-17.42,16.2,0.3,1.1743905726499018,19,8,38,7,1,1,1,0,1,0,0,0,0,0.0,0,0,0.0,1
1.0,1.0,8,1.0,15,1.8046875,14.4375,1.7102040814285715,11.97142857,1.1362068965517242,118.3,1,7,1.2388505747126437,122.0,2.4660714299999995,1.3345945945945945,1.225164113785558,19,1.2662162162162163,1.3434108527131783,1.0,1.0,28.5,7,8,15,-4.06,-22.36,15.5,2.8,1.1876220053238686,19,8,38,7,1,1,2,0,1,0,0,0,0,0.0,0,1,0.0,0
1.0,1.0,6,1.0,12,2.25,13.5,2.3611111116666668,14.16666667,1.3761848805327068,125.5,1,6,1.1803307676305388,130.0,-0.6666666699999997,1.225328614762386,1.4334342940889107,19,1.0986103210077205,1.277410022972858,1.0,1.0,28.0,6,6,12,2.02,-9.68,11.1,0.6,1.2674662668665666,18,6,37,6,1,1,1,0,1,0,0,0,0,0.0,0,1,0.0,1
0.7241379310344828,0.6428571428571429,9,0.8,21,0.76388888875,12.22222222,0.6911764705882353,11.75,1.0296727924697446,120.0,0,12,1.1803307676305388,120.0,0.4722222200000008,1.151400966183575,1.1463768115942028,57,1.0986103210077205,1.1281060708036075,1.1428571428571428,1.1333333333333333,37.0,17,16,29,-3.12,-11.719999999999999,9.4,-0.8,1.1758672525439406,0,14,37,15,0,0,1,0,0,0,1,1,1,0.6428571428571429,1,0,0.8,1
1.0,1.0,6,1.0,12,2.1111111116666668,12.66666667,2.194444445,13.16666667,1.0138998682476945,113.9,1,6,1.2550901378579005,123.0,-0.5,1.318361688720857,1.2130434782608694,18,1.117896865520728,1.1229617418778761,1.0,1.0,37.0,6,6,12,2.02,-9.68,11.1,0.6,1.1819062506030606,0,6,37,6,0,0,2,0,1,0,1,0,0,0.0,0,1,0.0,0
1.0,1.0,6,1.0,12,1.759259258888889,15.83333333,2.555555555,15.33333333,1.3761848805327068,156.9,1,6,1.2127443159154367,152.0,0.5,1.225328614762386,1.4555900621118012,19,1.2647449755785092,1.3335857352222766,1.5,1.0,19.5,6,9,12,-1.7,-18.099999999999998,12.7,3.7,1.1758672525439406,37,6,38,6,0,0,3,0,1,0,0,0,0,0.0,0,1,0.0,0
0.0,0.0,0,0.0,0,0.0,0.0,0.0,0.0,0.9982473879339401,150.6,1,0,1.0644927536231885,145.0,0.0,1.1803969095591578,1.4404225006140996,18,1.2643147284489245,1.2742242031788749,0.0,0.0,10.0,0,0,0,1.74,-10.46,10.8,1.4,1.1743905726499018,18,0,19,0,0,0,1,0,1,0,0,0,1,0.0,0,1,0.0,1
0.8333333333333334,1.0,6,0.6666666666666666,10,1.33928571375,10.71428571,1.025,10.25,1.545408163265306,115.0,1,4,1.1939285714285715,123.0,0.4642857100000004,1.148233215547703,1.4512849162011174,19,1.0831439393939393,1.0974803149606298,1.3333333333333333,1.6666666666666667,37.0,10,8,12,2.02,-9.68,11.1,0.6,1.1876220053238686,0,6,37,6,0,0,1,0,1,0,1,0,0,0.0,0,1,0.0,1
0.9333333333333333,0.875,7,1.0,14,1.4539682544444446,13.08571429,1.73446428625,13.87571429,1.5796068796068796,126.5,1,7,1.2145569620253165,131.0,-0.7899999999999991,1.2994236311239193,1.225164113785558,19,1.2868092691622104,1.3042389210019267,1.125,1.1428571428571428,10.0,8,9,15,2.02,-9.68,11.1,0.6,1.1876220053238686,18,8,19,7,1,1,6,0,1,0,1,0,0,0.0,0,1,0.0,0
0.0,0.0,0,0.0,0,0.0,0.0,0.0,0.0,0.7509316770186336,128.2,1,0,1.1939285714285715,120.0,0.0,1.148233215547703,0.9358381502890174,32,1.0831439393939393,1.0974803149606298,1.0,1.0,37.0,5,5,10,0.32,-9.879999999999999,7.6,2.6,1.1876220053238686,0,5,37,5,0,0,3,0,0,0,1,1,1,0.0,1,1,0.0,0
1.0,1.0,6,1.0,12,2.5,15.0,2.194444445,13.16666667,1.3309782608695653,126.2,1,6,1.2388505747126437,136.0,1.8333333300000003,1.2770334928229667,1.4512849162011174,19,1.2662162162162163,1.3042389210019267,1.0,1.0,19.0,6,6,12,-0.92,-17.42,16.2,0.3,1.1876220053238686,0,6,19,6,0,0,1,0,1,0,0,0,0,0.0,0,0,0.0,1
0.9375,0.8571428571428571,6,1.0,15,1.5,12.0,1.0909090909090908,12.0,1.2413610586011343,120.0,1,9,1.1803307676305388,100.0,0.0,1.151400966183575,0.9819806763285025,41,1.0986103210077205,1.1281060708036075,1.1428571428571428,1.2222222222222223,37.0,11,8,16,-3.12,-11.719999999999999,9.4,-0.8,1.1758672525439406,0,7,37,9,0,0,3,0,0,0,1,1,1,0.42857142857142855,1,1,0.5555555555555556,0
1.0,1.0,5,1.0,10,1.54166666625,12.33333333,1.657142857142857,11.6,0.7367809883877936,120.0,1,5,1.1973403408186016,120.0,0.7333333300000007,1.2639209009952854,0.8167361524717094,32,1.0449937888198757,1.0880586922712827,1.6,1.4,37.0,7,8,10,1.79,-11.11,12.4,0.5,1.1584500394906667,0,5,37,5,0,0,1,0,0,0,0,1,0,0.0,1,0,0.0,1
0.0,0.0,0,0.0,0,0.0,0.0,0.0,0.0,0.9622563718140928,100.0,1,0,1.1973403408186016,133.1,0.0,1.2639209009952854,0.7491078753076292,33,1.0449937888198757,1.0880586922712827,0.0,0.0,37.0,0,0,0,-4.06,-22.36,15.5,2.8,1.1584500394906667,0,0,37,0,1,0,1,0,0,1,0,1,1,0.0,1,0,0.0,1
0.6,0.4,2,0.8,6,1.1,11.0,1.3333333333333333,12.0,0.6201419698314108,121.8,1,4,1.3003910743041178,133.0,-1.0,1.1697181559973782,1.4404225006140996,18,1.1418478260869565,1.2414858951680476,2.0,1.8,2.0,9,10,10,3.51,-6.790000000000001,8.9,1.4,1.1743905726499018,2,5,3,5,0,0,3,0,1,0,0,0,1,0.0,0,1,0.0,0
0.75,0.6666666666666666,4,0.8333333333333334,9,1.5357142857142858,10.75,1.425,11.4,0.880909090909091,130.2,1,5,1.106153846153846,141.0,-0.6500000000000004,1.196590909090909,1.225164113785558,19,1.1182648401826485,1.2365750528541226,1.1666666666666667,1.3333333333333333,2.0,8,7,12,-1.7,-18.099999999999998,12.7,3.7,1.1876220053238686,2,6,3,6,0,0,2,0,1,0,0,0,0,0.0,0,1,0.0,0
1.0,1.0,5,1.0,11,3.16,15.8,2.19047619,15.33333333,0.8409172126265634,140.0,1,6,1.3003910743041178,140.0,0.4666666700000004,1.2816864295125163,0.7131609870740305,33,1.1267080745341616,0.7983695652173913,1.0,1.1666666666666667,22.5,7,5,11,2.02,-9.68,11.1,0.6,1.1743905726499018,35,5,40,6,0,0,1,0,0,0,1,1,0,0.0,1,0,0.3333333333333333,1
0.4166666666666667,0.3333333333333333,2,0.5,5,0.9166666666666666,11.0,0.9166666666666666,11.0,1.0635714285714286,131.0,1,3,1.2388505747126437,133.1,0.0,1.196590909090909,1.225164113785558,21,1.2868092691622104,1.2365750528541226,2.0,2.0,1.0,12,12,12,-3.12,-11.719999999999999,9.4,-0.8,1.1876220053238686,0,6,1,6,0,0,1,0,0,0,0,0,0,0.0,0,1,0.0,1
1.0,1.0,6,1.0,12,2.0476190471428573,14.33333333,2.6666666666666665,16.0,1.331363224637681,137.6,1,6,1.1081088290210723,153.0,-1.6666666699999997,1.245065950170982,1.4102055872516233,18,1.1436586685910157,1.2179619565217392,1.1666666666666667,1.0,2.0,6,7,12,1.79,-11.11,12.4,0.5,1.1584500394906667,2,6,3,6,0,0,3,0,1,0,0,0,0,0.0,0,1,0.0,0
0.0,0.0,0,0.0,0,0.0,0.0,0.0,0.0,0.9622563718140928,120.5,1,0,1.2239130434782608,125.0,0.0,1.1663749294184076,1.184466819221968,22,1.0449937888198757,1.0880586922712827,0.0,0.0,37.0,0,0,0,1.79,-11.11,12.4,0.5,1.1584500394906667,0,0,37,0,0,0,3,0,0,0,0,0,1,0.0,0,1,0.0,0
0.3333333333333333,0.16666666666666666,1,0.5,4,0.6666666666666666,10.0,1.2962962966666667,11.66666667,1.0189981096408318,120.6,0,3,1.1973403408186016,123.0,-1.6666666699999997,1.2639209009952854,1.184466819221968,19,1.2919274890242176,1.0880586922712827,2.5,1.5,37.5,9,15,12,1.74,-10.46,10.8,1.4,1.1584500394906667,1,6,38,6,0,0,1,0,1,0,0,0,0,0.0,0,1,0.0,1
0.0,0.0,0,0.0,0,0.0,0.0,0.0,0.0,1.0605978260869566,124.7,1,0,1.1803307676305388,132.0,0.0,1.151400966183575,1.4334342940889107,19,0.9073291925465838,1.277410022972858,2.0,2.0,15.5,10,10,10,0.32,-9.879999999999999,7.6,2.6,1.1758672525439406,7,5,19,5,0,0,4,0,1,0,1,0,0,0.0,0,1,0.0,0
0.0,0.0,0,0.0,0,0.0,0.0,0.0,0.0,1.0663372859025033,152.5,1,0,1.0651578320428827,136.0,0.0,1.0307911617961512,1.4334342940889107,20,1.1213355347642635,1.146645195920558,0.0,0.0,3.0,0,0,0,0.79,-12.809999999999999,13.9,-0.3,1.1758672525439406,0,0,3,0,0,0,1,0,1,0,0,0,0,0.0,0,1,0.0,1
0.0,0.0,0,0.0,0,0.0,0.0,0.0,0.0,1.0605978260869566,97.0,0,0,1.1803307676305388,133.1,0.0,1.197718162195498,0.7234823625922888,36,1.2576025080438908,1.1916457060725836,1.0,2.0,10.0,10,5,10,-4.06,-22.36,15.5,2.8,1.1758672525439406,18,5,19,5,0,0,1,1,0,1,0,1,1,0.0,1,0,0.0,1
0.25,0.3333333333333333,2,0.16666666666666666,3,1.1666666666666667,10.5,0.9166666666666666,11.0,0.8011627906976745,120.0,0,1,1.236,133.1,-0.5,1.3345945945945945,0.748,28,1.2428571428571429,1.2365750528541226,1.5,2.0,1.5,12,9,12,-0.92,-17.42,16.2,0.3,1.1876220053238686,1,6,2,6,0,0,1,1,0,1,1,1,1,0.0,1,1,0.0,1
1.0,1.0,6,1.0,12,1.9166666666666667,11.5,2.1111111116666668,12.66666667,1.0138998682476945,131.0,1,6,1.1990645264164983,120.0,-1.1666666699999997,1.204451156505842,0.73904412557989,44,1.117896865520728,1.2921636019934695,1.0,1.0,28.0,6,6,12,1.79,-11.11,12.4,0.5,1.1819062506030606,18,6,37,6,0,0,1,0,0,0,1,1,1,0.0,1,1,0.0,1
1.0,1.0,6,1.0,12,1.959183672857143,13.71428571,1.9761904757142859,13.83333333,1.4763186934451555,131.6,1,6,1.194817160955946,133.0,-0.11904761999999991,1.1306197964847364,1.4304347826086956,18,1.4363171355498723,1.2050514162006132,1.1666666666666667,1.1666666666666667,2.5,7,7,12,2.02,-9.68,11.1,0.6,1.1819062506030606,3,6,4,6,0,0,1,0,1,0,1,0,0,0.0,0,0,0.0,1
0.3333333333333333,0.3333333333333333,2,0.3333333333333333,4,1.9285714285714286,13.5,1.6666666666666667,15.0,0.683695652173913,115.0,1,2,1.0786585365853658,120.0,-1.5,0.9646551724137932,1.1977777777777778,30,0.9521739130434782,0.8368421052631578,1.1666666666666667,1.5,5.0,9,7,12,-4.06,-22.36,15.5,2.8,1.1876220053238686,0,6,5,6,0,0,1,0,0,0,1,1,1,0.16666666666666666,1,0,0.16666666666666666,1
0.0,0.0,0,0.0,0,0.0,0.0,0.0,0.0,0.8265111346765641,121.6,1,0,1.3003910743041178,123.0,0.0,1.039782608695652,1.2069998195922786,19,1.2693138979643126,1.0992070002734482,1.0,1.4,11.0,7,5,10,0.32,-9.879999999999999,7.6,2.6,1.1743905726499018,16,5,19,5,1,0,1,0,1,1,0,0,0,0.0,0,1,0.0,1
0.9642857142857143,0.9230769230769231,12,1.0,27,0.8974358976923077,11.66666667,0.7866666666666667,11.8,0.9895400126023945,118.0,1,15,1.1990645264164983,160.0,-0.13333333000000103,1.139830755763058,1.0745995423340962,53,1.2470369797307752,1.1229617418778761,1.0,1.0,19.0,15,13,28,3.51,-6.790000000000001,8.9,1.4,1.1819062506030606,36,13,37,15,0,0,1,0,0,0,0,1,0,0.9230769230769231,1,0,0.9333333333333333,1
0.875,0.875,7,0.875,14,0.7714285713333333,11.57142857,0.7714285713333333,11.57142857,1.5568619113426172,112.0,1,7,1.251728743136964,120.0,0.0,1.225328614762386,0.9819806763285025,19,1.2647449755785092,1.1916457060725836,1.875,1.875,1.0,15,15,16,-1.7,-18.099999999999998,12.7,3.7,1.1758672525439406,0,8,1,8,1,1,1,0,1,0,0,0,0,0.0,0,1,0.0,1
0.0,0.0,0,0.0,0,0.0,0.0,0.0,0.0,1.1621118012422362,120.0,0,0,1.1933908806863316,133.1,0.0,1.1782208343342142,0.7313379542113002,32,1.0901394585726005,1.1019750589821369,0.0,0.0,37.0,0,0,12,2.02,-9.68,11.1,0.6,1.1743905726499018,0,6,37,6,0,0,1,0,0,0,1,1,0,0.0,1,0,0.0,1
0.967741935483871,0.9230769230769231,12,1.0,30,0.8846153846153846,11.5,0.5303030304545454,11.66666667,1.0808549506759224,150.0,1,18,1.2013971665852468,150.0,-0.16666666999999968,1.0402415458937198,0.9867874396135266,35,1.25701394585726,1.0794466403162055,1.0,1.2222222222222223,3.0,22,13,31,-4.06,-22.36,15.5,2.8,1.1584500394906667,2,13,4,18,0,0,1,0,0,0,0,1,1,0.9230769230769231,1,0,0.8888888888888888,1
0.3,0.4,2,0.2,3,1.625,13.0,1.25,10.0,0.9177633108579399,117.9,1,1,1.2011857707509879,127.0,3.0,1.3025204788909892,0.9867874396135266,22,1.1436586685910157,1.0880586922712827,1.6,1.6,20.0,8,8,10,0.32,-9.879999999999999,7.6,2.6,1.1621739130434783,34,5,37,5,0,0,3,0,0,0,1,0,0,0.0,0,1,0.0,0
1.0,1.0,6,1.0,12,2.3611111116666668,14.16666667,2.555555555,15.33333333,1.3923076923076922,120.0,1,6,1.2636363636363634,132.0,-1.1666666600000006,1.19,1.0463414634146342,23,1.2662162162162163,1.3042389210019267,1.0,1.0,19.0,6,6,12,2.02,-9.68,11.1,0.6,1.1876220053238686,0,6,19,6,1,1,1,0,0,0,1,0,0,0.0,0,0,0.0,1
0.875,0.875,7,0.875,14,1.94625,15.57,1.94625,15.57,1.5568619113426172,143.8,1,7,1.2821204371076491,130.0,0.0,1.355244411692459,0.7234823625922888,27,1.0986103210077205,1.1281060708036075,1.0,1.0,37.0,8,8,16,1.74,-10.46,10.8,1.4,1.1758672525439406,0,8,37,8,0,0,1,0,0,0,0,1,1,0.0,1,0,0.0,1
0.0,0.0,0,0.0,0,0.0,0.0,0.0,0.0,1.4912388027091983,130.0,1,0,0.8680306905370844,130.0,0.0,0.8819221967963387,0.7327294685990338,41,0.4900869565217391,0.5699488491048593,0.0,0.0,34.0,0,0,12,2.02,-9.68,11.1,0.6,1.1758672525439406,0,6,34,6,0,0,1,0,0,1,1,1,0,0.0,1,0,0.0,1
0.9166666666666666,1.0,6,0.8333333333333334,11,2.1388888883333332,12.83333333,2.0,12.0,1.2840579710144928,132.0,1,5,1.1990645264164983,140.0,0.8333333300000003,1.204451156505842,1.4304347826086956,18,1.2275607958732497,1.339986123959297,1.0,1.0,28.5,6,6,12,-1.7,-18.099999999999998,12.7,3.7,1.1819062506030606,19,6,38,6,1,1,1,0,1,0,1,0,1,0.0,0,0,0.0,1
0.875,0.875,7,0.875,14,1.49642857125,11.97142857,1.49642857125,11.97142857,1.5568619113426172,115.4,1,7,1.251728743136964,121.0,0.0,1.197718162195498,0.9819806763285025,24,1.302210510906163,1.277410022972858,1.0,1.0,28.5,8,8,16,-1.7,-18.099999999999998,12.7,3.7,1.1758672525439406,19,8,38,8,1,1,1,0,0,0,1,0,0,0.0,1,1,0.0,1
0.9166666666666666,0.8333333333333334,5,1.0,11,1.4,12.6,1.49382716,13.44444444,1.0067868504772004,160.0,1,6,1.2542082169924211,160.0,-0.8444444400000002,1.189437963944857,1.1124779073877695,20,1.2470369797307752,1.339986123959297,1.5,1.5,19.5,9,9,12,0.79,-12.809999999999999,13.9,-0.3,1.1819062506030606,37,6,38,6,1,1,1,0,1,0,1,0,1,0.0,0,1,0.0,1
0.3333333333333333,0.2857142857142857,2,0.375,5,1.4285714285714286,10.0,1.2222222222222223,11.0,0.7911983032873808,128.2,1,3,1.1803307676305388,130.0,-1.0,1.151400966183575,0.9819806763285025,34,1.0986103210077205,1.1281060708036075,1.0,1.125,37.0,9,7,15,-3.12,-11.719999999999999,9.4,-0.8,1.1758672525439406,0,7,37,8,0,0,1,0,0,0,1,1,0,0.2857142857142857,1,0,0.375,1
0.0,0.0,0,0.0,0,0.0,0.0,0.0,0.0,1.547589908749329,128.0,0,0,1.1933908806863316,142.0,0.0,1.1803969095591578,1.1509476031215162,19,1.2357226792009401,1.1019750589821369,0.0,2.0,37.5,14,0,15,2.02,-9.68,11.1,0.6,1.1743905726499018,1,8,38,7,0,0,6,0,1,0,0,0,0,0.0,0,1,0.0,0
1.0,1.0,8,1.0,15,1.7493827155555557,15.74444444,2.4122448985714287,16.88571429,1.5717231848623365,170.0,1,7,1.1990645264164983,170.0,-1.1412698499999987,1.189437963944857,0.7927536231884058,24,1.2470369797307752,1.2050514162006132,1.125,1.0,1.0,7,9,15,-0.92,-17.42,16.2,0.3,1.1819062506030606,0,8,1,7,0,0,1,0,0,0,0,0,0,0.375,1,0,0.5714285714285714,1
0.5833333333333334,0.8333333333333334,5,0.3333333333333333,7,1.55,12.4,0.7,10.5,1.4763186934451555,108.3,1,2,1.194817160955946,109.0,1.9000000000000004,1.1306197964847364,1.0228260869565218,21,1.2275607958732497,1.1229617418778761,1.3333333333333333,2.5,28.0,15,8,12,1.74,-10.46,10.8,1.4,1.1819062506030606,18,6,37,6,1,1,1,0,0,0,1,0,0,0.0,0,0,0.0,1
1.0,1.0,5,1.0,10,2.8,14.0,2.52,12.6,0.9895400126023945,121.8,1,5,1.2542082169924211,127.0,1.4000000000000004,1.1306197964847364,1.4304347826086956,18,1.2366956521739132,1.2921636019934695,1.0,1.0,10.5,5,5,10,2.02,-9.68,11.1,0.6,1.1819062506030606,17,5,19,5,0,0,1,0,1,0,0,0,0,0.0,0,0,0.0,1
0.2,0.0,0,0.4,2,0.0,0.0,1.1111111111111112,10.0,1.0138095238095237,111.0,1,2,1.106153846153846,151.0,-10.0,1.1960526315789475,0.9358381502890174,28,1.2868092691622104,1.124342105263158,1.8,1.8,2.0,9,9,10,-4.06,-22.36,15.5,2.8,1.1876220053238686,2,5,3,5,0,0,1,0,0,0,1,1,1,0.0,1,0,0.0,1
1.0,1.0,6,1.0,12,1.5952380957142858,11.16666667,2.1388888883333332,12.83333333,1.3746562616127835,125.4,1,6,1.2099177438307875,117.0,-1.6666666600000006,1.264619822790027,1.2130434782608694,19,1.2470369797307752,1.2050514162006132,1.1666666666666667,1.0,1.0,6,7,12,2.02,-9.68,11.1,0.6,1.1819062506030606,0,6,1,6,1,1,4,0,1,0,1,0,1,0.0,0,1,0.0,0
0.0,0.0,0,0.0,0,0.0,0.0,0.0,0.0,1.0663865546218485,105.3,0,0,1.0786585365853658,130.0,0.0,1.2795454545454545,1.1977777777777778,36,1.1182648401826485,1.08125,1.6666666666666667,1.3333333333333333,2.5,8,10,12,-0.92,-17.42,16.2,0.3,1.1876220053238686,1,6,3,6,0,0,1,0,0,0,0,1,1,0.0,1,0,0.0,1
0.9166666666666666,1.0,6,0.8333333333333334,11,1.8367346942857143,12.85714286,1.8571428571428572,13.0,1.140246768507638,114.2,1,5,1.1803307676305388,110.0,-0.14285714000000027,1.151400966183575,1.2983277591973243,23,1.2647449755785092,1.277410022972858,1.1666666666666667,1.1666666666666667,10.0,7,7,12,3.51,-6.790000000000001,8.9,1.4,1.1758672525439406,18,6,19,6,1,1,1,0,0,0,1,0,1,0.0,0,0,0.0,1
0.0,0.0,0,0.0,0,0.0,0.0,0.0,0.0,1.2067357512953367,150.0,1,0,1.3634920634920635,150.0,0.0,1.2795454545454545,1.2134920634920636,21,1.325,1.0818181818181818,0.0,0.0,19.5,0,0,12,1.74,-10.46,10.8,1.4,1.1876220053238686,19,6,29,6,0,0,1,0,0,0,1,0,0,0.0,0,1,0.0,1
0.0,0.0,0,0.0,0,0.0,0.0,0.0,0.0,1.0663372859025033,160.0,1,0,1.1803307676305388,160.0,0.0,1.151400966183575,1.156304347826087,21,1.2576025080438908,1.3335857352222766,0.0,0.0,28.5,0,0,0,-4.06,-22.36,15.5,2.8,1.1758672525439406,19,0,38,0,1,0,1,0,0,1,1,0,1,0.0,0,1,0.0,1
0.0,0.0,0,0.0,0,0.0,0.0,0.0,0.0,0.9895400126023945,119.9,0,0,1.1990645264164983,130.0,0.0,1.204451156505842,1.1833540372670808,34,1.117896865520728,1.1229617418778761,0.0,1.0,37.0,5,0,10,-3.12,-11.719999999999999,9.4,-0.8,1.1819062506030606,0,5,37,5,0,0,4,0,0,0,1,1,0,0.0,1,1,0.0,0
0.0,0.0,0,0.0,0,0.0,0.0,0.0,0.0,1.1776659038901602,111.3,1,0,1.1803307676305388,120.0,0.0,1.151400966183575,1.2294441386901487,20,1.0986103210077205,1.3335857352222766,0.0,0.0,37.5,0,0,12,2.02,-9.68,11.1,0.6,1.1758672525439406,1,6,38,6,0,0,3,0,1,0,1,0,0,0.0,0,0,0.0,0
0.8333333333333334,0.8333333333333334,5,0.8333333333333334,10,1.55,12.4,1.316666667,13.16666667,0.8927536231884058,122.5,1,5,1.225732834939996,134.0,-0.7666666699999993,1.1803969095591578,1.2069998195922786,22,1.2643147284489245,1.2742242031788749,1.3333333333333333,1.6666666666666667,10.0,10,8,12,-4.06,-22.36,15.5,2.8,1.1743905726499018,18,6,19,6,0,0,1,0,0,0,0,0,0,0.0,0,1,0.0,1
0.6,0.6,3,0.6,6,1.33333333375,10.66666667,1.625,13.0,1.2021517302573204,130.0,1,3,1.2239130434782608,133.1,-2.3333333300000003,1.1624045504129656,1.184466819221968,22,1.25372234935164,1.2799644037630307,1.6,1.6,10.0,8,8,10,0.32,-9.879999999999999,7.6,2.6,1.1584500394906667,18,5,19,5,0,0,1,0,0,0,0,0,1,0.0,0,0,0.0,1
0.9285714285714286,1.0,8,0.8333333333333334,13,1.578125,12.625,1.5925925922222222,14.33333333,0.901159420289855,131.3,1,5,1.2239130434782608,133.0,-1.7083333300000003,1.1663749294184076,1.4102055872516233,20,1.25372234935164,1.2767270531400965,1.0,1.5,19.5,9,8,14,-4.06,-22.36,15.5,2.8,1.1584500394906667,37,8,38,6,0,0,1,0,1,0,0,0,0,0.5,0,1,0.0,1
0.08333333333333333,0.0,0,0.16666666666666666,1,0.0,0.0,0.6470588235294118,11.0,1.0067868504772004,120.0,1,1,1.2949832775919734,120.0,-11.0,1.1667984189723322,1.1124779073877695,19,1.2470369797307752,1.052902889872429,3.1666666666666665,2.8333333333333335,2.0,17,19,12,-0.92,-17.42,16.2,0.3,1.1819062506030606,2,6,3,6,0,0,1,0,1,0,0,0,1,0.0,0,0,0.0,1
0.4166666666666667,0.3333333333333333,2,0.5,5,0.9230769230769231,12.0,1.0909090909090908,12.0,0.901159420289855,120.0,1,3,1.1973403408186016,128.0,0.0,1.1624045504129656,1.4102055872516233,18,1.25372234935164,1.2179619565217392,2.1666666666666665,1.8333333333333333,1.0,11,13,12,-1.7,-18.099999999999998,12.7,3.7,1.1584500394906667,0,6,1,6,0,0,1,0,1,0,1,0,0,0.0,0,1,0.0,1
0.0,0.0,0,0.0,0,0.0,0.0,0.0,0.0,0.8792181890706022,127.9,1,0,1.2542082169924211,145.0,0.0,1.204451156505842,1.2130434782608694,19,1.3338955940090156,1.2921636019934695,0.0,0.0,28.5,0,0,12,1.74,-10.46,10.8,1.4,1.1819062506030606,19,6,38,6,0,0,2,0,1,0,0,0,0,0.0,0,1,0.0,0
0.9,1.0,5,0.8,9,2.6,13.0,1.34375,10.75,0.9895400126023945,124.3,1,4,1.1990645264164983,140.0,2.25,1.204451156505842,1.4304347826086956,18,1.2275607958732497,1.2921636019934695,1.0,1.6,19.0,8,5,10,1.79,-11.11,12.4,0.5,1.1819062506030606,0,5,19,5,1,1,1,0,1,0,1,0,0,0.0,0,1,0.0,1
0.9,0.8,4,1.0,9,1.7857142857142858,12.5,2.0,12.0,1.0296727924697446,122.7,1,5,1.1803307676305388,136.0,0.5,1.271562304971916,1.2294441386901487,18,1.2647449755785092,1.1916457060725836,1.4,1.2,1.0,6,7,10,-4.06,-22.36,15.5,2.8,1.1758672525439406,0,5,1,5,0,0,1,0,1,0,0,0,1,0.0,0,1,0.0,1
0.875,0.875,7,0.875,14,1.75,14.0,1.75,14.0,1.5568619113426172,133.0,1,7,1.2127443159154367,149.0,0.0,1.151400966183575,1.4334342940889107,18,1.2647449755785092,1.1916457060725836,1.0,1.0,1.0,8,8,16,-1.7,-18.099999999999998,12.7,3.7,1.1758672525439406,0,8,1,8,1,1,6,0,1,0,0,0,0,0.0,0,1,0.0,0
1.0,1.0,8,1.0,15,1.8875,15.1,1.75625,14.05,1.5568619113426172,133.5,1,7,1.2127443159154367,134.0,1.049999999999999,1.355244411692459,1.2294441386901487,19,1.2576025080438908,1.1281060708036075,1.0,1.1428571428571428,28.0,8,8,15,0.79,-12.809999999999999,13.9,-0.3,1.1758672525439406,18,8,37,7,0,0,2,0,1,0,0,0,0,0.0,0,1,0.0,0
0.0,0.0,0,0.0,0,0.0,0.0,0.0,0.0,0.880909090909091,150.0,1,0,1.0786585365853658,150.0,0.0,1.2994236311239193,1.2134920634920636,19,1.1182648401826485,1.0974803149606298,0.0,0.0,20.0,0,0,12,1.79,-11.11,12.4,0.5,1.1876220053238686,34,6,37,6,0,0,1,0,1,0,0,0,0,0.0,0,0,0.0,1
0.0,0.0,0,0.0,0,0.0,0.0,0.0,0.0,1.2021517302573204,128.2,1,0,0.6219486642221058,133.1,0.0,0.772524154589372,0.7491078753076292,25,0.5682898550724638,0.6546057479734708,1.0,1.0,34.0,5,5,10,0.32,-9.879999999999999,7.6,2.6,1.1584500394906667,0,5,34,5,0,0,1,0,0,0,1,0,0,0.0,1,0,0.0,1
0.8666666666666667,0.75,6,1.0,13,0.9308035714285714,13.03125,1.4175,14.175,1.5796068796068796,133.2,1,7,1.2145569620253165,140.0,-1.1437500000000007,1.2994236311239193,1.4512849162011174,20,1.2932721712538227,1.3434108527131783,1.75,1.4285714285714286,38.0,10,14,15,-4.06,-22.36,15.5,2.8,1.1876220053238686,0,8,38,7,1,1,4,0,1,0,1,0,0,0.0,0,1,0.0,0
1.0,1.0,6,1.0,12,2.5833333333333335,15.5,2.5,15.0,1.331363224637681,137.8,1,6,1.154390451832907,150.0,0.5,1.2639209009952854,1.184466819221968,18,1.2919274890242176,1.2767270531400965,1.0,1.0,38.0,6,6,12,3.51,-6.790000000000001,8.9,1.4,1.1584500394906667,0,6,38,6,1,1,1,0,1,0,1,0,0,0.0,0,1,0.0,1
0.7241379310344828,0.8333333333333334,10,0.6470588235294118,21,0.5291666666666667,12.7,0.4105571848387097,12.72727273,1.0411544227886058,130.0,0,11,1.1933908806863316,130.0,-0.027272729999999967,1.3083536883243772,0.7131609870740305,32,1.2643147284489245,1.3033971014492753,2.0,1.8235294117647058,19.5,31,24,29,-4.06,-22.36,15.5,2.8,1.1743905726499018,37,12,38,17,0,0,1,0,0,0,0,1,1,0.8333333333333334,1,1,0.6470588235294118,1
0.8666666666666667,0.875,7,0.8571428571428571,13,1.37,12.33,0.9055769230769232,11.7725,1.5717231848623365,115.0,1,6,1.194817160955946,115.0,0.5574999999999992,1.1306197964847364,1.1833540372670808,20,1.3338955940090156,1.1229617418778761,1.125,1.8571428571428572,37.5,13,9,15,-4.06,-22.36,15.5,2.8,1.1819062506030606,1,8,38,7,0,0,1,0,1,0,1,0,0,0.0,0,0,0.0,1
1.0,1.0,6,1.0,12,2.2222222216666667,13.33333333,2.3333333333333335,14.0,1.0588932806324112,153.8,1,6,1.2125797101449276,172.0,-0.6666666699999997,1.1803969095591578,1.4404225006140996,20,1.0901394585726005,1.1019750589821369,1.0,1.0,37.0,6,6,12,1.74,-10.46,10.8,1.4,1.2709565217391303,0,6,37,6,1,1,1,0,1,0,1,0,0,0.0,0,1,0.0,1
0.4,0.8,4,0.0,4,2.2916666666666665,13.75,0.0,0.0,0.7812111801242235,125.0,1,0,1.2011857707509879,125.0,13.75,0.9459469417833456,0.9867874396135266,21,0.9684782608695652,1.0820586694604504,1.2,1.2,21.0,6,6,10,1.74,-10.46,10.8,1.4,1.1584500394906667,36,5,39,5,0,0,1,0,0,0,0,0,0,0.0,0,1,0.0,1
0.0,0.0,0,0.0,0,0.0,0.0,0.0,0.0,0.7812111801242235,121.7,0,0,1.1973403408186016,122.0,0.0,1.1624045504129656,1.184466819221968,22,1.233967927278964,1.2799644037630307,1.0,0.0,19.0,0,2,8,-3.12,-11.719999999999999,9.4,-0.8,1.1584500394906667,0,2,19,6,0,0,1,0,0,0,1,0,0,0.0,0,1,0.0,1
1.0,1.0,6,1.0,12,1.6111111111111112,14.5,1.1190476192857142,15.66666667,1.2021517302573204,124.4,1,6,1.2013971665852468,123.0,-1.1666666699999997,1.1663749294184076,1.184466819221968,19,1.233967927278964,1.2799644037630307,1.5,2.3333333333333335,19.0,14,9,12,-4.06,-22.36,15.5,2.8,1.1584500394906667,0,6,19,6,0,0,4,0,1,0,0,0,0,0.0,0,1,0.0,0
0.8571428571428571,0.8571428571428571,6,0.8571428571428571,12,2.1714285714285713,15.2,2.1714285714285713,15.2,1.5717231848623365,138.0,1,6,1.1990645264164983,151.0,0.0,1.204451156505842,1.4304347826086956,18,1.117896865520728,1.1229617418778761,1.0,1.0,37.0,7,7,14,0.32,-9.879999999999999,7.6,2.6,1.1819062506030606,0,7,37,7,0,0,1,0,1,0,1,0,0,0.0,0,1,0.0,1
0.4,0.0,0,0.8,4,0.0,0.0,1.8214285714285714,12.75,1.0138095238095237,152.8,1,4,0.6161764705882353,150.0,-12.75,1.155188679245283,1.4512849162011174,18,0.5958333333333333,1.3042389210019267,1.0,1.4,26.5,7,5,10,0.32,-9.879999999999999,7.6,2.6,1.1876220053238686,15,5,34,5,1,1,1,0,1,0,0,0,1,0.0,0,1,0.0,1
1.0,1.0,8,1.0,15,1.9546875,15.6375,1.4791666666666667,13.3125,1.5796068796068796,124.3,1,7,1.2783606557377047,140.0,2.3249999999999993,1.2795454545454545,1.4512849162011174,19,1.2932721712538227,1.0974803149606298,1.0,1.2857142857142858,37.5,9,8,15,0.79,-12.809999999999999,13.9,-0.3,1.1876220053238686,1,8,38,7,1,1,2,0,1,0,0,0,0,0.0,0,1,0.0,0
0.8846153846153846,0.9090909090909091,10,0.8666666666666667,23,0.772222222,11.58333333,0.764102564,11.46153846,0.8455652173913043,113.7,1,13,1.194817160955946,150.0,0.12179487000000044,1.1306197964847364,1.08159111933395,30,1.2275607958732497,1.2921636019934695,1.3636363636363635,1.0,19.0,15,15,26,-0.92,-17.42,16.2,0.3,1.1819062506030606,0,11,19,15,0,0,1,0,0,0,1,1,1,0.5454545454545454,1,0,0.7333333333333333,1
0.3,0.2,1,0.4,3,0.9090909090909091,10.0,1.1111111111111112,10.0,1.0138095238095237,109.3,0,2,1.1939285714285715,117.0,0.0,1.148233215547703,1.225164113785558,22,1.0831439393939393,1.0974803149606298,2.2,1.8,37.0,9,11,10,-3.12,-11.719999999999999,9.4,-0.8,1.1876220053238686,0,5,37,5,0,0,1,0,0,0,1,0,0,0.0,0,0,0.0,1
1.0,1.0,8,1.0,15,1.9234375,15.3875,1.9551020414285714,13.68571429,1.543190537084399,139.8,1,7,1.2013971665852468,145.0,1.7017857099999993,1.1663749294184076,1.184466819221968,18,0.8976284584980238,1.2179619565217392,1.0,1.0,6.5,7,8,15,0.79,-12.809999999999999,13.9,-0.3,1.1584500394906667,11,8,12,7,0,0,3,0,1,0,0,0,0,0.0,0,1,0.0,0
1.0,1.0,6,1.0,12,1.6938775514285713,11.85714286,1.1125,11.125,1.49416149068323,129.6,1,6,1.1933908806863316,124.0,0.7321428599999997,1.3083536883243772,1.4404225006140996,19,1.2357226792009401,1.2742242031788749,1.1666666666666667,1.6666666666666667,28.5,10,7,12,0.32,-9.879999999999999,7.6,2.6,1.1743905726499018,19,6,38,6,0,0,2,0,1,0,0,0,1,0.0,0,1,0.0,0
0.875,0.875,7,0.875,14,1.0523809524999999,12.62857143,1.0523809524999999,12.62857143,1.5568619113426172,134.3,1,7,1.1803307676305388,147.0,0.0,1.151400966183575,1.4334342940889107,18,1.0986103210077205,1.1281060708036075,1.5,1.5,37.0,12,12,16,-1.7,-18.099999999999998,12.7,3.7,1.1758672525439406,0,8,37,8,1,1,5,0,1,0,1,0,0,0.0,0,0,0.0,0
0.9166666666666666,0.8333333333333334,5,1.0,11,1.75,14.0,2.2222222216666667,13.33333333,1.168944099378882,120.6,1,6,1.2550901378579005,123.0,0.6666666699999997,1.318361688720857,1.4304347826086956,19,1.2470369797307752,1.339986123959297,1.3333333333333333,1.0,19.5,6,8,12,3.51,-6.790000000000001,8.9,1.4,1.1819062506030606,37,6,38,6,0,0,2,0,1,0,1,0,1,0.0,0,1,0.0,0
0.0,0.0,0,0.0,0,0.0,0.0,0.0,0.0,1.3723199468967806,120.9,1,0,1.3003910743041178,116.0,0.0,1.2816864295125163,1.0102538326212618,24,1.2643147284489245,1.2414858951680476,1.0,1.0,1.0,6,6,12,-1.7,-18.099999999999998,12.7,3.7,1.1743905726499018,0,6,1,6,0,0,1,0,0,0,1,0,1,0.0,1,0,0.0,1
0.7,0.8,4,0.6,7,2.1666666666666665,13.0,1.3333333333333333,12.0,1.2021517302573204,139.4,1,3,1.2013971665852468,150.0,1.0,1.123776517538332,1.2130434782608697,18,1.25372234935164,1.2179619565217392,1.2,1.8,1.0,9,6,10,0.32,-9.879999999999999,7.6,2.6,1.1584500394906667,0,5,1,5,0,0,1,0,1,0,1,0,0,0.0,0,0,0.0,1
0.896551724137931,0.8571428571428571,12,0.9333333333333333,26,0.708333333125,11.33333333,0.738095238,11.07142857,0.8455652173913043,103.8,1,14,1.1990645264164983,130.0,0.2619047600000002,1.204451156505842,1.0228260869565218,28,1.117896865520728,1.1229617418778761,1.1428571428571428,1.0,37.0,15,16,29,-3.12,-11.719999999999999,9.4,-0.8,1.1819062506030606,0,14,37,15,0,0,1,0,0,0,1,1,0,0.8571428571428571,1,0,0.9333333333333333,1
1.0,1.0,5,1.0,10,2.7600000000000002,13.8,2.8,14.0,0.8409172126265634,100.1,1,5,0.9919254658385093,127.0,-0.1999999999999993,1.1697181559973782,0.9677345537757437,31,1.0901394585726005,1.1019750589821369,1.0,1.0,37.0,5,5,10,3.51,-6.790000000000001,8.9,1.4,1.1743905726499018,0,5,37,5,0,0,1,0,0,0,0,1,0,0.0,1,0,0.2,1
0.75,0.5,3,1.0,9,1.58333333375,12.66666667,2.2222222216666667,13.33333333,1.3746562616127835,109.0,1,6,1.1990645264164983,116.0,-0.6666666600000006,1.204451156505842,1.2130434782608694,23,1.3338955940090156,1.1229617418778761,1.3333333333333333,1.0,37.5,6,8,12,2.02,-9.68,11.1,0.6,1.1819062506030606,1,6,38,6,1,1,4,0,0,0,1,0,0,0.0,0,0,0.0,0
0.9166666666666666,0.8333333333333334,5,1.0,11,1.3199999999999998,13.2,1.7619047614285714,12.33333333,1.3309782608695653,119.7,1,6,1.1939285714285715,133.0,0.866666669999999,1.148233215547703,1.4512849162011174,19,1.2868092691622104,1.3042389210019267,1.6666666666666667,1.1666666666666667,10.0,7,10,12,-0.92,-17.42,16.2,0.3,1.1876220053238686,18,6,19,6,0,0,4,0,1,0,1,0,1,0.0,0,1,0.0,0
1.0,1.0,6,1.0,12,2.194444445,13.16666667,2.3333333333333335,14.0,1.545408163265306,164.9,1,6,1.2388505747126437,154.0,-0.8333333300000003,0.9646551724137932,1.4512849162011174,18,1.2868092691622104,1.124342105263158,1.0,1.0,2.0,6,6,12,1.74,-10.46,10.8,1.4,1.1876220053238686,2,6,3,6,0,0,1,0,1,0,0,0,0,0.0,0,0,0.0,1
1.0,1.0,6,1.0,12,2.444444445,14.66666667,2.4166666666666665,14.5,1.2840579710144928,150.2,1,6,1.1990645264164983,154.0,0.16666666999999968,1.318361688720857,1.4304347826086956,18,1.117896865520728,1.1229617418778761,1.0,1.0,37.0,6,6,12,-0.92,-17.42,16.2,0.3,1.1819062506030606,0,6,37,6,1,1,1,0,1,0,0,0,0,0.0,0,0,0.0,1
0.5833333333333334,0.3333333333333333,2,0.8333333333333334,7,0.8846153846153846,11.5,1.0,13.0,1.0808549506759224,120.0,1,5,1.2013971665852468,140.0,-1.5,0.9459469417833456,1.2388849929873773,22,1.394429347826087,1.0794466403162055,2.1666666666666665,2.1666666666666665,4.0,13,13,12,1.79,-11.11,12.4,0.5,1.1584500394906667,0,6,4,6,0,0,1,0,0,0,0,0,1,0.0,0,1,0.0,1
0.8333333333333334,0.6666666666666666,4,1.0,10,1.1458333333333333,13.75,1.41666666625,11.33333333,0.8265111346765641,113.5,1,6,1.225732834939996,117.0,2.4166666699999997,1.1697181559973782,1.2069998195922786,19,1.2693138979643126,1.2742242031788749,2.0,1.3333333333333333,19.0,8,12,12,3.51,-6.790000000000001,8.9,1.4,1.1743905726499018,0,6,19,6,0,0,1,0,1,0,1,0,0,0.0,0,1,0.0,1
0.1,0.0,0,0.2,1,0.0,0.0,2.0,10.0,0.8409172126265634,150.0,0,1,1.2242311770943797,110.0,-10.0,1.1559857057772485,0.7313379542113002,48,1.0901394585726005,1.1019750589821369,1.0,1.0,37.0,5,5,10,-4.06,-22.36,15.5,2.8,1.1743905726499018,0,5,37,5,0,0,1,0,0,0,0,1,0,0.0,1,0,0.0,1
0.8,0.6,3,1.0,8,1.58333333375,12.66666667,2.1,12.6,1.0296727924697446,120.0,1,5,1.0651578320428827,127.0,0.06666667000000004,1.201176855181432,1.4334342940889107,19,1.2647449755785092,1.277410022972858,1.6,1.2,10.0,6,8,10,3.51,-6.790000000000001,8.9,1.4,1.1758672525439406,18,5,19,5,0,0,6,0,1,0,0,0,1,0.0,0,1,0.0,0
0.0,0.0,0,0.0,0,0.0,0.0,0.0,0.0,0.9622563718140928,110.0,1,0,1.1081088290210723,133.1,0.0,1.2639209009952854,0.7491078753076292,25,1.25372234935164,1.2799644037630307,0.0,0.0,10.0,0,0,0,-4.06,-22.36,15.5,2.8,1.2383399209486166,18,0,19,0,1,1,1,0,0,0,0,0,1,0.0,1,0,0.0,1
1.0,1.0,6,1.0,12,2.2777777783333333,13.66666667,2.1666666666666665,13.0,1.3096192836224372,120.0,1,6,1.2127443159154367,120.0,0.6666666699999997,1.197718162195498,1.348447204968944,22,1.2576025080438908,1.277410022972858,1.0,1.0,19.0,6,6,12,1.79,-11.11,12.4,0.5,1.2209718670076726,0,6,19,6,0,0,1,0,0,0,0,0,0,0.0,0,1,0.0,1
0.8333333333333334,0.6666666666666666,4,1.0,10,1.057142857,10.57142857,1.6428571428571428,11.5,1.1767016491754123,106.6,1,6,1.2013971665852468,125.0,-0.9285714299999999,1.3025204788909892,0.9867874396135266,20,1.2919274890242176,1.2799644037630307,1.6666666666666667,1.1666666666666667,28.5,7,10,12,1.74,-10.46,10.8,1.4,1.1584500394906667,19,6,38,6,0,0,2,0,1,0,0,0,0,0.0,0,1,0.6666666666666666,0
1.0,1.0,8,1.0,15,1.7390625,13.9125,1.4283950622222223,12.85555556,1.218035426731079,128.5,1,7,1.1933908806863316,131.0,1.0569444399999988,1.3083536883243772,1.2069998195922786,18,1.2693138979643126,1.3033971014492753,1.0,1.2857142857142858,28.5,9,8,15,-1.7,-18.099999999999998,12.7,3.7,1.1743905726499018,19,8,38,7,1,1,3,0,1,0,0,0,0,0.0,0,0,0.0,0
1.0,1.0,8,1.0,15,1.4583950622222224,13.12555556,1.5870370366666666,14.28333333,1.543190537084399,126.0,1,7,1.154390451832907,137.0,-1.1577777699999992,1.2639209009952854,1.4102055872516233,19,1.2919274890242176,1.0880586922712827,1.125,1.2857142857142858,37.5,9,9,15,-4.06,-22.36,15.5,2.8,1.1584500394906667,1,8,38,7,0,0,4,0,1,0,1,0,0,0.0,0,1,0.0,0
0.25,0.0,0,0.5,3,0.0,0.0,2.055555555,12.33333333,1.168944099378882,122.8,1,3,1.056521739130435,127.0,-12.33333333,0.9590062111801242,1.2130434782608694,20,1.100568702990277,1.1278260869565218,1.5,1.0,3.5,6,9,12,1.74,-10.46,10.8,1.4,1.1819062506030606,1,6,4,6,0,0,5,0,1,0,1,0,1,0.0,0,0,0.0,0
0.9166666666666666,0.8333333333333334,5,1.0,11,1.375,11.0,1.2037037033333333,10.83333333,1.0605978260869566,122.0,1,6,1.3066447908121412,129.0,0.16666666999999968,1.355244411692459,1.4334342940889107,18,1.0986103210077205,1.3335857352222766,1.3333333333333333,1.5,37.5,9,8,12,0.32,-9.879999999999999,7.6,2.6,1.1758672525439406,1,6,38,6,1,1,3,0,1,0,1,0,0,0.0,0,1,0.0,0
0.875,0.875,7,0.875,14,1.79107142875,14.32857143,1.79107142875,14.32857143,1.547589908749329,123.0,1,7,1.1933908806863316,136.0,0.0,1.1782208343342142,1.4404225006140996,19,1.2693138979643126,1.3033971014492753,1.0,1.0,28.5,8,8,16,1.74,-10.46,10.8,1.4,1.1743905726499018,19,8,38,8,0,0,4,0,1,0,1,0,0,0.0,0,1,0.0,0
0.875,0.875,7,0.875,14,1.64392857125,13.15142857,1.64392857125,13.15142857,1.547589908749329,120.0,1,7,1.2242311770943797,129.0,0.0,1.1968670076726344,1.2069998195922786,19,1.2693138979643126,1.1019750589821369,1.0,1.0,28.0,8,8,16,1.74,-10.46,10.8,1.4,1.1743905726499018,18,8,37,8,1,1,3,0,1,0,0,0,0,0.0,0,1,0.0,0
1.0,1.0,5,1.0,10,2.3333333333333335,14.0,2.466666666666667,14.8,1.1621118012422362,139.8,1,5,1.1933908806863316,145.0,-0.8000000000000007,1.1559857057772485,1.4404225006140996,20,1.2357226792009401,1.3033971014492753,1.2,1.2,38.0,6,6,10,-1.7,-18.099999999999998,12.7,3.7,1.1743905726499018,0,5,38,5,0,0,1,0,1,0,0,0,0,0.0,0,1,0.0,1
1.0,1.0,6,1.0,12,1.116666667,11.16666667,2.1388888883333332,12.83333333,1.3923076923076922,110.8,1,6,1.106153846153846,116.0,-1.6666666600000006,1.1960526315789475,1.4512849162011174,20,1.2868092691622104,1.2365750528541226,1.6666666666666667,1.0,1.0,6,10,12,1.79,-11.11,12.4,0.5,1.1876220053238686,0,6,1,6,0,0,1,0,1,0,1,0,0,0.0,0,1,0.0,1
0.16666666666666666,0.0,0,0.3333333333333333,2,0.0,0.0,1.0454545454545454,11.5,1.0411544227886058,120.0,0,2,1.1933908806863316,133.1,-11.5,1.2021125030704987,0.7313379542113002,27,1.2643147284489245,1.2742242031788749,1.1666666666666667,1.8333333333333333,10.0,11,7,12,3.51,-6.790000000000001,8.9,1.4,1.1743905726499018,18,6,19,6,0,0,1,1,0,1,0,1,1,0.0,1,0,0.0,1
0.0,0.0,0,0.0,0,0.0,0.0,0.0,0.0,0.8198067632850241,100.0,1,0,1.0651578320428827,134.0,0.0,1.0612395929694727,0.9819806763285025,32,1.0986103210077205,1.1281060708036075,1.1428571428571428,1.0,37.0,7,8,14,0.79,-12.809999999999999,13.9,-0.3,1.1758672525439406,0,7,37,7,0,0,1,0,0,0,1,1,1,0.0,1,1,0.0,1
0.0,0.0,0,0.0,0,0.0,0.0,0.0,0.0,1.0605978260869566,114.3,1,0,1.2127443159154367,123.0,0.0,1.355244411692459,1.4334342940889107,19,1.302210510906163,1.3335857352222766,0.0,0.0,38.0,0,0,12,2.02,-9.68,11.1,0.6,1.1758672525439406,0,6,38,6,0,0,1,0,1,0,0,0,0,0.0,0,0,0.0,1
0.9285714285714286,0.8571428571428571,6,1.0,13,1.5625,12.5,1.8571428571428572,13.0,0.8310789049919485,106.0,1,7,1.2889632107023412,133.1,-0.5,1.1756521739130434,1.152445652173913,21,1.2647449755785092,1.277410022972858,1.1428571428571428,1.0,10.0,7,8,14,3.51,-6.790000000000001,8.9,1.4,1.1758672525439406,18,7,19,7,0,0,1,0,0,1,0,0,0,0.0,0,1,0.0,1
0.0,0.0,0,0.0,0,0.0,0.0,0.0,0.0,1.0972332015810278,132.0,1,0,1.1224184782608695,132.0,0.0,1.189437963944857,1.08159111933395,19,1.2470369797307752,1.2050514162006132,0.0,0.0,1.0,0,0,0,-1.7,-18.099999999999998,12.7,3.7,1.1819062506030606,0,0,1,0,0,0,1,0,1,0,0,0,0,0.0,0,1,0.0,1
0.8571428571428571,0.8571428571428571,12,0.8571428571428571,24,0.9494047621428571,13.29166667,0.9494047621428571,13.29166667,1.5796068796068796,130.0,1,12,1.0786585365853658,100.0,0.0,1.2795454545454545,1.1977777777777778,25,1.1182648401826485,1.0974803149606298,1.0,1.0,20.0,14,14,28,0.32,-9.879999999999999,7.6,2.6,1.1876220053238686,34,14,37,14,0,0,1,0,0,0,0,0,0,0.0,1,1,0.0,1
0.7857142857142857,0.7142857142857143,5,0.8571428571428571,11,1.0416666666666667,12.5,1.1227272727272728,12.35,1.1362068965517242,105.0,1,6,1.1939285714285715,140.0,0.15000000000000036,1.3345945945945945,0.748,36,1.0831439393939393,1.0974803149606298,1.7142857142857142,1.5714285714285714,37.0,11,12,14,3.51,-6.790000000000001,8.9,1.4,1.1876220053238686,0,7,37,7,1,1,1,0,0,0,0,1,0,0.0,1,1,0.0,1
0.0,0.0,0,0.0,0,0.0,0.0,0.0,0.0,0.7911983032873808,100.0,1,0,1.1803307676305388,100.0,0.0,1.151400966183575,0.7234823625922888,51,1.0986103210077205,1.1281060708036075,0.0,1.0,37.0,4,0,9,-1.7,-18.099999999999998,12.7,3.7,1.1758672525439406,0,5,37,4,0,0,2,0,0,0,1,1,1,0.0,1,1,0.0,0
1.0,1.0,6,1.0,12,2.194444445,13.16666667,1.9722222216666667,11.83333333,1.3746562616127835,131.2,1,6,1.1990645264164983,127.0,1.3333333399999994,1.1306197964847364,1.2130434782608694,18,1.117896865520728,1.339986123959297,1.0,1.0,37.5,6,6,12,0.32,-9.879999999999999,7.6,2.6,1.1819062506030606,1,6,38,6,0,0,1,0,1,0,0,0,1,0.0,0,1,0.0,1
0.0,0.0,0,0.0,0,0.0,0.0,0.0,0.0,1.5568619113426172,122.0,1,0,1.1803307676305388,125.0,0.0,1.1672994488671158,1.4334342940889107,19,1.2576025080438908,1.277410022972858,0.0,0.0,19.0,0,0,15,2.02,-9.68,11.1,0.6,1.1758672525439406,0,8,19,7,0,0,1,0,1,1,0,0,0,0.0,0,1,0.0,1
0.8571428571428571,0.8571428571428571,6,0.8571428571428571,12,1.8047619042857141,12.63333333,1.8047619042857141,12.63333333,1.5796068796068796,127.3,1,6,1.2388505747126437,129.0,0.0,1.3345945945945945,1.4512849162011174,20,1.2662162162162163,1.3042389210019267,1.0,1.0,19.0,7,7,14,0.32,-9.879999999999999,7.6,2.6,1.1876220053238686,0,7,19,7,1,1,3,0,1,0,0,0,0,0.0,0,1,0.0,0
1.0,1.0,8,1.0,15,1.6328125,13.0625,1.2625,12.625,1.547589908749329,116.5,1,7,1.225732834939996,143.0,0.4375,1.1782208343342142,1.1509476031215162,20,1.2357226792009401,1.1019750589821369,1.0,1.4285714285714286,37.5,10,8,15,-4.06,-22.36,15.5,2.8,1.1743905726499018,1,8,38,7,1,1,1,0,1,0,0,0,0,0.0,0,1,0.0,1
0.0,0.0,0,0.0,0,0.0,0.0,0.0,0.0,0.8409172126265634,106.4,1,0,1.0673369565217392,112.0,0.0,1.039782608695652,1.1509476031215162,22,1.2521739130434784,0.9811594202898551,0.0,0.0,41.5,0,0,10,3.51,-6.790000000000001,8.9,1.4,1.1743905726499018,3,5,43,5,0,0,1,0,0,0,1,0,1,0.0,0,0,0.0,1
0.0,0.0,0,0.0,0,0.0,0.0,0.0,0.0,1.1776659038901602,128.2,1,0,0.5853708439897698,130.0,0.0,1.0307911617961512,0.7234823625922888,25,0.4900869565217391,1.1916457060725836,1.0,1.0,17.5,5,5,10,0.32,-9.879999999999999,7.6,2.6,1.1758672525439406,33,5,34,5,0,0,1,0,0,0,0,0,1,0.0,1,0,0.0,1
0.7142857142857143,0.8571428571428571,6,0.5714285714285714,10,1.3148148144444445,11.83333333,1.0909090909090908,12.0,0.901159420289855,125.4,0,4,1.1973403408186016,125.0,-0.16666666999999968,1.1624045504129656,1.4102055872516233,19,1.2919274890242176,1.2767270531400965,1.2857142857142858,1.5714285714285714,38.0,11,9,14,-0.92,-17.42,16.2,0.3,1.1584500394906667,0,7,38,7,0,0,1,1,1,1,1,0,0,0.0,0,0,0.0,1
0.1,0.0,0,0.2,1,0.0,0.0,1.2222222222222223,11.0,1.0296727924697446,133.4,1,1,1.3066447908121412,139.0,-11.0,1.197718162195498,1.2294441386901487,18,1.302210510906163,1.3335857352222766,2.0,1.8,38.0,9,10,10,-3.12,-11.719999999999999,9.4,-0.8,1.1758672525439406,0,5,38,5,0,0,1,0,1,0,0,0,0,0.0,0,0,0.0,1
0.0,0.0,0,0.0,0,0.0,0.0,0.0,0.0,1.5796068796068796,108.5,1,0,1.1939285714285715,120.0,0.0,1.3345945945945945,0.748,36,1.0831439393939393,1.0974803149606298,1.0,2.5714285714285716,37.0,18,7,14,0.79,-12.809999999999999,13.9,-0.3,1.1876220053238686,0,7,37,7,0,0,1,0,0,0,0,1,1,0.0,1,0,0.0,1
0.5,0.42857142857142855,3,0.5714285714285714,7,1.066666667,10.66666667,1.0541666666666667,12.65,1.547589908749329,120.6,1,4,1.0673369565217392,120.0,-1.9833333300000007,1.1697181559973782,1.0102538326212618,18,1.1418478260869565,1.1881642512077295,1.4285714285714286,1.7142857142857142,3.5,12,10,14,-0.92,-17.42,16.2,0.3,1.1743905726499018,1,7,4,7,0,0,1,0,1,0,0,0,1,0.0,0,0,0.0,1
0.0,0.0,0,0.0,0,0.0,0.0,0.0,0.0,1.2840579710144928,120.9,1,0,1.2099177438307875,123.0,0.0,1.264619822790027,1.2130434782608694,18,1.2470369797307752,1.2050514162006132,0.0,0.0,1.0,0,0,12,0.79,-12.809999999999999,13.9,-0.3,1.1819062506030606,0,6,1,6,0,0,2,0,1,0,1,0,0,0.0,0,1,0.0,0
0.8571428571428571,0.8571428571428571,6,0.8571428571428571,12,1.3888888888888888,12.5,1.366666667,13.66666667,0.8310789049919485,121.1,1,6,1.2821204371076491,127.0,-1.1666666699999997,1.271562304971916,1.2294441386901487,19,1.2576025080438908,1.3335857352222766,1.2857142857142858,1.4285714285714286,28.5,10,9,14,1.79,-11.11,12.4,0.5,1.1758672525439406,19,7,38,7,0,0,2,0,1,0,1,0,1,0.0,0,1,0.0,0
0.0,0.0,0,0.0,0,0.0,0.0,0.0,0.0,1.2830584707646178,116.5,0,0,1.1990645264164983,100.0,0.0,1.189437963944857,0.73904412557989,37,0.9693363844393593,0.801656314699793,1.0,1.0,8.5,6,5,11,3.51,-6.790000000000001,8.9,1.4,1.1819062506030606,7,5,12,6,0,0,1,1,0,1,0,1,0,0.0,1,0,0.0,1
1.0,1.0,8,1.0,15,1.5617283955555556,14.05555556,2.042857142857143,14.3,1.5717231848623365,155.6,1,7,1.194817160955946,150.0,-0.24444444000000054,1.1004459308807135,1.4304347826086956,19,1.2470369797307752,1.2050514162006132,1.125,1.0,1.0,7,9,15,-0.92,-17.42,16.2,0.3,1.1819062506030606,0,8,1,7,0,0,1,0,1,0,0,0,0,0.0,0,0,0.0,1
0.7083333333333334,0.9166666666666666,11,0.5,17,0.9880952378571429,13.83333333,1.0,13.0,1.0663865546218485,140.0,1,6,1.1939285714285715,130.0,0.8333333300000003,1.1960526315789475,0.748,26,1.2662162162162163,1.3042389210019267,1.1666666666666667,1.0833333333333333,19.0,13,14,24,-4.06,-22.36,15.5,2.8,1.1876220053238686,0,12,19,12,0,0,1,0,0,0,0,1,0,0.3333333333333333,1,0,0.5,1
0.25,0.16666666666666666,1,0.3333333333333333,3,1.0,13.0,0.9583333333333334,11.5,1.49416149068323,120.4,0,2,1.2125797101449276,133.0,1.5,1.1803969095591578,1.4404225006140996,21,0.5295313382269904,1.1019750589821369,2.1666666666666665,2.0,35.5,12,13,12,-3.12,-11.719999999999999,9.4,-0.8,1.1743905726499018,3,6,37,6,0,0,1,0,0,0,1,0,0,0.0,0,0,0.0,1
0.8,1.0,5,0.6,8,2.56,12.8,1.75,14.0,0.8265111346765641,138.4,1,3,1.225732834939996,133.1,-1.1999999999999993,1.1803969095591578,1.4404225006140996,21,0.9811594202898551,1.0515942028985508,1.0,1.6,8.5,8,5,10,0.32,-9.879999999999999,7.6,2.6,1.1743905726499018,5,5,11,5,0,0,1,0,0,0,0,0,1,0.0,0,0,0.0,1
0.0,0.0,0,0.0,0,0.0,0.0,0.0,0.0,0.9177633108579399,95.0,1,0,1.2013971665852468,133.1,0.0,1.245065950170982,1.184466819221968,20,1.25372234935164,1.2799644037630307,1.0,2.8,10.0,14,5,10,2.02,-9.68,11.1,0.6,1.1584500394906667,18,5,19,5,0,0,1,0,1,0,0,0,1,0.0,0,0,0.0,1
0.0,0.0,0,0.0,0,0.0,0.0,0.0,0.0,0.8092753623188406,116.5,1,0,1.056521739130435,127.0,0.0,1.1004459308807135,1.2130434782608694,19,1.100568702990277,1.2050514162006132,0.0,0.0,2.0,0,0,12,-4.06,-22.36,15.5,2.8,1.1819062506030606,2,6,3,6,0,0,2,0,1,0,0,0,0,0.0,0,0,0.0,0
1.0,1.0,6,1.0,12,1.9166666666666667,11.5,1.6190476185714286,11.33333333,1.4912388027091983,121.0,1,6,1.1803307676305388,135.0,0.16666666999999968,1.1672994488671158,1.4334342940889107,19,1.2647449755785092,1.1698757763975156,1.0,1.1666666666666667,6.5,7,6,12,1.79,-11.11,12.4,0.5,1.1758672525439406,11,6,12,6,1,1,3,0,1,0,0,0,0,0.0,0,1,0.0,0
1.0,1.0,6,1.0,12,1.4375,11.5,1.5,12.0,1.2768658451522903,133.4,1,6,1.1933908806863316,125.0,-0.5,1.1782208343342142,1.4404225006140996,20,1.2357226792009401,1.3033971014492753,1.3333333333333333,1.3333333333333333,38.0,8,8,12,0.79,-12.809999999999999,13.9,-0.3,1.1743905726499018,0,6,38,6,1,1,1,0,1,0,1,0,1,0.0,0,1,0.0,1
0.0,0.0,0,0.0,0,0.0,0.0,0.0,0.0,1.0632,137.9,0,0,1.2783606557377047,140.0,0.0,1.2795454545454545,1.4512849162011174,18,1.2662162162162163,1.0974803149606298,0.0,0.0,28.0,0,0,0,3.51,-6.790000000000001,8.9,1.4,1.1876220053238686,18,0,37,0,0,0,1,1,1,1,0,0,0,0.0,0,1,0.0,1
0.5833333333333334,0.5,3,0.6666666666666666,7,1.0909090909090908,12.0,1.0,10.0,1.0605978260869566,123.3,1,4,1.251728743136964,118.0,2.0,1.197718162195498,1.152445652173913,26,1.302210510906163,1.3335857352222766,1.8333333333333333,1.6666666666666667,38.0,10,11,12,-3.12,-11.719999999999999,9.4,-0.8,1.1758672525439406,0,6,38,6,0,0,1,0,0,0,1,1,1,0.0,1,1,0.0,1
0.0,0.0,0,0.0,0,0.0,0.0,0.0,0.0,1.2067357512953367,123.9,1,0,1.2783606557377047,126.0,0.0,1.196590909090909,1.225164113785558,21,1.2868092691622104,1.124342105263158,0.0,0.0,2.0,0,0,12,1.74,-10.46,10.8,1.4,1.1876220053238686,2,6,3,6,0,0,4,0,0,0,1,0,1,0.0,0,1,0.0,0
0.875,0.875,7,0.875,14,1.84142857125,14.73142857,1.84142857125,14.73142857,1.5796068796068796,131.3,1,7,1.2783606557377047,142.0,0.0,1.196590909090909,1.225164113785558,19,1.0831439393939393,1.0974803149606298,1.0,1.0,37.0,8,8,16,1.74,-10.46,10.8,1.4,1.1876220053238686,0,8,37,8,0,0,1,0,1,0,1,0,0,0.0,0,1,0.0,1
1.0,1.0,6,1.0,12,1.5555555555555556,14.0,1.1775147930769232,15.30769231,1.1621118012422362,136.5,1,6,1.225732834939996,148.0,-1.3076923100000002,1.039782608695652,1.4404225006140996,19,1.2693138979643126,1.0992070002734482,1.5,2.1666666666666665,11.0,13,9,12,-4.06,-22.36,15.5,2.8,1.1743905726499018,16,6,19,6,0,0,1,0,1,0,0,0,0,0.0,0,0,0.0,1
0.5,0.5,3,0.5,6,0.8809523807142857,12.33333333,0.6666666664705883,11.33333333,1.331363224637681,124.2,1,3,1.1973403408186016,128.0,1.0,1.2639209009952854,0.9867874396135266,22,1.233967927278964,1.2767270531400965,2.3333333333333335,2.8333333333333335,28.5,17,14,12,-4.06,-22.36,15.5,2.8,1.1584500394906667,19,6,38,6,0,0,1,0,0,0,0,0,1,0.0,0,1,0.0,1
1.0,1.0,8,1.0,16,1.78359375,14.26875,1.78359375,14.26875,1.5717231848623365,133.8,1,8,1.2550901378579005,143.0,0.0,1.318361688720857,1.4304347826086956,18,1.117896865520728,1.339986123959297,1.0,1.0,37.5,8,8,16,-3.12,-11.719999999999999,9.4,-0.8,1.1819062506030606,1,8,38,8,0,0,3,0,1,0,1,0,0,0.0,0,1,0.0,0
0.9,1.0,5,0.8,9,1.1666666666666667,10.5,0.7857142857142857,11.0,1.0138095238095237,123.2,1,4,1.1939285714285715,133.0,-0.5,1.148233215547703,1.4512849162011174,18,1.2662162162162163,1.124342105263158,1.8,2.8,11.0,14,9,10,0.79,-12.809999999999999,13.9,-0.3,1.1876220053238686,16,5,19,5,0,0,5,0,1,0,1,0,1,0.0,0,1,0.0,0
1.0,1.0,6,1.0,12,1.8979591842857142,13.28571429,1.75,14.0,1.1065804935370154,128.0,1,6,1.225732834939996,142.0,-0.7142857100000004,1.1697181559973782,1.4404225006140996,18,1.2643147284489245,1.2742242031788749,1.1666666666666667,1.3333333333333333,10.0,8,7,12,2.02,-9.68,11.1,0.6,1.1743905726499018,18,6,19,6,1,1,1,0,1,0,1,0,0,0.0,0,0,0.0,1
0.0,0.0,0,0.0,0,0.0,0.0,0.0,0.0,0.8455652173913043,96.0,0,0,1.194817160955946,120.0,0.0,1.1306197964847364,0.73904412557989,38,1.2470369797307752,1.2050514162006132,1.0,1.0,1.0,5,5,10,3.51,-6.790000000000001,8.9,1.4,1.1819062506030606,0,5,1,5,0,0,1,0,0,0,1,1,1,0.0,1,1,0.0,1
0.75,0.6666666666666666,4,0.8333333333333334,9,1.34375,10.75,1.2,13.2,0.901159420289855,123.7,0,5,1.1973403408186016,123.0,-2.4499999999999993,0.9459469417833456,1.0364130434782608,20,1.25372234935164,1.0820586694604504,1.3333333333333333,1.8333333333333333,2.0,11,8,12,1.74,-10.46,10.8,1.4,1.1584500394906667,2,6,3,6,0,0,2,1,1,1,0,0,0,0.0,0,1,0.0,0
0.4,0.4,2,0.4,4,0.8846153846153846,11.5,1.4375,11.5,0.7812111801242235,140.0,1,2,1.1081088290210723,140.0,0.0,1.1663749294184076,1.2388849929873773,20,1.394429347826087,1.0794466403162055,2.6,1.6,4.0,8,13,10,-1.7,-18.099999999999998,12.7,3.7,1.1584500394906667,0,5,4,5,0,0,1,0,1,0,0,0,1,0.2,0,1,0.2,1
0.8,0.8,4,0.8,8,1.8214285714285714,12.75,1.75,12.25,0.7509316770186336,140.0,1,4,1.1939285714285715,100.0,0.5,1.155188679245283,0.748,39,1.0831439393939393,1.3434108527131783,1.4,1.4,37.5,7,7,10,-4.06,-22.36,15.5,2.8,1.1876220053238686,1,5,38,5,0,0,1,0,0,0,0,1,1,0.0,1,0,0.0,1
0.6666666666666666,0.3333333333333333,2,1.0,8,2.5833333333333335,15.5,2.5277777783333333,15.16666667,1.3541407867494824,110.0,1,6,1.2013971665852468,130.0,0.3333333300000003,1.123776517538332,0.7491078753076292,24,1.25372234935164,1.2799644037630307,1.0,1.0,10.0,6,6,12,-4.06,-22.36,15.5,2.8,1.1584500394906667,18,6,19,6,0,0,1,0,0,0,1,0,0,0.0,1,1,0.0,1
0.8333333333333334,0.8333333333333334,5,0.8333333333333334,10,1.7428571428571427,12.2,1.525,12.2,0.8792181890706022,110.2,1,5,1.1990645264164983,114.0,0.0,1.204451156505842,1.4304347826086956,20,1.2275607958732497,1.2921636019934695,1.1666666666666667,1.3333333333333333,19.0,8,7,12,1.74,-10.46,10.8,1.4,1.1819062506030606,0,6,19,6,0,0,6,0,1,0,1,0,1,0.0,0,1,0.0,0
1.0,1.0,6,1.0,12,1.8611111116666665,11.16666667,2.25,13.5,1.3723199468967806,112.0,1,6,1.3003910743041178,133.1,-2.3333333300000003,1.2816864295125163,1.4404225006140996,21,1.2643147284489245,1.2742242031788749,1.0,1.0,10.0,6,6,12,2.02,-9.68,11.1,0.6,1.1743905726499018,18,6,19,6,1,1,5,0,0,0,1,0,1,0.0,0,1,0.0,0
0.8333333333333334,0.8333333333333334,5,0.8333333333333334,10,1.6857142857142857,11.8,1.9428571428571428,13.6,1.49416149068323,131.3,1,5,1.1933908806863316,133.0,-1.799999999999999,1.3083536883243772,1.4404225006140996,18,1.2693138979643126,1.3033971014492753,1.1666666666666667,1.1666666666666667,28.5,7,7,12,3.51,-6.790000000000001,8.9,1.4,1.1743905726499018,19,6,38,6,0,0,1,0,1,1,0,0,0,0.0,0,1,0.0,1
0.8461538461538461,0.8333333333333334,5,0.8571428571428571,11,1.8571428571428572,13.0,1.9761904757142859,13.83333333,1.2840579710144928,117.1,1,6,1.208385093167702,158.0,-0.8333333300000003,1.2806596701649176,1.0745995423340962,20,1.2470369797307752,1.2921636019934695,1.1666666666666667,1.0,10.0,7,7,13,3.51,-6.790000000000001,8.9,1.4,1.1819062506030606,18,6,19,7,0,0,1,0,1,0,1,0,1,0.16666666666666666,0,1,0.14285714285714285,1
0.0,0.0,0,0.0,0,0.0,0.0,0.0,0.0,0.8409172126265634,120.0,0,0,1.1933908806863316,120.0,0.0,1.1782208343342142,0.7313379542113002,25,1.0901394585726005,1.1019750589821369,1.0,1.0,37.0,5,5,10,-3.12,-11.719999999999999,9.4,-0.8,1.1743905726499018,0,5,37,5,0,0,1,0,0,0,1,0,1,0.0,1,1,0.0,1
1.0,1.0,8,1.0,15,1.65625,13.25,1.342857143,13.42857143,0.880909090909091,131.0,1,7,1.1939285714285715,133.1,-0.17857142999999986,1.148233215547703,0.748,32,1.0831439393939393,1.0974803149606298,1.0,1.4285714285714286,37.0,10,8,15,0.79,-12.809999999999999,13.9,-0.3,1.1876220053238686,0,8,37,7,1,1,1,0,0,0,1,1,0,0.25,1,0,0.0,1
0.875,0.875,7,0.875,14,1.0641558445454544,11.70571429,1.0641558445454544,11.70571429,1.5568619113426172,121.3,1,7,1.0813995369179317,100.0,0.0,1.197718162195498,0.7234823625922888,34,1.1213355347642635,1.1916457060725836,1.375,1.375,2.0,11,11,16,1.74,-10.46,10.8,1.4,1.1758672525439406,2,8,3,8,0,0,1,0,0,0,0,1,0,0.0,1,1,0.0,1
0.9166666666666666,1.0,6,0.8333333333333334,11,1.12962963,10.16666667,1.542857142857143,10.8,1.433108695652174,117.5,1,5,1.154390451832907,122.0,-0.633333330000001,1.2639209009952854,1.184466819221968,19,1.233967927278964,1.2799644037630307,1.5,1.1666666666666667,19.0,7,9,12,3.51,-6.790000000000001,8.9,1.4,1.1584500394906667,0,6,19,6,0,0,3,0,1,0,1,0,0,0.0,0,1,0.0,0
1.0,1.0,8,1.0,15,2.1984375,17.5875,2.140625,17.125,1.5717231848623365,174.7,1,7,1.2542082169924211,178.0,0.4624999999999986,1.2806596701649176,1.1833540372670808,18,1.2275607958732497,1.2050514162006132,1.0,1.1428571428571428,10.0,8,8,15,0.79,-12.809999999999999,13.9,-0.3,1.1819062506030606,18,8,19,7,0,0,1,0,1,0,0,0,0,0.0,0,0,0.0,1
0.75,0.6666666666666666,4,0.8333333333333334,9,1.3125,10.5,1.475,11.8,0.8927536231884058,131.3,1,5,0.5651100375738056,132.0,-1.3000000000000007,0.701041028781384,1.2069998195922786,21,0.5295313382269904,0.5608695652173913,1.3333333333333333,1.3333333333333333,34.0,8,8,12,0.32,-9.879999999999999,7.6,2.6,1.1743905726499018,0,6,34,6,0,0,3,0,0,0,1,0,0,0.0,0,1,0.0,0
0.0,0.0,0,0.0,0,0.0,0.0,0.0,0.0,1.2840579710144928,109.0,0,0,1.2542082169924211,109.0,0.0,1.189437963944857,1.1833540372670808,20,1.2470369797307752,1.2050514162006132,0.0,1.0,1.0,6,0,12,3.51,-6.790000000000001,8.9,1.4,1.1819062506030606,0,6,1,6,0,0,2,0,1,0,1,0,0,0.0,0,1,0.0,0
1.0,1.0,6,1.0,12,2.5277777783333333,15.16666667,2.2857142857142856,16.0,1.0808549506759224,138.3,1,6,1.1973403408186016,140.0,-0.8333333300000003,1.123776517538332,1.4102055872516233,18,1.2919274890242176,1.2179619565217392,1.0,1.1666666666666667,19.5,7,6,12,1.79,-11.11,12.4,0.5,1.1584500394906667,37,6,38,6,0,0,1,0,1,0,0,0,1,0.0,0,0,0.0,1
0.95,0.9,9,1.0,19,1.0277777775,12.33333333,1.1090909090909091,12.2,1.2768658451522903,122.0,1,10,0.5651100375738056,120.0,0.13333333000000103,0.701041028781384,1.1110212335692617,34,0.5295313382269904,0.5608695652173913,1.2,1.1,34.0,11,12,20,0.32,-9.879999999999999,7.6,2.6,1.1743905726499018,0,10,34,10,0,0,1,0,0,0,1,1,0,0.5,1,1,0.8,1
0.8148148148148148,0.8181818181818182,9,0.8125,22,0.8370370373333333,12.55555556,0.5769230770833333,13.84615385,1.2359420289855074,120.0,1,13,1.0673369565217392,120.0,-1.2905982900000001,1.039782608695652,0.7131609870740305,18,1.218035426731079,1.0992070002734482,1.3636363636363635,1.5,2.5,24,15,27,-4.06,-22.36,15.5,2.8,1.1743905726499018,1,11,3,16,0,0,1,0,1,0,1,0,0,0.6363636363636364,0,0,0.625,1
0.75,0.8333333333333334,5,0.6666666666666666,9,1.1555555555555557,10.4,1.0681818181818181,11.75,1.2292035398230086,131.0,1,4,1.1939285714285715,140.0,-1.3499999999999996,1.2770334928229667,0.748,29,1.0831439393939393,1.0974803149606298,1.5,1.8333333333333333,37.0,11,9,12,1.74,-10.46,10.8,1.4,1.1876220053238686,0,6,37,6,1,1,1,0,0,0,0,1,0,0.0,1,0,0.0,1
0.8666666666666667,0.875,7,0.8571428571428571,13,1.5277777777777777,13.75,1.203571429,12.03571429,1.5568619113426172,118.1,1,6,1.1803307676305388,130.0,1.7142857100000004,1.1672994488671158,1.4334342940889107,18,1.2647449755785092,1.146645195920558,1.125,1.4285714285714286,2.0,10,9,15,0.79,-12.809999999999999,13.9,-0.3,1.1758672525439406,2,8,3,7,0,0,5,0,1,0,0,0,1,0.0,0,1,0.0,0
0.0,0.0,0,0.0,0,0.0,0.0,0.0,0.0,0.7367809883877936,102.5,0,0,1.1973403408186016,133.1,0.0,1.1624045504129656,0.7491078753076292,27,1.233967927278964,1.2767270531400965,1.0,2.0,28.5,10,5,10,-4.06,-22.36,15.5,2.8,1.1584500394906667,19,5,38,5,0,0,2,0,0,0,1,1,1,0.0,1,0,0.0,0
0.6,0.6,3,0.6,6,0.875,10.5,0.8153846153846154,10.6,0.9895400126023945,126.4,1,3,1.2542082169924211,132.0,-0.09999999999999964,1.264619822790027,1.4304347826086956,18,1.2470369797307752,1.2921636019934695,2.4,2.6,10.0,13,12,10,0.79,-12.809999999999999,13.9,-0.3,1.1819062506030606,18,5,19,5,1,1,2,0,1,0,0,0,0,0.0,0,1,0.0,0
0.8571428571428571,0.8571428571428571,6,0.8571428571428571,12,1.7946428575,14.35714286,1.7946428575,14.35714286,1.5568619113426172,130.0,1,6,1.2127443159154367,130.0,0.0,1.1672994488671158,0.7327294685990338,23,1.2576025080438908,1.3335857352222766,1.1428571428571428,1.1428571428571428,28.5,8,8,14,0.32,-9.879999999999999,7.6,2.6,1.1758672525439406,19,7,38,7,0,0,1,0,0,0,0,0,0,0.14285714285714285,0,1,0.14285714285714285,1
0.875,0.875,7,0.875,14,1.75178571375,14.01428571,1.75178571375,14.01428571,1.5717231848623365,122.0,1,7,1.2542082169924211,131.0,0.0,1.189437963944857,1.4304347826086956,20,1.2275607958732497,1.2921636019934695,1.0,1.0,19.0,8,8,16,-1.7,-18.099999999999998,12.7,3.7,1.1819062506030606,0,8,19,8,0,0,1,0,1,0,1,0,0,0.0,0,1,0.0,1
0.5833333333333334,0.6666666666666666,4,0.5,7,1.2222222222222223,11.0,0.8928571428571429,12.5,1.0605978260869566,122.1,1,3,1.0813995369179317,135.0,-1.5,1.0307911617961512,0.9819806763285025,19,1.1213355347642635,1.146645195920558,1.5,2.3333333333333335,3.0,14,9,12,-1.7,-18.099999999999998,12.7,3.7,1.1758672525439406,0,6,3,6,0,0,3,0,1,0,1,0,1,0.0,0,0,0.0,0
0.45,0.6,6,0.3,9,0.4930555554166667,11.83333333,0.729166666875,11.66666667,0.7911983032873808,160.0,1,3,1.1803307676305388,160.0,0.16666666000000063,1.151400966183575,0.9819806763285025,24,1.0986103210077205,1.1281060708036075,2.4,1.6,37.0,16,24,20,-3.12,-11.719999999999999,9.4,-0.8,1.1758672525439406,0,10,37,10,0,0,1,0,0,0,1,0,0,0.3,1,0,0.3,1
0.5,0.3333333333333333,1,0.6666666666666666,3,5.333333333333333,16.0,5.333333333333333,16.0,1.3761848805327068,120.0,1,2,1.0813995369179317,133.1,0.0,1.0307911617961512,0.7327294685990338,32,1.1213355347642635,0.8378260869565217,1.0,1.0,4.0,3,3,6,0.32,-9.879999999999999,7.6,2.6,1.1758672525439406,2,3,5,3,0,0,1,0,0,0,1,1,0,0.0,1,1,0.0,1
0.6428571428571429,0.7142857142857143,5,0.5714285714285714,9,1.242,12.42,0.7716666666666666,11.575,1.5796068796068796,190.0,1,4,1.19,190.0,0.8450000000000006,1.155188679245283,1.43,18,1.1182648401826485,1.08125,1.4285714285714286,2.142857142857143,2.5,15,10,14,1.79,-11.11,12.4,0.5,1.19,1,7,3,7,0,0,1,0,1,0,0,0,0,0.0,0,1,0.0,1
1.0,1.0,6,1.0,12,2.2222222216666667,13.33333333,2.2777777783333333,13.66666667,1.331363224637681,124.9,1,6,1.2239130434782608,135.0,-0.33333333999999937,1.1622608695652175,1.4102055872516233,18,1.0449937888198757,1.2179619565217392,1.0,1.0,19.0,6,6,12,3.51,-6.790000000000001,8.9,1.4,1.1584500394906667,36,6,37,6,0,0,5,0,1,0,1,0,0,0.0,0,1,0.0,0
1.0,1.0,8,1.0,15,1.44375,11.55,0.7602040814285714,10.64285714,1.1362068965517242,125.8,1,7,1.2145569620253165,135.0,0.9071428600000004,1.148233215547703,1.4512849162011174,20,1.0831439393939393,1.3434108527131783,1.0,2.0,37.5,14,8,15,-1.7,-18.099999999999998,12.7,3.7,1.1876220053238686,1,8,38,7,1,1,1,0,1,0,0,0,0,0.0,0,0,0.0,1
0.08333333333333333,0.16666666666666666,1,0.0,1,0.625,10.0,0.0,0.0,0.8092753623188406,110.0,1,0,1.194817160955946,133.1,10.0,1.1306197964847364,0.73904412557989,30,1.100568702990277,1.2050514162006132,2.6666666666666665,1.1666666666666667,2.0,7,16,12,2.02,-9.68,11.1,0.6,1.1819062506030606,2,6,3,6,1,1,1,0,0,0,1,1,0,0.0,1,1,0.0,1
0.8,1.0,5,0.6,8,2.32,11.6,1.7619047614285714,12.33333333,1.140246768507638,121.4,1,3,1.3066447908121412,135.0,-0.7333333300000007,1.1672994488671158,1.4334342940889107,19,1.2576025080438908,1.277410022972858,1.0,1.4,19.0,7,5,10,-3.12,-11.719999999999999,9.4,-0.8,1.1758672525439406,0,5,19,5,0,0,2,0,1,0,0,0,1,0.0,0,0,0.0,0
1.0,1.0,5,1.0,10,2.1,12.6,2.1333333333333333,12.8,1.0288695652173914,125.0,1,5,1.1933908806863316,133.0,-0.20000000000000107,1.1559857057772485,1.4404225006140996,18,1.2357226792009401,1.2742242031788749,1.2,1.2,28.5,6,6,10,-3.12,-11.719999999999999,9.4,-0.8,1.1743905726499018,19,5,38,5,0,0,3,0,1,0,0,0,0,0.0,0,1,0.0,0
0.0,0.0,0,0.0,0,0.0,0.0,0.0,0.0,1.1621118012422362,111.1,1,0,1.2125797101449276,117.0,0.0,1.3083536883243772,1.2069998195922786,21,1.2693138979643126,1.3033971014492753,0.0,0.0,28.5,0,0,12,-4.06,-22.36,15.5,2.8,1.1743905726499018,19,6,38,6,0,0,3,0,0,0,0,0,0,0.0,0,0,0.0,0
0.9,1.0,5,0.8,9,2.44,12.2,2.0416666666666665,12.25,1.1542253521126762,116.1,1,4,1.1939285714285715,122.0,-0.05000000000000071,1.148233215547703,1.4512849162011174,18,1.2868092691622104,1.2365750528541226,1.0,1.2,1.0,6,5,10,-3.12,-11.719999999999999,9.4,-0.8,1.1876220053238686,0,5,1,5,1,1,2,0,1,0,1,0,1,0.0,0,1,0.0,0
0.0,0.0,0,0.0,0,0.0,0.0,0.0,0.0,1.0972332015810278,109.3,1,0,1.1990645264164983,117.0,0.0,1.139830755763058,1.0228260869565218,19,1.2275607958732497,1.2731884057971015,0.0,0.0,15.5,0,0,0,-3.12,-11.719999999999999,9.4,-0.8,1.1819062506030606,7,0,19,0,0,0,4,0,1,0,0,0,1,0.0,0,0,0.0,0
1.0,1.0,6,1.0,12,2.1388888883333332,12.83333333,2.4166666666666665,14.5,1.3923076923076922,134.6,1,6,1.1939285714285715,143.0,-1.6666666699999997,1.2994236311239193,1.4512849162011174,18,1.2868092691622104,1.2365750528541226,1.0,1.0,1.0,6,6,12,1.79,-11.11,12.4,0.5,1.1876220053238686,0,6,1,6,1,1,4,0,1,0,0,0,0,0.0,0,1,0.0,0
1.0,1.0,8,1.0,16,1.56046875,12.48375,1.56046875,12.48375,1.5717231848623365,127.5,1,8,1.194817160955946,132.0,0.0,1.318361688720857,1.4304347826086956,20,1.117896865520728,1.1229617418778761,1.0,1.0,37.0,8,8,16,-3.12,-11.719999999999999,9.4,-0.8,1.1819062506030606,0,8,37,8,0,0,2,0,1,0,0,0,0,0.0,0,1,0.0,0
1.0,1.0,6,1.0,12,2.3333333333333335,14.0,2.1111111116666668,12.66666667,1.3096192836224372,136.1,1,6,1.1803307676305388,142.0,1.3333333300000003,1.151400966183575,1.4334342940889107,19,1.2647449755785092,1.277410022972858,1.0,1.0,10.0,6,6,12,-0.92,-17.42,16.2,0.3,1.1758672525439406,18,6,19,6,1,0,1,0,1,1,1,0,1,0.0,0,0,0.0,1
1.0,1.0,8,1.0,15,1.6388888888888888,14.75,1.9834693871428573,13.88428571,1.547589908749329,126.4,1,7,1.3003910743041178,140.0,0.8657142899999997,1.2816864295125163,1.2069998195922786,18,1.1418478260869565,1.1505314009661836,1.125,1.0,2.5,7,9,15,2.02,-9.68,11.1,0.6,1.1743905726499018,1,8,3,7,0,0,3,0,1,0,1,0,0,0.0,0,1,0.0,0
1.0,1.0,8,1.0,15,1.7984375,14.3875,1.7046875,13.6375,1.543190537084399,100.0,1,7,1.2013971665852468,140.0,0.75,1.2639209009952854,0.9867874396135266,18,1.25372234935164,1.2767270531400965,1.0,1.1428571428571428,19.5,8,8,15,0.79,-12.809999999999999,13.9,-0.3,1.1584500394906667,37,8,38,7,1,1,1,0,1,0,0,0,0,0.0,0,0,0.0,1
0.76,0.6153846153846154,8,0.9166666666666666,19,0.5397727272727273,11.875,0.7222222222222222,13.0,0.880909090909091,100.0,1,11,1.2388505747126437,133.1,-1.125,1.2994236311239193,1.1977777777777778,34,1.0831439393939393,1.0974803149606298,1.6923076923076923,1.5,37.0,18,22,25,-1.7,-18.099999999999998,12.7,3.7,1.1876220053238686,0,13,37,12,0,0,1,0,0,0,0,1,0,0.3076923076923077,1,0,0.5,1
0.6,0.6,3,0.6,6,1.0909090909090908,12.0,1.375,11.0,0.9177633108579399,117.8,1,3,1.154390451832907,130.0,1.0,1.123776517538332,1.184466819221968,20,1.233967927278964,1.2179619565217392,2.2,1.6,10.0,8,11,10,1.74,-10.46,10.8,1.4,1.1584500394906667,18,5,19,5,0,0,1,0,1,0,0,0,1,0.0,0,1,0.0,1
0.9166666666666666,1.0,6,0.8333333333333334,11,2.1111111116666668,12.66666667,1.6857142857142857,11.8,1.3761848805327068,118.7,1,5,1.1803307676305388,126.0,0.866666669999999,1.355244411692459,1.2294441386901487,18,1.2576025080438908,1.3335857352222766,1.0,1.1666666666666667,28.5,7,6,12,-0.92,-17.42,16.2,0.3,1.1758672525439406,19,6,38,6,0,0,1,0,1,0,0,0,0,0.0,0,0,0.0,1
1.0,1.0,7,1.0,14,1.7428571428571427,12.2,1.7428571428571427,12.2,1.547589908749329,125.3,1,7,1.225732834939996,137.0,0.0,1.1697181559973782,1.4404225006140996,19,1.2643147284489245,1.2742242031788749,1.0,1.0,10.0,7,7,14,0.32,-9.879999999999999,7.6,2.6,1.1743905726499018,18,7,19,7,0,0,1,0,1,0,1,0,1,0.0,0,0,0.0,1
0.95,1.0,10,0.9,19,1.0666666666666667,12.8,0.9384615384615385,12.2,0.8409172126265634,128.2,1,9,1.1933908806863316,100.0,0.6000000000000014,1.1782208343342142,1.0102538326212618,46,1.0901394585726005,1.1019750589821369,1.2,1.3,37.0,13,12,20,0.32,-9.879999999999999,7.6,2.6,1.1743905726499018,0,10,37,10,0,0,1,0,0,0,1,1,1,0.4,1,0,0.6,1
1.0,1.0,6,1.0,12,1.58333333375,12.66666667,2.0277777783333333,12.16666667,1.3096192836224372,116.7,1,6,1.1803307676305388,123.0,0.5,1.151400966183575,1.4334342940889107,18,1.2647449755785092,1.3335857352222766,1.3333333333333333,1.0,19.5,6,8,12,1.79,-11.11,12.4,0.5,1.1758672525439406,37,6,38,6,1,1,1,0,1,0,1,0,0,0.0,0,0,0.0,1
0.0,0.0,0,0.0,0,0.0,0.0,0.0,0.0,1.331363224637681,140.2,1,0,1.2011857707509879,144.0,0.0,0.9459469417833456,1.4102055872516233,20,1.1436586685910157,1.0820586694604504,0.0,0.0,3.0,0,0,12,-0.92,-17.42,16.2,0.3,1.1584500394906667,0,6,3,6,0,0,2,0,1,0,0,0,0,0.0,0,1,0.0,0
0.0,0.0,0,0.0,0,0.0,0.0,0.0,0.0,1.0663372859025033,143.9,1,0,1.3066447908121412,125.0,0.0,1.271562304971916,1.2294441386901487,20,1.2647449755785092,1.1916457060725836,0.0,0.0,1.0,0,0,0,-4.06,-22.36,15.5,2.8,1.1758672525439406,0,0,1,0,0,0,1,0,1,0,0,0,0,0.0,0,1,0.0,1
0.9230769230769231,1.0,6,0.8571428571428571,12,1.8611111116666665,11.16666667,1.3333333333333333,12.0,1.433108695652174,129.9,1,6,1.2239130434782608,126.0,-0.8333333300000003,1.2639209009952854,1.0364130434782608,20,1.233967927278964,1.0880586922712827,1.0,1.2857142857142858,28.0,9,6,13,1.74,-10.46,10.8,1.4,1.1584500394906667,18,6,37,7,1,1,2,0,1,0,0,0,1,0.3333333333333333,0,1,0.14285714285714285,0
1.0,1.0,6,1.0,12,1.1354166666666667,13.625,1.4920634922222222,13.42857143,1.1776659038901602,150.0,1,6,1.1803307676305388,150.0,0.19642857000000014,1.1051039697542533,1.156304347826087,22,1.302210510906163,1.1281060708036075,2.0,1.5,37.5,9,12,12,1.79,-11.11,12.4,0.5,1.1758672525439406,1,6,38,6,1,1,1,0,0,0,0,0,1,0.16666666666666666,0,1,0.0,1
0.8333333333333334,0.8333333333333334,5,0.8333333333333334,10,1.2375,12.375,1.8,12.6,1.1542253521126762,144.1,1,5,1.0786585365853658,143.0,-0.22499999999999964,1.148233215547703,1.4512849162011174,19,1.1182648401826485,1.3434108527131783,1.6666666666666667,1.1666666666666667,20.5,7,10,12,1.74,-10.46,10.8,1.4,1.1876220053238686,35,6,38,6,0,0,1,0,1,0,0,0,0,0.0,0,1,0.0,1
0.3,0.0,0,0.6,3,0.0,0.0,1.6190476185714286,11.33333333,0.7367809883877936,150.3,1,3,1.1973403408186016,150.0,-11.33333333,1.1624045504129656,0.7491078753076292,24,1.233967927278964,1.2799644037630307,1.2,1.4,19.0,7,6,10,1.74,-10.46,10.8,1.4,1.1584500394906667,0,5,19,5,0,0,1,0,0,0,1,0,1,0.0,1,0,0.0,1
0.875,0.875,7,0.875,14,1.67267857125,13.38142857,1.67267857125,13.38142857,1.547589908749329,123.0,1,7,1.1933908806863316,135.0,0.0,1.2021125030704987,1.4404225006140996,18,1.0901394585726005,1.1019750589821369,1.0,1.0,37.0,8,8,16,1.74,-10.46,10.8,1.4,1.1743905726499018,0,8,37,8,1,1,4,0,1,0,0,0,0,0.0,0,1,0.0,0
0.9166666666666666,0.8333333333333334,5,1.0,11,1.2666666666666666,11.4,1.32142857125,10.57142857,1.0635714285714286,124.2,1,6,1.1939285714285715,121.0,0.8285714300000002,1.148233215547703,1.4512849162011174,18,1.0831439393939393,1.0974803149606298,1.5,1.3333333333333333,37.0,8,9,12,-0.92,-17.42,16.2,0.3,1.1876220053238686,0,6,37,6,1,1,2,0,1,0,1,0,0,0.0,0,1,0.0,0
0.3333333333333333,0.0,0,0.6666666666666666,4,0.0,0.0,1.3888888888888888,12.5,1.3761848805327068,123.5,0,4,1.2821204371076491,128.0,-12.5,1.271562304971916,1.4334342940889107,19,1.2576025080438908,1.277410022972858,1.0,1.5,19.0,9,6,12,-3.12,-11.719999999999999,9.4,-0.8,1.1758672525439406,0,6,19,6,0,0,2,0,1,0,1,0,1,0.0,0,1,0.0,0
0.8333333333333334,1.0,6,0.6666666666666666,10,0.9666666666666667,14.5,0.8088235294117647,13.75,1.4763186934451555,130.0,1,4,1.2542082169924211,130.0,0.75,1.1306197964847364,0.7927536231884058,38,1.117896865520728,1.2921636019934695,2.5,2.8333333333333335,28.0,17,15,12,-0.92,-17.42,16.2,0.3,1.1819062506030606,18,6,37,6,0,0,1,0,0,0,0,1,0,0.0,1,0,0.0,1
0.9411764705882353,1.0,7,0.9,16,1.7755102042857143,12.42857143,1.1515151518181819,12.66666667,1.2292035398230086,130.0,1,9,0.6161764705882353,124.4,-0.23809523999999982,0.744776119402985,0.7888888888888889,30,1.0831439393939393,0.515,1.0,1.1,35.5,11,7,17,0.32,-9.879999999999999,7.6,2.6,1.1876220053238686,3,7,37,10,0,0,1,0,0,0,1,1,0,0.42857142857142855,1,0,0.8,1
0.5333333333333333,0.375,3,0.7142857142857143,8,0.5571428571428572,11.7,0.5190476190476191,10.9,1.095283714075166,120.0,1,5,1.1973403408186016,160.0,0.7999999999999989,1.1663210702341136,0.7491078753076292,31,1.0449937888198757,1.0880586922712827,2.625,3.0,37.0,21,21,15,-1.7,-18.099999999999998,12.7,3.7,1.1584500394906667,0,8,37,7,0,0,1,0,0,0,0,1,0,0.0,1,0,0.0,1
1.0,1.0,11,1.0,23,0.9720279723076923,12.63636364,0.9881656807692308,12.84615385,1.0663865546218485,133.8,1,12,1.1939285714285715,130.0,-0.20979020999999953,1.2994236311239193,1.419230769230769,24,1.2868092691622104,1.3042389210019267,1.1818181818181819,1.0833333333333333,10.0,13,13,23,3.51,-6.790000000000001,8.9,1.4,1.1876220053238686,18,11,19,12,1,0,1,0,0,1,0,0,0,0.45454545454545453,1,0,0.5833333333333334,1
0.3333333333333333,0.3333333333333333,2,0.3333333333333333,4,0.525,10.5,0.9722222225,11.66666667,1.1767016491754123,112.9,1,2,1.2013971665852468,133.1,-1.1666666699999997,1.123776517538332,0.7491078753076292,24,1.25372234935164,1.2179619565217392,3.3333333333333335,2.0,1.0,12,20,12,-0.92,-17.42,16.2,0.3,1.1584500394906667,0,6,1,6,0,0,1,0,0,0,1,0,0,0.0,1,0,0.0,1
0.4166666666666667,0.3333333333333333,2,0.5,5,0.7333333333333333,11.0,0.6031746033333333,12.66666667,1.2021517302573204,101.0,1,3,1.1973403408186016,133.1,-1.6666666699999997,1.1622608695652175,0.7491078753076292,26,1.233967927278964,1.2799644037630307,2.5,3.5,19.0,21,15,12,-4.06,-22.36,15.5,2.8,1.1584500394906667,0,6,19,6,0,0,1,0,0,0,0,1,0,0.0,1,1,0.0,1
0.875,0.875,7,0.875,14,1.7,13.6,1.7,13.6,1.5796068796068796,121.8,1,7,1.2388505747126437,132.0,0.0,1.2994236311239193,1.4512849162011174,19,1.2868092691622104,1.0974803149606298,1.0,1.0,19.0,8,8,16,-1.7,-18.099999999999998,12.7,3.7,1.1876220053238686,36,8,37,8,1,1,4,0,1,0,0,0,0,0.0,0,1,0.0,0
0.9166666666666666,1.0,6,0.8333333333333334,11,1.7857142857142858,12.5,1.5370370366666668,13.83333333,1.2359420289855074,130.0,1,5,1.1126654064272212,100.0,-1.3333333300000003,1.1803969095591578,0.7313379542113002,33,1.2643147284489245,1.2742242031788749,1.1666666666666667,1.5,10.0,9,7,12,-3.12,-11.719999999999999,9.4,-0.8,1.1743905726499018,18,6,19,6,1,0,1,0,0,1,0,1,0,0.0,1,0,0.0,1
0.375,0.3333333333333333,4,0.4166666666666667,9,1.125,13.5,1.0153846153846153,13.2,1.3541407867494824,128.8,1,5,1.1973403408186016,122.0,0.3000000000000007,1.1624045504129656,1.1100414078674947,21,1.2919274890242176,1.2767270531400965,1.0,1.0833333333333333,38.0,13,12,24,3.51,-6.790000000000001,8.9,1.4,1.1584500394906667,0,12,38,12,0,0,1,0,0,0,1,0,1,0.3333333333333333,0,1,0.3333333333333333,1
0.3,0.2,1,0.4,3,2.2,11.0,1.375,11.0,0.8455652173913043,150.0,0,2,1.2542082169924211,133.1,0.0,1.189437963944857,0.73904412557989,49,1.2275607958732497,1.2921636019934695,1.0,1.6,19.0,8,5,10,-4.06,-22.36,15.5,2.8,1.1819062506030606,0,5,19,5,0,0,1,0,0,0,1,1,1,0.0,1,0,0.0,1
0.9,1.0,5,0.8,9,1.58928571375,12.71428571,1.5833333333333333,14.25,1.2021517302573204,113.3,1,4,1.1081088290210723,122.0,-1.5357142899999996,1.1622608695652175,1.4102055872516233,18,1.25372234935164,1.2179619565217392,1.6,1.8,1.0,9,8,10,1.74,-10.46,10.8,1.4,1.1584500394906667,0,5,1,5,0,0,1,0,1,0,0,0,0,0.0,0,1,0.0,1
0.5833333333333334,0.3333333333333333,2,0.8333333333333334,7,0.7142857142857143,10.0,1.06,10.6,1.49416149068323,121.0,1,5,1.2125797101449276,135.0,-0.5999999999999996,1.1559857057772485,1.4404225006140996,18,1.0901394585726005,1.2742242031788749,2.3333333333333335,1.6666666666666667,28.0,10,14,12,0.32,-9.879999999999999,7.6,2.6,1.1743905726499018,18,6,37,6,0,0,1,0,1,1,0,0,0,0.0,0,0,0.0,1
1.0,1.0,5,1.0,10,2.8,14.0,2.88,14.4,1.2021517302573204,159.1,1,5,0.6219486642221058,143.0,-0.40000000000000036,0.8200424178154825,1.2130434782608697,18,1.0449937888198757,1.0880586922712827,1.0,1.0,37.0,5,5,10,0.32,-9.879999999999999,7.6,2.6,1.1584500394906667,0,5,37,5,1,0,3,0,1,1,0,0,0,0.0,0,0,0.0,0
0.7352941176470589,0.7058823529411765,12,0.7647058823529411,25,0.45,11.25,0.6127819547368422,11.64285714,1.0663372859025033,134.1,1,13,1.3066447908121412,125.0,-0.39285714000000027,1.151400966183575,1.2294441386901487,24,1.0986103210077205,1.1281060708036075,1.4705882352941178,1.1176470588235294,37.0,19,25,34,2.02,-9.68,11.1,0.6,1.1758672525439406,0,17,37,17,0,0,1,0,0,0,0,0,1,0.7058823529411765,1,1,0.7058823529411765,1
1.0,1.0,6,1.0,12,1.625,13.0,2.1111111116666668,12.66666667,1.3761848805327068,127.2,1,6,1.2821204371076491,144.0,0.3333333300000003,1.197718162195498,1.4334342940889107,20,1.2647449755785092,1.1916457060725836,1.3333333333333333,1.0,1.0,6,8,12,1.74,-10.46,10.8,1.4,1.1758672525439406,0,6,1,6,1,1,1,0,1,0,0,0,0,0.0,0,1,0.0,1
0.9166666666666666,0.8333333333333334,5,1.0,11,1.575,12.6,1.9285714285714286,13.5,0.8792181890706022,130.9,1,6,1.056521739130435,141.0,-0.9000000000000004,1.318361688720857,1.2130434782608694,18,1.100568702990277,1.2921636019934695,1.3333333333333333,1.1666666666666667,11.0,7,8,12,0.32,-9.879999999999999,7.6,2.6,1.1819062506030606,16,6,19,6,0,0,5,0,1,0,0,0,0,0.0,0,1,0.0,0
0.8333333333333334,1.0,6,0.6666666666666666,10,1.5625,12.5,1.24,12.4,1.4912388027091983,124.5,1,4,1.251728743136964,128.0,0.09999999999999964,1.197718162195498,1.4334342940889107,18,1.2576025080438908,1.277410022972858,1.3333333333333333,1.6666666666666667,19.0,10,8,12,1.79,-11.11,12.4,0.5,1.1758672525439406,0,6,19,6,1,1,1,0,1,0,1,0,0,0.0,0,1,0.0,1
0.5,0.6666666666666666,4,0.3333333333333333,6,1.0208333333333333,12.25,0.625,10.0,1.331363224637681,140.0,0,2,1.1973403408186016,110.0,2.25,1.1663749294184076,0.7491078753076292,43,1.0449937888198757,1.0880586922712827,2.0,2.6666666666666665,37.0,16,12,12,1.74,-10.46,10.8,1.4,1.1584500394906667,0,6,37,6,0,0,1,1,0,1,0,1,1,0.0,1,0,0.0,1
0.8275862068965517,0.8461538461538461,11,0.8125,24,0.93006993,12.09090909,0.7548076925,12.07692308,1.545408163265306,118.4,1,13,1.1939285714285715,130.0,0.013986009999999993,1.155188679245283,0.9358381502890174,28,1.2932721712538227,1.3042389210019267,1.0,1.0,28.5,16,13,29,-0.92,-17.42,16.2,0.3,1.1876220053238686,19,13,38,16,0,0,1,0,0,1,0,1,0,1.0,1,0,0.9375,1
0.6923076923076923,1.0,4,0.5555555555555556,9,2.75,11.0,1.2666666666666666,11.4,0.7911983032873808,128.2,0,5,1.1803307676305388,120.0,-0.40000000000000036,1.151400966183575,0.9819806763285025,32,1.0986103210077205,1.1281060708036075,1.0,1.0,37.0,9,4,13,1.74,-10.46,10.8,1.4,1.1758672525439406,0,4,37,9,0,0,1,0,0,0,1,1,1,1.0,1,0,0.5555555555555556,1
1.0,1.0,6,1.0,12,2.0,14.0,1.425,14.25,1.433108695652174,110.5,1,6,1.1973403408186016,133.1,-0.25,1.2639209009952854,1.184466819221968,19,1.25372234935164,1.2767270531400965,1.1666666666666667,1.6666666666666667,19.5,10,7,12,-0.92,-17.42,16.2,0.3,1.1584500394906667,37,6,38,6,0,0,1,0,1,0,0,0,0,0.0,0,0,0.0,1
0.9333333333333333,0.875,7,1.0,14,1.29125,12.9125,1.6897959185714286,11.82857143,1.5568619113426172,100.0,1,7,1.2127443159154367,141.0,1.0839285699999994,1.1672994488671158,0.9819806763285025,18,1.2585507246376813,1.277410022972858,1.25,1.0,11.5,7,10,15,0.79,-12.809999999999999,13.9,-0.3,1.1758672525439406,15,8,19,7,0,0,1,0,1,0,0,0,1,0.0,0,0,0.0,1
0.0,0.0,0,0.0,0,0.0,0.0,0.0,0.0,1.0972332015810278,117.0,1,0,1.1990645264164983,133.1,0.0,1.204451156505842,1.2130434782608694,21,1.3338955940090156,1.339986123959297,0.0,0.0,38.0,0,0,0,1.74,-10.46,10.8,1.4,1.1819062506030606,0,0,38,0,0,0,4,0,0,0,1,0,1,0.0,0,1,0.0,0
1.0,1.0,6,1.0,12,2.020408162857143,14.14285714,2.194444445,13.16666667,1.545408163265306,113.5,1,6,1.2388505747126437,117.0,0.9761904700000006,1.2994236311239193,1.4512849162011174,18,1.2868092691622104,1.3042389210019267,1.1666666666666667,1.0,10.0,6,7,12,2.02,-9.68,11.1,0.6,1.1876220053238686,18,6,19,6,1,1,1,0,1,0,0,0,0,0.0,0,1,0.0,1
0.0,0.0,0,0.0,0,0.0,0.0,0.0,0.0,1.2130202278539874,140.0,1,0,1.2542082169924211,140.0,0.0,1.183961352657005,1.1124779073877695,29,1.2470369797307752,1.061625708884688,0.0,0.0,1.5,0,0,12,-4.06,-22.36,15.5,2.8,1.1819062506030606,1,6,2,6,0,0,1,0,0,0,0,1,0,0.0,1,1,0.0,1
0.875,0.875,7,0.875,14,1.1405194809090908,12.54571429,1.1405194809090908,12.54571429,1.543190537084399,120.8,1,7,1.154390451832907,123.0,0.0,1.2639209009952854,1.4102055872516233,19,1.233967927278964,1.2799644037630307,1.375,1.375,19.0,11,11,16,1.74,-10.46,10.8,1.4,1.1584500394906667,0,8,19,8,0,0,2,0,1,0,1,0,0,0.0,0,1,0.0,0
0.6,0.6,3,0.6,6,0.7111111113333333,10.66666667,0.8888888891666666,10.66666667,1.0296727924697446,130.0,0,3,1.2127443159154367,140.0,0.0,1.355244411692459,0.7234823625922888,39,1.302210510906163,1.1281060708036075,3.0,2.4,37.5,12,15,10,-3.12,-11.719999999999999,9.4,-0.8,1.1758672525439406,1,5,38,5,0,0,1,0,0,0,0,1,0,0.0,1,1,0.0,1
1.0,1.0,10,1.0,20,1.28,12.8,1.1500000000000001,13.8,0.7367809883877936,141.0,1,10,1.1973403408186016,120.0,-1.0,1.2639209009952854,0.9867874396135266,32,1.2919274890242176,1.2767270531400965,1.0,1.2,38.0,12,10,20,1.74,-10.46,10.8,1.4,1.1584500394906667,0,10,38,10,1,1,1,0,0,0,0,1,1,0.5,1,0,0.5,1
1.0,1.0,6,1.0,12,1.640625,13.125,2.3333333333333335,14.0,1.3541407867494824,128.0,1,6,1.1973403408186016,135.0,-0.875,1.1624045504129656,1.4102055872516233,19,1.233967927278964,1.0880586922712827,1.3333333333333333,1.0,28.0,6,8,12,1.74,-10.46,10.8,1.4,1.1584500394906667,18,6,37,6,1,1,1,0,1,0,1,0,0,0.0,0,1,0.0,1
0.9166666666666666,0.8333333333333334,5,1.0,11,1.8571428571428572,13.0,1.80952381,12.66666667,0.8310789049919485,118.9,1,6,1.1803307676305388,122.0,0.3333333300000003,1.151400966183575,1.2294441386901487,20,1.302210510906163,1.1281060708036075,1.1666666666666667,1.1666666666666667,37.5,7,7,12,0.32,-9.879999999999999,7.6,2.6,1.1758672525439406,1,6,38,6,0,0,4,0,1,0,1,0,0,0.0,0,1,0.0,0
0.9090909090909091,0.9090909090909091,10,0.9090909090909091,20,0.9142857142857144,12.8,0.85,11.9,1.2292035398230086,104.0,1,10,1.1939285714285715,133.1,0.9000000000000004,1.148233215547703,1.0463414634146342,42,1.0831439393939393,1.0974803149606298,1.2727272727272727,1.2727272727272727,37.0,14,14,22,2.02,-9.68,11.1,0.6,1.1876220053238686,0,11,37,11,0,0,1,0,0,1,1,1,0,0.45454545454545453,1,0,0.45454545454545453,1
0.8333333333333334,0.6666666666666666,4,1.0,10,1.53125,12.25,1.80952381,12.66666667,1.2840579710144928,131.7,1,6,1.2542082169924211,145.0,-0.4166666699999997,1.139830755763058,1.4304347826086956,18,1.2275607958732497,1.339986123959297,1.3333333333333333,1.1666666666666667,28.5,7,8,12,0.32,-9.879999999999999,7.6,2.6,1.1819062506030606,19,6,38,6,0,0,1,0,1,0,0,0,0,0.0,0,1,0.0,1
1.0,1.0,6,1.0,12,1.41666666625,11.33333333,1.8888888883333335,11.33333333,1.49416149068323,125.7,1,6,1.2125797101449276,126.0,0.0,1.1803969095591578,1.4404225006140996,18,1.1418478260869565,1.2414858951680476,1.3333333333333333,1.0,2.0,6,8,12,-4.06,-22.36,15.5,2.8,1.1743905726499018,2,6,3,6,1,1,1,0,1,0,1,0,0,0.0,0,0,0.0,1
0.5,0.6,3,0.4,5,1.26984127,11.42857143,1.5714285714285714,11.0,1.0288695652173914,111.0,0,2,1.1933908806863316,118.0,0.42857142999999986,1.1782208343342142,1.4404225006140996,21,1.2643147284489245,1.2414858951680476,1.8,1.4,1.0,7,9,10,1.74,-10.46,10.8,1.4,1.1743905726499018,0,5,1,5,0,0,1,0,0,0,1,0,1,0.0,0,0,0.0,1
0.1,0.0,0,0.2,1,0.0,0.0,2.1666666666666665,13.0,1.2021517302573204,144.6,0,1,1.2013971665852468,150.0,-13.0,0.9459469417833456,1.4102055872516233,24,0.8976284584980238,1.0345050878815911,1.0,1.2,7.0,6,5,10,0.32,-9.879999999999999,7.6,2.6,1.1584500394906667,10,5,12,5,0,0,1,1,0,1,0,0,0,0.0,1,0,0.0,1
0.6666666666666666,0.5,3,0.8333333333333334,8,1.066666667,10.66666667,1.375,11.0,0.8792181890706022,113.7,1,5,1.2099177438307875,120.0,-0.3333333300000003,1.264619822790027,1.08159111933395,20,1.117896865520728,1.339986123959297,1.6666666666666667,1.3333333333333333,37.5,8,10,12,-1.7,-18.099999999999998,12.7,3.7,1.1819062506030606,1,6,38,6,0,0,1,0,1,0,1,0,0,0.0,0,0,0.0,1
0.0,0.0,0,0.0,0,0.0,0.0,0.0,0.0,0.9622563718140928,140.0,0,0,1.1973403408186016,140.0,0.0,1.2639209009952854,0.9867874396135266,25,1.2919274890242176,1.0880586922712827,0.0,0.0,37.5,0,0,0,-4.06,-22.36,15.5,2.8,1.1584500394906667,1,0,38,0,0,0,1,0,0,0,0,0,1,0.0,1,0,0.0,1
0.9166666666666666,1.0,6,0.8333333333333334,11,1.8571428571428572,13.0,1.1272727272727272,12.4,1.433108695652174,135.9,1,5,1.1973403408186016,132.0,0.5999999999999996,1.1622608695652175,1.4102055872516233,18,1.0449937888198757,1.0880586922712827,1.1666666666666667,1.8333333333333333,37.0,11,7,12,-3.12,-11.719999999999999,9.4,-0.8,1.1584500394906667,0,6,37,6,0,0,1,0,1,0,0,0,0,0.0,0,0,0.0,1
0.14285714285714285,0.14285714285714285,1,0.14285714285714285,2,1.8571428571428572,13.0,0.9090909090909091,10.0,0.901159420289855,116.5,1,1,1.2239130434782608,133.1,3.0,1.1622608695652175,0.7491078753076292,34,1.0449937888198757,1.0880586922712827,1.0,1.5714285714285714,37.0,11,7,14,-0.92,-17.42,16.2,0.3,1.1584500394906667,0,7,37,7,0,0,1,0,0,0,1,1,0,0.0,1,0,0.0,1
0.6666666666666666,0.6666666666666666,4,0.6666666666666666,8,0.8076923076923077,10.5,1.225,12.25,1.0411544227886058,125.7,0,4,1.1933908806863316,120.0,-1.75,1.1782208343342142,0.7313379542113002,43,1.0901394585726005,1.1019750589821369,2.1666666666666665,1.6666666666666667,37.0,10,13,12,3.51,-6.790000000000001,8.9,1.4,1.1743905726499018,0,6,37,6,0,0,1,1,0,1,1,1,0,0.0,1,0,0.0,1
0.0,0.0,0,0.0,0,0.0,0.0,0.0,0.0,1.5568619113426172,123.8,1,0,1.1803307676305388,131.0,0.0,1.151400966183575,1.2294441386901487,19,1.2576025080438908,1.1281060708036075,0.0,0.0,28.0,0,0,15,-4.06,-22.36,15.5,2.8,1.1758672525439406,18,8,37,7,0,0,1,0,1,0,1,0,0,0.0,0,1,0.0,1
1.0,1.0,6,1.0,12,2.055555555,12.33333333,1.9166666666666667,11.5,1.3746562616127835,128.0,1,6,1.194817160955946,133.1,0.8333333300000003,1.1306197964847364,1.2130434782608694,21,1.3338955940090156,1.2921636019934695,1.0,1.0,28.5,6,6,12,-3.12,-11.719999999999999,9.4,-0.8,1.1819062506030606,19,6,38,6,1,1,1,0,0,0,1,0,0,0.0,0,0,0.0,1
1.0,1.0,6,1.0,12,1.3333333333333333,12.0,1.3,13.0,1.0635714285714286,113.6,1,6,1.2521505376344086,115.0,-1.0,1.2994236311239193,1.4512849162011174,23,1.2662162162162163,1.2365750528541226,1.5,1.6666666666666667,10.0,10,9,12,2.02,-9.68,11.1,0.6,1.1876220053238686,18,6,19,6,0,0,1,0,0,0,0,0,1,0.0,0,0,0.0,1
1.0,1.0,6,1.0,12,1.54166666625,12.33333333,2.3611111116666668,14.16666667,1.3923076923076922,131.4,1,6,1.2388505747126437,130.0,-1.8333333399999994,0.9646551724137932,1.225164113785558,20,1.2868092691622104,1.059375,1.3333333333333333,1.0,2.5,6,8,12,2.02,-9.68,11.1,0.6,1.1876220053238686,3,6,4,6,0,0,3,0,1,0,0,0,1,0.0,0,0,0.0,0
0.9,0.8,4,1.0,9,1.6071428571428572,11.25,2.1333333333333333,12.8,1.0288695652173914,130.5,1,5,1.2125797101449276,127.0,-1.5500000000000007,1.3083536883243772,1.4404225006140996,21,1.2643147284489245,1.2742242031788749,1.4,1.2,10.0,6,7,10,-3.12,-11.719999999999999,9.4,-0.8,1.1743905726499018,18,5,19,5,1,1,1,0,0,0,0,0,0,0.0,0,1,0.0,1
0.0,0.0,0,0.0,0,0.0,0.0,0.0,0.0,1.1542253521126762,120.8,1,0,1.2521505376344086,139.0,0.0,1.196590909090909,0.9358381502890174,19,1.1182648401826485,1.3042389210019267,0.0,0.0,11.0,0,0,12,-4.06,-22.36,15.5,2.8,1.1876220053238686,16,6,19,6,0,0,1,0,1,0,0,0,0,0.0,0,0,0.0,1
0.0,0.0,0,0.0,0,0.0,0.0,0.0,0.0,0.9177633108579399,143.6,1,0,1.2397006414825373,139.0,0.0,1.1663210702341136,1.184466819221968,18,1.25372234935164,1.2767270531400965,1.0,1.8,19.5,9,5,10,0.32,-9.879999999999999,7.6,2.6,1.1584500394906667,37,5,38,5,0,0,1,0,1,1,1,0,1,0.0,0,1,0.0,1
1.0,1.0,6,1.0,12,1.5625,12.5,2.1666666666666665,13.0,1.3761848805327068,126.2,1,6,1.1803307676305388,137.0,-0.5,1.151400966183575,1.4334342940889107,19,1.0986103210077205,1.1281060708036075,1.3333333333333333,1.0,37.0,6,8,12,1.74,-10.46,10.8,1.4,1.1758672525439406,0,6,37,6,1,1,1,0,1,0,1,0,0,0.0,0,1,0.0,1
0.08333333333333333,0.0,0,0.16666666666666666,1,0.0,0.0,1.1818181818181819,13.0,1.545408163265306,114.0,0,1,0.6161764705882353,140.0,-13.0,0.744776119402985,0.748,28,0.5958333333333333,0.515,2.0,1.8333333333333333,34.0,11,12,12,-3.12,-11.719999999999999,9.4,-0.8,1.1876220053238686,0,6,34,6,0,0,1,0,0,0,1,1,0,0.0,1,1,0.0,1
0.875,0.875,7,0.875,14,1.62803571375,13.02428571,1.62803571375,13.02428571,1.547589908749329,115.5,1,7,1.2242311770943797,133.1,0.0,1.1782208343342142,1.4404225006140996,20,1.2357226792009401,1.2742242031788749,1.0,1.0,28.5,8,8,16,1.74,-10.46,10.8,1.4,1.1743905726499018,19,8,38,8,1,1,3,0,1,0,0,0,1,0.0,0,1,0.0,0
0.0,0.0,0,0.0,0,0.0,0.0,0.0,0.0,0.8409172126265634,152.0,1,0,1.3003910743041178,130.0,0.0,1.1697181559973782,0.7313379542113002,27,1.2693138979643126,1.2414858951680476,0.0,0.0,10.0,0,0,10,3.51,-6.790000000000001,8.9,1.4,1.1743905726499018,18,5,19,5,0,0,1,0,0,0,0,1,0,0.0,1,1,0.0,1
1.0,1.0,10,1.0,19,0.6452991455555556,11.61538462,1.2098765433333334,10.88888889,0.9177633108579399,130.0,1,9,1.1973403408186016,130.0,0.7264957299999999,1.245065950170982,0.8167361524717094,21,1.0449937888198757,1.2799644037630307,1.8,1.0,28.0,9,18,19,1.74,-10.46,10.8,1.4,1.1584500394906667,18,10,37,9,0,0,1,0,0,0,0,0,0,0.3,0,0,0.4444444444444444,1
0.5,0.42857142857142855,3,0.5714285714285714,7,0.8809523807142857,12.33333333,0.9583333333333334,11.5,1.543190537084399,110.0,1,4,1.1973403408186016,133.1,0.8333333300000003,1.1624045504129656,0.7491078753076292,36,1.0449937888198757,1.0880586922712827,2.0,1.7142857142857142,37.0,12,14,14,-0.92,-17.42,16.2,0.3,1.1584500394906667,0,7,37,7,0,0,1,0,0,0,1,1,0,0.0,1,0,0.0,1
0.36363636363636365,0.0,0,0.6666666666666666,4,0.0,0.0,1.4166666666666667,12.75,0.8792181890706022,150.2,0,4,0.664626945786366,150.0,-12.75,0.7802142407057341,1.0228260869565218,28,0.584463768115942,0.6530292230933714,1.0,1.5,34.0,9,5,11,-3.12,-11.719999999999999,9.4,-0.8,1.1819062506030606,0,5,34,6,0,0,5,0,0,0,1,1,0,0.0,1,1,0.0,0
0.7692307692307693,0.8,4,0.75,10,1.5,12.0,1.283333333,12.83333333,1.0296727924697446,110.0,1,6,1.1803307676305388,110.0,-0.8333333300000003,1.151400966183575,0.7327294685990338,33,1.2576025080438908,1.1916457060725836,1.6,1.25,10.0,10,8,13,2.02,-9.68,11.1,0.6,1.1758672525439406,18,5,19,8,0,0,1,0,0,0,1,1,0,0.4,1,0,0.625,1
0.6428571428571429,0.5714285714285714,4,0.7142857142857143,9,1.0738636363636365,11.8125,1.1072727272727272,12.18,1.547589908749329,124.5,0,5,1.2242311770943797,133.1,-0.3674999999999997,1.3083536883243772,0.7313379542113002,38,1.0901394585726005,1.1019750589821369,1.5714285714285714,1.5714285714285714,37.0,11,11,14,2.02,-9.68,11.1,0.6,1.1743905726499018,0,7,37,7,0,0,1,0,0,0,1,1,1,0.0,1,0,0.0,1
0.7,0.6,3,0.8,7,1.171428571,11.71428571,1.875,11.25,0.9895400126023945,124.4,1,4,1.1990645264164983,137.0,0.4642857100000004,1.204451156505842,1.4304347826086956,19,1.2275607958732497,1.1229617418778761,2.0,1.2,28.0,6,10,10,1.74,-10.46,10.8,1.4,1.1819062506030606,18,5,37,5,0,0,1,0,1,0,1,0,0,0.0,0,0,0.0,1
0.8333333333333334,1.0,6,0.6666666666666666,10,1.8888888883333335,11.33333333,1.3888888888888888,12.5,1.3309782608695653,122.1,1,4,1.1939285714285715,128.0,-1.1666666699999997,1.148233215547703,1.214864864864865,19,1.2662162162162163,1.2365750528541226,1.0,1.5,10.0,9,6,12,1.74,-10.46,10.8,1.4,1.1876220053238686,18,6,19,6,0,0,3,0,1,0,1,0,1,0.0,0,1,0.0,0
0.6666666666666666,0.3333333333333333,2,1.0,8,2.3333333333333335,14.0,1.7619047614285714,12.33333333,1.49416149068323,138.6,1,6,1.225732834939996,140.0,1.6666666699999997,1.2816864295125163,1.1581913043478262,22,1.2643147284489245,1.2414858951680476,1.0,1.1666666666666667,1.0,7,6,12,0.79,-12.809999999999999,13.9,-0.3,1.1743905726499018,0,6,1,6,0,0,1,0,0,0,0,0,1,0.3333333333333333,0,0,0.5,1
0.8333333333333334,0.8333333333333334,5,0.8333333333333334,10,1.1212121209090908,12.33333333,1.2,12.0,1.1542253521126762,118.8,1,5,1.2145569620253165,123.0,0.3333333300000003,1.3345945945945945,1.225164113785558,18,1.2932721712538227,1.3434108527131783,1.8333333333333333,1.6666666666666667,38.0,10,11,12,2.02,-9.68,11.1,0.6,1.1876220053238686,0,6,38,6,1,1,3,0,1,0,0,0,0,0.0,0,1,0.0,0
0.0,0.0,0,0.0,0,0.0,0.0,0.0,0.0,1.545408163265306,119.8,1,0,1.1939285714285715,125.0,0.0,1.2994236311239193,1.225164113785558,18,1.2868092691622104,1.3434108527131783,0.0,0.0,19.5,0,0,12,2.02,-9.68,11.1,0.6,1.1876220053238686,37,6,38,6,0,0,1,0,1,0,0,0,0,0.0,0,0,0.0,1
0.75,0.5,3,1.0,9,1.0606060609090908,11.66666667,1.52083333375,12.16666667,1.0588932806324112,131.7,1,6,1.225732834939996,145.0,-0.5,1.1782208343342142,1.4404225006140996,21,1.2643147284489245,1.3033971014492753,1.8333333333333333,1.3333333333333333,19.5,8,11,12,1.74,-10.46,10.8,1.4,1.1743905726499018,37,6,38,6,1,1,1,0,0,0,0,0,0,0.0,0,1,0.0,1
0.0,0.0,0,0.0,0,0.0,0.0,0.0,0.0,1.0808549506759224,150.0,1,0,1.1081088290210723,150.0,0.0,1.1663210702341136,1.2388849929873773,20,1.1436586685910157,1.2799644037630307,1.3333333333333333,1.0,11.0,6,8,12,-4.06,-22.36,15.5,2.8,1.1584500394906667,16,6,19,6,0,0,1,0,1,0,0,0,1,0.0,0,0,0.0,1
0.8333333333333334,0.8333333333333334,5,0.8333333333333334,10,1.7428571428571427,12.2,1.575,12.6,1.0605978260869566,116.3,1,5,1.192080745341615,160.0,-0.40000000000000036,1.201176855181432,0.7234823625922888,24,1.1213355347642635,1.1916457060725836,1.1666666666666667,1.3333333333333333,2.0,8,7,12,-3.12,-11.719999999999999,9.4,-0.8,1.1758672525439406,2,6,3,6,0,0,1,0,0,0,1,0,0,0.0,1,1,0.0,1
0.8333333333333334,0.8333333333333334,5,0.8333333333333334,10,1.5,13.5,1.625,13.0,0.880909090909091,124.6,1,5,1.1939285714285715,133.0,0.5,1.2994236311239193,1.4512849162011174,18,1.0831439393939393,1.0974803149606298,1.5,1.3333333333333333,37.0,8,9,12,-3.12,-11.719999999999999,9.4,-0.8,1.1876220053238686,0,6,37,6,1,1,1,0,1,0,0,0,0,0.0,0,1,0.0,1
1.0,1.0,8,1.0,15,1.078125,12.9375,1.78367347,12.48571429,1.5796068796068796,116.7,1,7,1.1939285714285715,123.0,0.45178570999999934,1.2170068027210885,1.4512849162011174,20,1.2662162162162163,1.3434108527131783,1.5,1.0,28.5,7,12,15,-0.92,-17.42,16.2,0.3,1.1876220053238686,19,8,38,7,0,0,4,0,1,0,0,0,0,0.0,0,1,0.0,0
1.0,1.0,5,1.0,10,2.48,12.4,2.48,12.4,0.7367809883877936,140.0,1,5,1.2011857707509879,130.0,0.0,1.2639209009952854,0.7491078753076292,26,1.25372234935164,1.2179619565217392,1.0,1.0,1.0,5,5,10,-4.06,-22.36,15.5,2.8,1.1584500394906667,0,5,1,5,0,0,1,0,0,0,0,1,1,0.0,1,0,0.0,1
0.5,0.5,3,0.5,6,1.0909090909090908,12.0,0.8974358976923077,11.66666667,0.8265111346765641,120.0,0,3,1.3003910743041178,120.0,0.3333333300000003,1.1968670076726344,1.1581913043478262,20,1.453349001175088,1.1881642512077295,1.8333333333333333,2.1666666666666665,4.0,13,11,12,1.79,-11.11,12.4,0.5,1.1733695652173912,0,6,4,6,0,0,1,1,1,1,0,0,0,0.16666666666666666,0,0,0.3333333333333333,1
0.9,0.8,4,1.0,9,1.25,11.25,2.04,10.2,0.8409172126265634,113.7,1,5,1.1933908806863316,134.0,1.0500000000000007,1.1782208343342142,1.0102538326212618,32,1.0901394585726005,1.1019750589821369,1.8,1.0,37.0,5,9,10,-3.12,-11.719999999999999,9.4,-0.8,1.1743905726499018,0,5,37,5,0,0,1,0,0,0,1,1,0,0.0,1,0,0.2,1
1.0,1.0,6,1.0,12,1.1777777779999998,11.77777778,1.8333333328571428,12.83333333,1.140246768507638,116.5,1,6,1.0651578320428827,113.0,-1.0555555500000011,1.1672994488671158,1.4334342940889107,19,1.2647449755785092,1.1281060708036075,1.6666666666666667,1.1666666666666667,19.0,7,10,12,3.51,-6.790000000000001,8.9,1.4,1.1758672525439406,36,6,37,6,0,0,1,0,1,0,0,0,0,0.0,0,1,0.0,1
0.875,0.875,7,0.875,14,1.7421428575,13.93714286,1.7421428575,13.93714286,1.547589908749329,122.5,1,7,1.2242311770943797,130.0,0.0,1.3083536883243772,1.2069998195922786,19,1.2357226792009401,1.3033971014492753,1.0,1.0,38.0,8,8,16,1.74,-10.46,10.8,1.4,1.1743905726499018,0,8,38,8,0,0,2,0,1,0,1,0,0,0.0,0,1,0.0,0
0.8333333333333334,0.6666666666666666,4,1.0,10,1.2727272727272727,14.0,1.5079365077777778,13.57142857,1.140246768507638,127.0,1,6,1.2821204371076491,127.0,0.42857142999999986,1.151400966183575,1.4334342940889107,18,1.1213355347642635,1.277410022972858,1.8333333333333333,1.5,11.0,9,11,12,1.79,-11.11,12.4,0.5,1.1758672525439406,16,6,19,6,0,0,1,0,1,0,0,0,1,0.0,0,1,0.0,1
0.75,0.7142857142857143,5,0.7777777777777778,12,1.0999999999999999,13.2,0.7222222225,11.55555556,0.8092753623188406,140.0,0,7,1.056521739130435,140.0,1.6444444399999991,0.7802142407057341,0.7927536231884058,29,1.0333913043478262,1.1278260869565218,1.7142857142857142,1.7777777777777777,4.5,16,12,16,0.32,-9.879999999999999,7.6,2.6,1.1819062506030606,1,7,5,9,0,0,1,1,0,1,0,1,0,0.7142857142857143,1,0,0.7777777777777778,1
0.8461538461538461,1.0,6,0.7142857142857143,11,0.9147727275,14.63636364,0.9555555553333334,14.33333333,0.6712665406427221,160.0,1,5,1.1803307676305388,160.0,0.30303031000000047,1.151400966183575,1.156304347826087,41,1.0986103210077205,1.1281060708036075,2.6666666666666665,2.142857142857143,37.0,15,16,13,1.79,-11.11,12.4,0.5,1.1758672525439406,0,6,37,7,0,0,1,0,0,1,1,1,1,0.16666666666666666,1,0,0.42857142857142855,1
0.75,0.8333333333333334,5,0.6666666666666666,9,1.05,12.6,1.59375,12.75,1.2292035398230086,104.0,1,4,0.6161764705882353,120.0,-0.15000000000000036,0.744776119402985,0.748,54,0.5958333333333333,0.515,2.0,1.3333333333333333,34.0,8,12,12,0.32,-9.879999999999999,7.6,2.6,1.1876220053238686,0,6,34,6,0,0,1,0,0,0,1,1,0,0.0,1,0,0.0,1
0.5833333333333334,0.3333333333333333,2,0.8333333333333334,7,0.7142857142857143,10.0,1.2444444444444445,11.2,1.0635714285714286,124.3,0,5,1.0786585365853658,140.0,-1.1999999999999993,0.9646551724137932,1.225164113785558,18,1.1182648401826485,1.124342105263158,2.3333333333333335,1.5,3.0,9,14,12,-3.12,-11.719999999999999,9.4,-0.8,1.1876220053238686,0,6,3,6,0,0,2,0,1,0,1,0,1,0.0,0,0,0.0,0
0.9,1.0,5,0.8,9,2.0,12.0,1.7142857142857142,12.0,0.8265111346765641,123.8,1,4,1.225732834939996,130.0,0.0,1.1803969095591578,1.2069998195922786,18,1.2643147284489245,1.2414858951680476,1.2,1.4,1.0,7,6,10,0.32,-9.879999999999999,7.6,2.6,1.1743905726499018,0,5,1,5,0,0,1,0,1,0,0,0,0,0.0,0,0,0.0,1
1.0,1.0,6,1.0,12,2.305555555,13.83333333,2.6111111116666668,15.66666667,1.2768658451522903,155.7,1,6,1.0644927536231885,177.0,-1.8333333399999994,1.231159420289855,1.2069998195922786,18,1.218035426731079,1.2414858951680476,1.0,1.0,1.5,6,6,12,3.51,-6.790000000000001,8.9,1.4,1.1743905726499018,1,6,2,6,1,0,1,0,1,1,0,0,0,0.0,0,0,0.0,1
0.8333333333333334,0.8333333333333334,5,0.8333333333333334,10,1.3555555555555554,12.2,1.9142857142857144,13.4,1.2292035398230086,103.5,1,5,0.6161764705882353,107.0,-1.200000000000001,0.744776119402985,1.4512849162011174,22,1.2662162162162163,1.0599999999999998,1.5,1.1666666666666667,15.0,7,9,12,0.32,-9.879999999999999,7.6,2.6,1.1876220053238686,8,6,19,6,0,0,2,0,0,0,1,0,0,0.0,0,1,0.0,0
0.896551724137931,1.0,12,0.8235294117647058,26,0.5357142858333334,12.85714286,0.4331896551724138,12.5625,0.8092753623188406,140.0,1,14,1.056521739130435,140.0,0.29464285999999973,0.9590062111801242,1.0228260869565218,20,1.100568702990277,1.052902889872429,2.0,1.7058823529411764,3.0,29,24,29,-4.06,-22.36,15.5,2.8,1.1819062506030606,0,12,3,17,0,0,1,0,1,0,1,0,0,0.5833333333333334,0,0,0.5882352941176471,1
1.0,1.0,8,1.0,15,1.578125,12.625,1.37037037,12.33333333,1.218035426731079,140.2,1,7,1.225732834939996,149.0,0.2916666699999997,1.2021125030704987,1.0102538326212618,20,1.2643147284489245,1.2414858951680476,1.0,1.2857142857142858,1.0,9,8,15,-1.7,-18.099999999999998,12.7,3.7,1.1743905726499018,0,8,1,7,0,0,1,0,1,0,0,0,0,0.0,0,1,0.14285714285714285,1
0.8,0.8,4,0.8,8,1.0833333330000001,10.83333333,1.175,11.75,0.7911983032873808,145.6,1,4,1.1803307676305388,130.0,-0.9166666699999997,1.271562304971916,0.7234823625922888,34,1.302210510906163,1.3335857352222766,2.0,2.0,38.0,10,10,10,0.79,-12.809999999999999,13.9,-0.3,1.1758672525439406,0,5,38,5,0,0,1,0,0,0,0,1,1,0.0,1,0,0.0,1
1.0,1.0,5,1.0,10,2.020408162857143,14.14285714,2.7600000000000002,13.8,0.6201419698314108,140.0,1,5,1.0673369565217392,140.0,0.34285713999999956,1.1803969095591578,0.7131609870740305,23,1.1418478260869565,1.2414858951680476,1.4,1.0,2.0,5,7,10,2.02,-9.68,11.1,0.6,1.1743905726499018,2,5,3,5,0,0,1,0,0,0,0,0,1,0.0,0,0,0.0,1
1.0,1.0,8,1.0,15,1.6617283955555555,14.95555556,1.9993877557142858,13.99571429,1.5568619113426172,136.7,1,7,1.2127443159154367,147.0,0.9598412700000001,1.271562304971916,1.4334342940889107,18,1.1213355347642635,1.1916457060725836,1.125,1.0,2.0,7,9,15,2.02,-9.68,11.1,0.6,1.1758672525439406,2,8,3,7,0,0,2,0,1,0,0,0,0,0.0,0,0,0.0,0
0.16666666666666666,0.16666666666666666,1,0.16666666666666666,2,1.0,11.0,0.9090909090909091,10.0,1.2830584707646178,100.0,1,1,0.664626945786366,133.1,1.0,0.7802142407057341,0.73904412557989,48,0.584463768115942,0.6530292230933714,1.8333333333333333,1.8333333333333333,34.0,11,11,12,-3.12,-11.719999999999999,9.4,-0.8,1.1819062506030606,0,6,34,6,0,0,1,0,0,0,1,1,0,0.0,1,0,0.0,1
0.875,0.875,7,0.875,14,1.6553571425,13.24285714,1.6553571425,13.24285714,1.5796068796068796,118.0,1,7,1.1939285714285715,131.0,0.0,1.148233215547703,1.4512849162011174,18,1.0831439393939393,1.0974803149606298,1.0,1.0,37.0,8,8,16,-1.7,-18.099999999999998,12.7,3.7,1.1876220053238686,0,8,37,8,1,1,3,0,1,0,1,0,0,0.0,0,1,0.0,0
0.3333333333333333,0.0,0,0.6666666666666666,4,0.0,0.0,1.25,11.25,1.3923076923076922,108.7,1,4,0.6161764705882353,116.0,-11.25,1.1960526315789475,1.4512849162011174,23,1.1182648401826485,1.124342105263158,1.6666666666666667,1.5,3.0,9,10,12,0.32,-9.879999999999999,7.6,2.6,1.1876220053238686,0,6,3,6,0,0,1,0,0,0,0,0,1,0.0,0,1,0.0,1
1.0,1.0,6,1.0,12,1.5714285711111111,14.14285714,1.828125,14.625,1.140246768507638,126.6,1,6,1.251728743136964,122.0,-0.48214285999999973,1.355244411692459,1.4334342940889107,18,0.9073291925465838,1.1698757763975156,1.5,1.3333333333333333,12.0,8,9,12,2.02,-9.68,11.1,0.6,1.1758672525439406,0,6,12,6,0,0,1,0,1,0,0,0,0,0.0,0,1,0.0,1
0.5,0.4,2,0.6,5,0.8888888891666666,10.66666667,1.41666666625,11.33333333,1.0288695652173914,112.2,1,3,1.1933908806863316,116.0,-0.6666666600000006,1.039782608695652,1.2069998195922786,20,1.2357226792009401,1.1505314009661836,2.4,1.6,20.0,8,12,10,1.74,-10.46,10.8,1.4,1.1743905726499018,36,5,38,5,0,0,1,0,1,0,0,0,0,0.0,0,1,0.0,1
1.0,1.0,8,1.0,15,1.5987654322222222,14.38888889,2.1204081628571427,14.84285714,1.547589908749329,137.5,1,7,1.225732834939996,148.0,-0.4539682499999991,1.2816864295125163,1.4404225006140996,18,1.2643147284489245,1.2414858951680476,1.125,1.0,1.0,7,9,15,-0.92,-17.42,16.2,0.3,1.1743905726499018,0,8,1,7,0,0,1,0,1,0,0,0,1,0.0,0,0,0.0,1
0.4166666666666667,0.5,3,0.3333333333333333,5,2.055555555,12.33333333,0.75,10.5,1.2413610586011343,120.0,0,2,1.3066447908121412,133.1,1.8333333300000003,1.225328614762386,0.7234823625922888,31,1.2576025080438908,1.1281060708036075,1.0,2.3333333333333335,28.0,14,6,12,2.02,-9.68,11.1,0.6,1.1758672525439406,18,6,37,6,0,0,1,1,0,1,0,1,0,0.0,1,0,0.0,1
0.0,0.0,0,0.0,0,0.0,0.0,0.0,0.0,0.9982473879339401,137.8,1,0,1.1933908806863316,150.0,0.0,1.1782208343342142,1.4404225006140996,19,1.2357226792009401,1.2742242031788749,0.0,0.0,28.5,0,0,0,0.79,-12.809999999999999,13.9,-0.3,1.1743905726499018,19,0,38,0,1,1,1,0,1,0,1,0,1,0.0,0,1,0.0,1
1.0,1.0,8,1.0,16,1.61078125,12.88625,1.61078125,12.88625,1.5568619113426172,124.0,1,8,1.2127443159154367,124.0,0.0,1.151400966183575,1.086482213438735,23,1.2576025080438908,1.277410022972858,1.0,1.0,19.0,8,8,16,-3.12,-11.719999999999999,9.4,-0.8,1.1758672525439406,0,8,19,8,0,0,1,0,0,0,0,0,0,0.0,0,0,0.0,1
1.0,1.0,10,1.0,20,1.42,14.2,1.3,14.3,0.8409172126265634,130.0,1,10,1.1933908806863316,130.0,-0.10000000000000142,1.1782208343342142,1.0102538326212618,41,1.0901394585726005,1.1019750589821369,1.0,1.1,37.0,11,10,20,-1.7,-18.099999999999998,12.7,3.7,1.1743905726499018,0,10,37,10,0,0,1,0,0,0,1,1,0,0.5,1,0,0.5,1
0.75,0.6666666666666666,4,0.8333333333333334,9,0.9583333333333334,11.5,1.37037037,12.33333333,1.2359420289855074,106.8,1,5,1.1933908806863316,120.0,-0.8333333300000003,1.3083536883243772,0.7313379542113002,49,1.0901394585726005,1.1019750589821369,2.0,1.5,37.0,9,12,12,0.79,-12.809999999999999,13.9,-0.3,1.1743905726499018,0,6,37,6,0,0,1,0,0,0,0,1,0,0.0,1,0,0.0,1
0.0,0.0,0,0.0,0,0.0,0.0,0.0,0.0,1.2067357512953367,144.0,1,0,1.2416666666666665,133.1,0.0,1.148233215547703,0.748,51,1.0831439393939393,1.0974803149606298,0.0,0.0,37.0,0,0,12,1.79,-11.11,12.4,0.5,1.1876220053238686,0,6,37,6,0,0,1,0,0,0,0,1,1,0.0,1,0,0.0,1
0.9,1.0,5,0.8,9,2.92,14.6,2.0714285714285716,14.5,0.7799621928166351,150.0,1,4,1.192080745341615,150.0,0.09999999999999964,1.201176855181432,1.156304347826087,22,1.0986103210077205,1.1281060708036075,1.0,1.4,37.0,7,5,10,1.74,-10.46,10.8,1.4,1.1758672525439406,0,5,37,5,0,0,1,0,0,0,1,0,1,0.0,0,1,0.0,1
0.0,0.0,0,0.0,0,0.0,0.0,0.0,0.0,1.4763186934451555,144.3,1,0,1.3844319775596072,160.0,0.0,1.183961352657005,1.2130434782608694,22,1.2275607958732497,1.1229617418778761,0.0,0.0,28.0,0,0,12,0.79,-12.809999999999999,13.9,-0.3,1.1819062506030606,18,6,37,6,0,0,1,0,0,0,1,0,1,0.0,0,0,0.0,1
0.3,0.2,1,0.4,3,1.0,12.0,0.8461538461538461,11.0,0.7911983032873808,152.1,1,2,1.1803307676305388,130.0,1.0,1.355244411692459,0.7234823625922888,28,1.2647449755785092,1.1916457060725836,2.4,2.6,1.0,13,12,10,2.02,-9.68,11.1,0.6,1.1758672525439406,0,5,1,5,0,0,1,0,0,0,0,1,1,0.0,1,0,0.0,1
0.7857142857142857,0.8571428571428571,6,0.7142857142857143,11,0.8714285714285713,12.2,0.8528571428571429,11.94,1.5796068796068796,136.6,1,5,1.2388505747126437,120.0,0.2599999999999998,1.196590909090909,0.9358381502890174,23,1.2428571428571429,1.059375,2.0,2.0,3.0,14,14,14,0.79,-12.809999999999999,13.9,-0.3,1.1876220053238686,2,7,4,7,0,0,1,0,0,0,0,0,1,0.0,0,0,0.0,1
0.0,0.0,0,0.0,0,0.0,0.0,0.0,0.0,1.2531772575250835,110.0,1,0,0.6219486642221058,110.0,0.0,0.772524154589372,0.9867874396135266,37,0.5682898550724638,0.6546057479734708,2.0,2.0,34.0,12,10,11,0.32,-9.879999999999999,7.6,2.6,1.1584500394906667,0,5,34,6,0,0,5,0,0,0,1,1,1,0.0,1,0,0.0,0
0.9333333333333333,0.875,7,1.0,14,1.4587301588888888,13.12857143,1.3305555555555555,11.975,1.5796068796068796,100.0,1,7,1.2783606557377047,99.0,1.1535714299999995,1.2170068027210885,1.4512849162011174,19,1.2868092691622104,1.124342105263158,1.125,1.2857142857142858,2.0,9,9,15,0.79,-12.809999999999999,13.9,-0.3,1.1876220053238686,2,8,3,7,0,0,2,0,1,0,0,0,1,0.0,0,1,0.0,0
0.7,0.8,4,0.6,7,2.55,12.75,2.0,12.0,1.140246768507638,137.9,0,3,1.2127443159154367,141.0,0.75,0.6634202898550725,1.4334342940889107,20,1.2576025080438908,1.146645195920558,1.0,1.2,11.0,6,5,10,0.32,-9.879999999999999,7.6,2.6,1.1758672525439406,16,5,19,5,0,0,1,0,1,0,0,0,1,0.0,0,1,0.0,1
0.8333333333333334,0.6666666666666666,4,1.0,10,1.3333333333333333,12.0,1.7380952385714286,12.16666667,1.3761848805327068,131.8,1,6,1.0651578320428827,137.0,-0.16666666999999968,1.197718162195498,1.2294441386901487,22,1.2647449755785092,1.1916457060725836,1.5,1.1666666666666667,1.0,7,9,12,-3.12,-11.719999999999999,9.4,-0.8,1.1758672525439406,0,6,1,6,1,1,1,0,0,0,0,0,0,0.0,0,0,0.0,1
1.0,1.0,6,1.0,12,1.578125,12.625,1.6734693871428572,11.71428571,1.4763186934451555,113.0,1,6,1.1990645264164983,120.0,0.9107142899999996,1.204451156505842,1.2130434782608694,20,1.2275607958732497,1.1229617418778761,1.3333333333333333,1.1666666666666667,28.0,7,8,12,0.79,-12.809999999999999,13.9,-0.3,1.1819062506030606,18,6,37,6,1,1,1,0,1,0,1,0,0,0.0,0,1,0.0,1
0.25,0.16666666666666666,1,0.3333333333333333,3,1.4444444444444444,13.0,1.6875,13.5,1.0067868504772004,140.0,1,2,1.1990645264164983,140.0,-0.5,1.189437963944857,0.7927536231884058,50,1.1528985507246376,0.9913043478260871,1.5,1.3333333333333333,39.0,8,9,12,-4.06,-22.36,15.5,2.8,1.1819062506030606,0,6,39,6,0,0,1,0,0,0,0,1,1,0.16666666666666666,1,0,0.3333333333333333,1
0.6666666666666666,0.5,3,0.8333333333333334,8,1.066666667,10.66666667,1.3777777777777778,12.4,0.8310789049919485,126.7,1,5,1.251728743136964,140.0,-1.7333333300000007,1.355244411692459,1.2294441386901487,19,1.302210510906163,1.3335857352222766,1.6666666666666667,1.5,38.0,9,10,12,1.74,-10.46,10.8,1.4,1.1758672525439406,0,6,38,6,0,0,3,0,1,0,0,0,0,0.0,0,1,0.0,0
0.875,0.875,7,0.875,14,1.6375,13.1,1.6375,13.1,1.543190537084399,129.3,1,7,1.2013971665852468,149.0,0.0,1.123776517538332,1.4102055872516233,18,1.25372234935164,1.2179619565217392,1.0,1.0,1.0,8,8,16,-1.7,-18.099999999999998,12.7,3.7,1.1584500394906667,0,8,1,8,0,0,3,0,1,0,1,0,1,0.0,0,1,0.0,0
1.0,1.0,6,1.0,12,1.650793651111111,14.85714286,2.040816327142857,14.28571429,0.7799621928166351,127.8,1,6,1.2821204371076491,140.0,0.5714285700000001,1.271562304971916,1.4334342940889107,18,1.2585507246376813,1.146645195920558,1.5,1.1666666666666667,3.5,7,9,12,2.02,-9.68,11.1,0.6,1.1758672525439406,1,6,4,6,0,0,1,0,1,0,1,0,1,0.0,0,0,0.0,1
0.7,0.8,4,0.6,7,1.3333333333333333,12.0,1.03030303,11.33333333,0.7911983032873808,120.0,1,3,1.251728743136964,110.0,0.6666666699999997,1.0612395929694727,0.7234823625922888,38,1.0986103210077205,1.1281060708036075,1.8,2.2,37.0,11,9,10,-3.12,-11.719999999999999,9.4,-0.8,1.1758672525439406,0,5,37,5,0,0,1,0,0,0,0,1,0,0.0,1,1,0.0,1
1.0,1.0,6,1.0,12,2.081632652857143,14.57142857,1.75,14.0,1.4763186934451555,122.8,1,6,1.1990645264164983,127.0,0.5714285700000001,1.183961352657005,1.2130434782608694,19,1.3338955940090156,1.339986123959297,1.1666666666666667,1.3333333333333333,38.0,8,7,12,-0.92,-17.42,16.2,0.3,1.1819062506030606,0,6,38,6,1,1,1,0,1,0,0,0,0,0.0,0,0,0.0,1
0.8,0.8,4,0.8,8,1.2888888888888888,11.6,1.9047619042857142,13.33333333,0.7911983032873808,116.7,1,4,1.3066447908121412,114.0,-1.7333333300000007,1.225328614762386,0.9819806763285025,49,1.0986103210077205,1.1281060708036075,1.8,1.4,37.0,7,9,10,-0.92,-17.42,16.2,0.3,1.1758672525439406,0,5,37,5,0,0,1,0,0,0,0,1,1,0.0,1,0,0.0,1
0.9166666666666666,0.8333333333333334,5,1.0,11,1.45,14.5,2.2222222216666667,13.33333333,1.1065804935370154,142.3,1,6,1.225732834939996,120.0,1.1666666699999997,1.1559857057772485,0.7313379542113002,26,1.2643147284489245,1.2742242031788749,1.6666666666666667,1.0,10.0,6,10,12,1.74,-10.46,10.8,1.4,1.1743905726499018,18,6,19,6,1,1,1,0,0,0,0,1,0,0.0,1,1,0.0,1
0.8571428571428571,0.8571428571428571,6,0.8571428571428571,12,1.9714285714285715,13.8,1.9714285714285715,13.8,1.547589908749329,127.3,1,6,1.1933908806863316,141.0,0.0,1.1697181559973782,1.2069998195922786,19,1.0901394585726005,1.2414858951680476,1.0,1.0,19.0,7,7,14,0.32,-9.879999999999999,7.6,2.6,1.1743905726499018,36,7,37,7,1,1,2,0,1,0,0,0,0,0.0,0,1,0.0,0
0.0,0.0,0,0.0,0,0.0,0.0,0.0,0.0,1.0663372859025033,135.6,1,0,1.3066447908121412,130.0,0.0,1.225328614762386,1.4334342940889107,26,1.2647449755785092,1.3335857352222766,0.0,0.0,19.5,0,0,0,2.02,-9.68,11.1,0.6,1.1758672525439406,37,0,38,0,0,0,1,0,0,0,0,1,1,0.0,1,1,0.0,1
1.0,1.0,6,1.0,12,1.5185185188888888,13.66666667,2.0277777783333333,12.16666667,1.4912388027091983,134.4,1,6,1.2127443159154367,133.0,1.5,1.151400966183575,1.4334342940889107,18,0.4900869565217391,1.1281060708036075,1.5,1.0,35.5,6,9,12,-3.12,-11.719999999999999,9.4,-0.8,1.1758672525439406,3,6,37,6,1,1,1,0,1,0,0,0,0,0.0,0,1,0.0,1
1.0,1.0,6,1.0,14,1.1388888891666666,13.66666667,1.0803571428571428,15.125,1.0189981096408318,170.0,0,8,1.1973403408186016,170.0,-1.4583333300000003,1.3025204788909892,1.2388849929873773,26,1.233967927278964,1.0345050878815911,2.0,1.75,10.5,14,12,14,2.02,-9.68,11.1,0.6,1.1584500394906667,17,6,19,8,0,0,1,0,0,0,0,1,1,0.16666666666666666,1,0,0.25,1
0.9615384615384616,0.9,9,1.0,25,1.2407407408333333,14.88888889,0.8602941176470589,14.625,0.901159420289855,128.2,1,16,1.2383399209486166,133.1,0.2638888900000005,1.2184782608695652,1.4009057971014494,23,1.056521739130435,1.2179619565217392,1.2,1.0625,22.0,17,12,26,3.51,-6.790000000000001,8.9,1.4,1.2759057971014494,42,10,43,16,0,0,1,0,0,0,0,0,0,0.6,0,0,0.6875,1
1.0,1.0,5,1.0,10,1.58928571375,12.71428571,1.7857142857142858,12.5,1.1776659038901602,128.4,1,5,1.1803307676305388,134.0,0.2142857100000004,1.1051039697542533,1.4334342940889107,19,1.302210510906163,1.277410022972858,1.6,1.4,28.5,7,8,10,1.74,-10.46,10.8,1.4,1.1758672525439406,19,5,38,5,1,1,1,0,1,0,0,0,0,0.0,0,1,0.0,1
0.8275862068965517,0.7857142857142857,11,0.8666666666666667,24,0.8961038964285715,12.54545455,0.6832579188235295,11.61538462,1.0288695652173914,121.5,1,13,0.5651100375738056,133.1,0.9300699300000002,0.701041028781384,1.1773913043478261,31,0.5295313382269904,0.5608695652173913,1.0,1.1333333333333333,34.0,17,14,29,0.32,-9.879999999999999,7.6,2.6,1.1743905726499018,0,14,34,15,0,0,1,0,0,0,1,1,0,0.7857142857142857,1,1,0.8666666666666667,1
1.0,1.0,6,1.0,12,1.3199999999999998,13.2,1.578125,12.625,1.0411544227886058,160.0,1,6,1.1933908806863316,160.0,0.5749999999999993,1.1968670076726344,1.1581913043478262,20,1.0901394585726005,1.3033971014492753,1.6666666666666667,1.3333333333333333,37.5,8,10,12,-0.92,-17.42,16.2,0.3,1.1743905726499018,1,6,38,6,1,1,1,0,1,0,0,0,0,0.0,0,0,0.0,1
1.0,1.0,13,1.0,31,0.8934911246153846,11.61538462,0.577777778,11.55555556,1.0663865546218485,100.0,1,18,1.1939285714285715,133.1,0.05982906000000021,1.2994236311239193,0.748,35,1.0831439393939393,1.0974803149606298,1.0,1.1111111111111112,37.0,20,13,31,-4.06,-22.36,15.5,2.8,1.1876220053238686,0,13,37,18,0,0,1,0,0,0,0,1,1,0.8461538461538461,1,0,0.9444444444444444,1
1.0,1.0,8,1.0,15,2.1,16.8,1.6839506177777777,15.15555556,1.129933110367893,129.5,1,7,1.1803307676305388,136.0,1.644444440000001,1.151400966183575,1.4334342940889107,18,1.2576025080438908,1.277410022972858,1.0,1.2857142857142858,19.0,9,8,15,-1.7,-18.099999999999998,12.7,3.7,1.1758672525439406,0,8,19,7,0,0,2,0,1,0,1,0,0,0.0,0,1,0.0,0
1.0,1.0,5,1.0,10,1.9000000000000001,11.4,1.095238095,13.14285714,1.2130202278539874,137.0,1,5,1.1990645264164983,140.0,-1.74285714,1.318361688720857,1.4304347826086956,18,1.117896865520728,1.339986123959297,1.2,2.4,37.5,12,6,10,-3.12,-11.719999999999999,9.4,-0.8,1.1819062506030606,1,5,38,5,0,0,2,0,1,0,0,0,0,0.0,0,0,0.0,0
1.0,1.0,6,1.0,12,1.58333333375,12.66666667,1.9047619042857142,13.33333333,1.2840579710144928,110.0,1,6,1.2099177438307875,126.0,-0.6666666600000006,0.7802142407057341,1.0228260869565218,20,1.2470369797307752,1.1229617418778761,1.3333333333333333,1.1666666666666667,19.0,7,8,12,1.79,-11.11,12.4,0.5,1.1819062506030606,36,6,37,6,0,0,1,0,1,1,0,0,0,0.0,0,0,0.0,1
0.8571428571428571,0.8571428571428571,6,0.8571428571428571,12,2.004761904285714,14.03333333,2.004761904285714,14.03333333,1.547589908749329,125.5,1,6,1.225732834939996,136.0,0.0,1.2021125030704987,1.4404225006140996,21,1.2693138979643126,1.3033971014492753,1.0,1.0,28.5,7,7,14,0.32,-9.879999999999999,7.6,2.6,1.1743905726499018,19,7,38,7,1,1,4,0,0,0,0,0,0,0.0,0,1,0.0,0
0.8333333333333334,0.6666666666666666,4,1.0,10,1.46875,11.75,0.7809523806666667,11.71428571,1.0067868504772004,130.0,1,6,1.1990645264164983,130.0,0.03571428999999959,1.183961352657005,1.1124779073877695,21,1.2470369797307752,1.052902889872429,1.3333333333333333,2.5,2.0,15,8,12,0.79,-12.809999999999999,13.9,-0.3,1.1819062506030606,2,6,3,6,1,1,1,0,0,0,0,0,1,0.0,0,0,0.0,1
1.0,1.0,5,1.0,10,2.52,12.6,2.68,13.4,1.0296727924697446,109.8,1,5,1.2821204371076491,115.0,-0.8000000000000007,1.225328614762386,1.4334342940889107,19,1.2647449755785092,1.3335857352222766,1.0,1.0,19.5,5,5,10,3.51,-6.790000000000001,8.9,1.4,1.1758672525439406,37,5,38,5,1,1,3,0,1,0,0,0,0,0.0,0,1,0.0,0
1.0,1.0,5,1.0,10,2.2777777783333333,13.66666667,1.6285714285714286,11.4,0.8455652173913043,133.9,1,5,1.2550901378579005,110.0,2.2666666699999993,1.318361688720857,0.73904412557989,30,1.117896865520728,1.1229617418778761,1.2,1.4,37.0,7,6,10,1.74,-10.46,10.8,1.4,1.1819062506030606,0,5,37,5,0,0,1,0,0,0,1,1,0,0.0,1,0,0.0,1
0.9583333333333334,1.0,12,0.9166666666666666,23,0.5860805861904762,12.30769231,0.7058823529411765,12.0,1.0808549506759224,131.6,1,11,1.1973403408186016,148.0,0.3076923100000002,1.1624045504129656,1.4102055872516233,19,1.233967927278964,1.0880586922712827,1.75,1.4166666666666667,28.0,17,21,24,-4.06,-22.36,15.5,2.8,1.1584500394906667,18,12,37,12,0,0,1,0,1,0,1,0,1,0.3333333333333333,0,1,0.6666666666666666,1
1.0,1.0,8,1.0,15,1.79609375,14.36875,2.017959184285714,14.12571429,1.5796068796068796,133.4,1,7,1.1939285714285715,135.0,0.2430357100000009,1.2170068027210885,1.225164113785558,19,1.2662162162162163,1.3042389210019267,1.0,1.0,19.0,7,8,15,2.02,-9.68,11.1,0.6,1.1876220053238686,0,8,19,7,0,0,2,0,1,0,0,0,0,0.0,0,1,0.0,0
0.0,0.0,0,0.0,0,0.0,0.0,0.0,0.0,0.640366132723112,112.2,1,0,1.1990645264164983,116.0,0.0,1.318361688720857,1.2130434782608694,19,1.2275607958732497,1.2050514162006132,0.0,0.0,10.0,0,0,10,-0.92,-17.42,16.2,0.3,1.1819062506030606,18,5,19,5,0,0,2,0,1,0,0,0,1,0.0,0,0,0.0,0
0.8571428571428571,1.0,7,0.7142857142857143,12,1.249206348888889,11.24285714,1.5622222222222222,14.06,1.543190537084399,120.2,1,5,1.2239130434782608,126.0,-2.8171428600000006,1.1663749294184076,1.4102055872516233,19,0.8976284584980238,1.2179619565217392,1.2857142857142858,1.2857142857142858,6.5,9,9,14,1.79,-11.11,12.4,0.5,1.1584500394906667,11,7,12,7,1,1,4,0,1,0,0,0,0,0.0,0,0,0.0,0
1.0,1.0,6,1.0,12,1.6666666671428572,11.66666667,2.0277777783333333,12.16666667,1.433108695652174,127.3,1,6,1.2013971665852468,122.0,-0.5,1.123776517538332,1.4102055872516233,20,1.25372234935164,1.2799644037630307,1.1666666666666667,1.0,10.0,6,7,12,-3.12,-11.719999999999999,9.4,-0.8,1.1584500394906667,18,6,19,6,0,0,1,0,1,1,1,0,0,0.0,0,1,0.0,1
0.9166666666666666,1.0,6,0.8333333333333334,11,2.0,12.0,1.16,11.6,1.3309782608695653,139.7,1,5,1.2388505747126437,147.0,0.40000000000000036,1.196590909090909,1.225164113785558,18,1.2868092691622104,1.2365750528541226,1.0,1.6666666666666667,1.0,10,6,12,-3.12,-11.719999999999999,9.4,-0.8,1.1876220053238686,0,6,1,6,0,0,4,0,1,0,0,0,1,0.0,0,1,0.0,0
1.0,1.0,5,1.0,10,2.6399999999999997,13.2,2.52,12.6,0.9895400126023945,111.3,1,5,1.1990645264164983,120.0,0.5999999999999996,1.204451156505842,1.2130434782608694,21,1.3338955940090156,1.2921636019934695,1.0,1.0,28.5,5,5,10,3.51,-6.790000000000001,8.9,1.4,1.1819062506030606,19,5,38,5,0,0,4,0,0,0,1,0,0,0.0,0,1,0.0,0
0.0,0.0,0,0.0,0,0.0,0.0,0.0,0.0,0.9622563718140928,147.5,1,0,1.1973403408186016,151.0,0.0,1.2639209009952854,1.4102055872516233,18,1.0449937888198757,1.0880586922712827,0.0,0.0,37.0,0,0,0,0.32,-9.879999999999999,7.6,2.6,1.1584500394906667,0,0,37,0,0,0,1,0,1,0,0,0,0,0.0,0,1,0.0,1
0.42857142857142855,0.2857142857142857,2,0.5714285714285714,6,1.5,10.5,1.05,10.5,0.8310789049919485,109.5,1,4,1.251728743136964,114.0,0.0,1.197718162195498,1.4334342940889107,19,1.2576025080438908,1.1281060708036075,1.0,1.4285714285714286,28.0,10,7,14,-0.92,-17.42,16.2,0.3,1.1758672525439406,18,7,37,7,0,0,1,0,1,0,1,0,0,0.0,0,1,0.0,1
1.0,1.0,12,1.0,25,1.0153846153333332,15.23076923,1.100591716153846,14.30769231,1.0411544227886058,120.0,1,13,1.442391304347826,120.0,0.9230769199999997,1.1968670076726344,0.7131609870740305,54,1.0901394585726005,1.1019750589821369,1.25,1.0,37.0,13,15,25,-4.06,-22.36,15.5,2.8,1.1743905726499018,0,12,37,13,0,0,1,0,0,0,1,1,0,0.4166666666666667,1,0,0.6923076923076923,1
0.4,0.6,3,0.2,4,1.70833333375,13.66666667,1.0,10.0,0.6712665406427221,116.7,1,1,0.8501863354037267,116.0,3.6666666699999997,1.197718162195498,1.2294441386901487,21,1.2576025080438908,1.1281060708036075,1.6,2.0,28.0,10,8,10,0.32,-9.879999999999999,7.6,2.6,1.1758672525439406,18,5,37,5,0,0,1,0,0,0,0,0,1,0.0,0,1,0.0,1
0.2,0.2,1,0.2,2,1.0,10.0,1.1,11.0,0.9177633108579399,100.0,1,1,1.135144927536232,133.1,-1.0,1.3025204788909892,1.4009057971014494,40,1.25372234935164,1.0820586694604504,2.0,2.0,2.0,10,10,10,2.02,-9.68,11.1,0.6,1.1621739130434783,2,5,3,5,0,0,1,0,0,1,0,1,1,0.0,1,0,0.0,1
0.8333333333333334,0.6666666666666666,4,1.0,10,1.40625,11.25,1.7777777783333333,10.66666667,1.0588932806324112,97.0,1,6,1.1126654064272212,133.1,0.5833333300000003,1.0542490118577075,1.4404225006140996,27,1.0901394585726005,1.1019750589821369,1.3333333333333333,1.0,37.0,6,8,12,1.74,-10.46,10.8,1.4,1.1743905726499018,0,6,37,6,0,0,1,0,0,0,1,1,1,0.0,1,0,0.0,1
0.8571428571428571,0.8571428571428571,6,0.8571428571428571,12,1.80952381,12.66666667,1.37037037,12.33333333,0.880909090909091,126.1,1,6,1.1939285714285715,132.0,0.33333333999999937,1.196590909090909,1.214864864864865,18,1.0831439393939393,1.0974803149606298,1.0,1.2857142857142858,37.0,9,7,14,2.02,-9.68,11.1,0.6,1.1876220053238686,0,7,37,7,1,1,1,0,1,0,0,0,0,0.0,0,0,0.0,1
0.25,0.0,0,0.5,3,0.0,0.0,1.0,12.0,1.2768658451522903,107.4,0,3,1.1933908806863316,114.0,-12.0,1.1803969095591578,1.0102538326212618,26,1.0901394585726005,1.3033971014492753,2.5,2.0,37.5,12,15,12,-3.12,-11.719999999999999,9.4,-0.8,1.1743905726499018,1,6,38,6,0,0,1,0,0,0,0,1,1,0.0,1,1,0.0,1
1.0,1.0,6,1.0,12,1.944444445,11.66666667,1.5,12.0,1.2531772575250835,117.0,1,6,1.1973403408186016,120.0,-0.3333333300000003,1.1663210702341136,0.7491078753076292,33,1.0449937888198757,1.0880586922712827,1.0,1.3333333333333333,37.0,8,6,12,1.74,-10.46,10.8,1.4,1.1584500394906667,0,6,37,6,0,0,1,0,0,0,0,1,1,0.0,1,0,0.0,1
0.5714285714285714,0.5714285714285714,4,0.5714285714285714,8,1.49375,11.95,1.49375,11.95,1.543190537084399,113.3,1,4,0.848136645962733,123.0,0.0,0.8200424178154825,1.4102055872516233,20,0.5682898550724638,0.6546057479734708,1.1428571428571428,1.1428571428571428,34.0,8,8,14,0.32,-9.879999999999999,7.6,2.6,1.1584500394906667,0,7,34,7,0,0,2,0,1,0,1,0,0,0.0,0,1,0.0,0
0.3333333333333333,0.0,0,0.6666666666666666,4,0.0,0.0,2.2083333333333335,13.25,1.2531772575250835,117.5,1,4,1.2013971665852468,155.0,-13.25,1.1622608695652175,0.7491078753076292,34,1.233967927278964,1.0880586922712827,1.0,1.0,28.0,6,6,12,-1.7,-18.099999999999998,12.7,3.7,1.1584500394906667,18,6,37,6,0,0,1,0,0,0,0,1,0,0.0,1,0,0.0,1
0.8666666666666667,0.875,7,0.8571428571428571,13,1.53015873,13.77142857,1.68958333375,13.51666667,1.543190537084399,132.4,1,6,1.154390451832907,132.0,0.2547619000000001,1.2639209009952854,1.184466819221968,22,1.0449937888198757,1.2799644037630307,1.125,1.1428571428571428,28.0,8,9,15,2.02,-9.68,11.1,0.6,1.1584500394906667,18,8,37,7,1,1,6,0,0,0,1,0,0,0.0,0,1,0.0,0
0.6666666666666666,0.6666666666666666,4,0.6666666666666666,8,0.78125,12.5,0.7,10.5,1.1767016491754123,140.0,1,4,1.154390451832907,120.0,2.0,1.2639209009952854,0.7491078753076292,24,1.2919274890242176,1.0880586922712827,2.6666666666666665,2.5,37.5,15,16,12,-4.06,-22.36,15.5,2.8,1.1584500394906667,1,6,38,6,0,0,1,0,0,0,1,0,1,0.0,1,0,0.0,1
0.65,0.6,6,0.7,13,1.15,11.5,1.171428571,11.71428571,0.7367809883877936,120.0,1,7,1.1973403408186016,120.0,-0.2142857100000004,1.1624045504129656,0.9867874396135266,34,1.0449937888198757,1.0880586922712827,1.0,1.0,37.0,10,10,20,1.74,-10.46,10.8,1.4,1.1584500394906667,0,10,37,10,0,0,1,0,0,1,1,1,1,0.4,1,1,0.6,1
1.0,1.0,6,1.0,12,1.5952380957142858,11.16666667,1.4375,11.5,1.433108695652174,129.3,1,6,0.6219486642221058,124.0,-0.3333333300000003,0.772524154589372,1.4102055872516233,19,0.5682898550724638,0.6546057479734708,1.1666666666666667,1.3333333333333333,34.0,8,7,12,0.32,-9.879999999999999,7.6,2.6,1.1584500394906667,0,6,34,6,0,0,1,0,1,0,1,0,0,0.0,0,0,0.0,1
0.8333333333333334,0.8333333333333334,5,0.8333333333333334,10,1.240740741111111,11.16666667,0.9636363636363636,10.6,1.4912388027091983,105.9,1,5,1.251728743136964,108.0,0.56666667,1.225328614762386,1.4334342940889107,20,1.2647449755785092,1.3335857352222766,1.5,1.8333333333333333,19.5,11,9,12,2.02,-9.68,11.1,0.6,1.1758672525439406,37,6,38,6,1,1,1,0,1,0,0,0,0,0.0,0,0,0.0,1
0.8,0.8,4,0.8,8,1.53125,12.25,1.5,12.0,0.9177633108579399,131.3,1,4,1.154390451832907,132.0,0.25,1.2639209009952854,1.4102055872516233,18,1.2919274890242176,1.0880586922712827,1.6,1.6,37.5,8,8,10,-3.12,-11.719999999999999,9.4,-0.8,1.1584500394906667,1,5,38,5,0,0,1,0,1,0,1,0,0,0.0,0,1,0.0,1
0.875,0.875,7,0.875,14,1.775,14.2,1.775,14.2,1.543190537084399,129.3,1,7,1.1973403408186016,146.0,0.0,1.1624045504129656,1.4102055872516233,18,1.25372234935164,1.0880586922712827,1.0,1.0,19.0,8,8,16,-1.7,-18.099999999999998,12.7,3.7,1.1584500394906667,36,8,37,8,0,0,1,0,1,0,1,0,0,0.0,0,0,0.0,1
1.0,1.0,6,1.0,12,1.9285714285714286,13.5,1.9047619042857142,13.33333333,1.545408163265306,126.2,1,6,1.1939285714285715,143.0,0.16666666999999968,1.148233215547703,1.225164113785558,21,1.2662162162162163,1.0974803149606298,1.1666666666666667,1.1666666666666667,28.0,7,7,12,1.79,-11.11,12.4,0.5,1.1876220053238686,18,6,37,6,1,1,1,0,0,0,1,0,0,0.0,0,1,0.0,1
0.25,0.0,0,0.5,3,0.0,0.0,1.3030303027272727,14.33333333,1.1767016491754123,170.0,0,3,1.2011857707509879,140.0,-14.33333333,1.1624045504129656,0.7491078753076292,53,1.25701394585726,1.2179619565217392,1.0,1.8333333333333333,1.5,11,6,12,-1.7,-18.099999999999998,12.7,3.7,1.1584500394906667,1,6,2,6,0,0,1,1,0,1,0,1,1,0.0,1,0,0.0,1
1.0,1.0,2,1.0,5,5.5,11.0,4.11111111,12.33333333,1.2130202278539874,137.7,0,3,1.1224184782608695,120.0,-1.3333333300000003,1.204451156505842,0.73904412557989,41,1.117896865520728,1.1229617418778761,1.0,1.0,37.0,3,2,5,1.79,-11.11,12.4,0.5,1.1819062506030606,0,2,37,3,0,0,1,0,0,0,0,1,1,1.0,1,1,1.0,1
0.7,0.8,4,0.6,7,1.8928571428571428,13.25,1.7142857142857142,12.0,1.140246768507638,136.5,1,3,0.5853708439897698,126.0,1.25,0.6634202898550725,1.4334342940889107,18,1.0986103210077205,1.1281060708036075,1.4,1.4,37.0,7,7,10,0.32,-9.879999999999999,7.6,2.6,1.1758672525439406,0,5,37,5,0,0,3,0,1,0,1,0,0,0.0,0,1,0.0,0
1.0,1.0,6,1.0,12,1.84375,14.75,1.796875,14.375,1.433108695652174,135.7,1,6,0.6219486642221058,136.0,0.375,1.245065950170982,1.4102055872516233,19,1.1621739130434783,1.0518115942028985,1.3333333333333333,1.3333333333333333,26.0,8,8,12,0.32,-9.879999999999999,7.6,2.6,1.1584500394906667,8,6,30,6,0,0,2,0,1,0,0,0,0,0.0,0,1,0.0,0
0.9,1.0,5,0.8,9,2.6,13.0,2.1666666666666665,13.0,0.7367809883877936,118.5,1,4,1.1973403408186016,116.0,0.0,1.123776517538332,1.184466819221968,23,1.0449937888198757,1.2799644037630307,1.0,1.2,28.0,6,5,10,0.32,-9.879999999999999,7.6,2.6,1.1584500394906667,18,5,37,5,0,0,2,0,0,0,0,0,1,0.0,0,0,0.0,0
0.875,0.875,7,0.875,14,1.63446428625,13.07571429,1.63446428625,13.07571429,1.547589908749329,127.3,1,7,1.1933908806863316,140.0,0.0,1.1697181559973782,0.7313379542113002,26,1.0901394585726005,1.1019750589821369,1.0,1.0,37.0,8,8,16,1.74,-10.46,10.8,1.4,1.1743905726499018,0,8,37,8,0,0,1,0,0,0,0,1,1,0.0,1,0,0.0,1
0.4,0.0,0,0.8571428571428571,6,0.0,0.0,1.4203703699999999,12.78333333,1.5568619113426172,170.0,1,6,1.3066447908121412,133.1,-12.78333333,1.225328614762386,0.7234823625922888,36,1.302210510906163,1.3335857352222766,1.375,1.2857142857142858,38.0,9,11,15,-0.92,-17.42,16.2,0.3,1.1758672525439406,0,8,38,7,0,0,1,0,0,0,0,1,1,0.0,1,0,0.0,1
0.7,1.0,5,0.4,7,1.425,11.4,0.8214285714285714,11.5,0.8092753623188406,117.6,1,2,1.1990645264164983,130.0,-0.09999999999999964,1.1004459308807135,1.4304347826086956,19,1.2366956521739132,1.052902889872429,1.6,2.8,2.5,14,8,10,-3.12,-11.719999999999999,9.4,-0.8,1.1819062506030606,1,5,3,5,0,0,1,0,1,0,0,0,1,0.0,0,0,0.0,1
0.8333333333333334,0.8333333333333334,5,0.8333333333333334,10,1.375,11.0,1.54166666625,12.33333333,0.8927536231884058,106.1,1,5,1.3003910743041178,112.0,-1.3333333300000003,1.1782208343342142,1.2069998195922786,19,1.218035426731079,1.2742242031788749,1.3333333333333333,1.3333333333333333,10.5,8,8,12,-4.06,-22.36,15.5,2.8,1.1743905726499018,17,6,19,6,0,0,1,0,1,0,0,0,0,0.0,0,1,0.0,1
1.0,1.0,6,1.0,12,2.040816327142857,14.28571429,1.703125,13.625,1.1065804935370154,119.6,1,6,1.0673369565217392,122.0,0.6607142899999996,1.2816864295125163,1.2069998195922786,18,1.1418478260869565,1.2414858951680476,1.1666666666666667,1.3333333333333333,2.0,8,7,12,2.02,-9.68,11.1,0.6,1.1743905726499018,2,6,3,6,0,0,4,0,1,0,0,0,1,0.0,0,1,0.0,0
0.8,0.8,4,0.8,8,1.9583333333333333,11.75,1.6428571428571428,11.5,1.1767016491754123,121.4,1,4,1.2239130434782608,135.0,0.25,1.2639209009952854,1.4102055872516233,21,1.233967927278964,1.0880586922712827,1.2,1.4,28.0,7,6,10,-3.12,-11.719999999999999,9.4,-0.8,1.1584500394906667,18,5,37,5,0,0,1,0,0,0,0,0,1,0.0,0,0,0.0,1
0.8,0.625,5,1.0,12,0.5571428571428572,11.7,1.0779220781818182,11.85714286,1.1362068965517242,159.0,1,7,1.1939285714285715,130.0,-0.15714286000000044,1.148233215547703,0.748,25,1.0831439393939393,1.0974803149606298,2.625,1.5714285714285714,37.0,11,21,15,1.79,-11.11,12.4,0.5,1.1876220053238686,0,8,37,7,0,0,2,0,0,0,1,0,0,0.0,1,1,0.0,0
0.9,0.8,4,1.0,9,1.5,12.0,1.4,12.6,1.2067357512953367,127.7,1,5,1.1939285714285715,142.0,-0.5999999999999996,1.148233215547703,1.4512849162011174,19,1.2868092691622104,1.2365750528541226,1.6,1.8,1.0,9,8,10,-1.7,-18.099999999999998,12.7,3.7,1.1876220053238686,0,5,1,5,0,0,1,0,1,0,1,0,1,0.0,0,1,0.0,1
1.0,1.0,5,1.0,10,3.12,15.6,3.08,15.4,0.8011627906976745,135.6,1,5,1.1939285714285715,152.0,0.1999999999999993,1.3345945945945945,1.4512849162011174,18,1.2662162162162163,1.0974803149606298,1.0,1.0,28.0,5,5,10,-1.7,-18.099999999999998,12.7,3.7,1.1876220053238686,18,5,37,5,0,0,1,0,1,0,0,0,1,0.0,0,1,0.0,1
1.0,1.0,6,1.0,12,2.0,12.0,2.1111111116666668,12.66666667,1.433108695652174,125.6,1,6,1.1973403408186016,141.0,-0.6666666699999997,1.1663749294184076,1.4102055872516233,18,1.2919274890242176,1.2799644037630307,1.0,1.0,28.5,6,6,12,-3.12,-11.719999999999999,9.4,-0.8,1.1584500394906667,19,6,38,6,1,1,1,0,1,0,0,0,0,0.0,0,1,0.0,1
0.0,0.0,0,0.0,0,0.0,0.0,0.0,0.0,1.0632,149.9,1,0,0.6161764705882353,131.0,0.0,1.2770334928229667,1.4512849162011174,18,1.2868092691622104,1.2365750528541226,0.0,0.0,1.0,0,0,0,2.02,-9.68,11.1,0.6,1.1876220053238686,0,0,1,0,0,0,4,0,1,0,0,0,1,0.0,0,1,0.0,0
0.8666666666666667,0.875,7,0.8571428571428571,13,1.5126984122222222,13.61428571,1.69166666625,13.53333333,1.543190537084399,106.8,1,6,1.2013971665852468,112.0,0.08095238000000116,1.1624045504129656,1.4102055872516233,19,1.25372234935164,1.0880586922712827,1.125,1.1428571428571428,19.0,8,9,15,1.79,-11.11,12.4,0.5,1.1584500394906667,36,8,37,7,1,1,2,0,1,0,0,0,0,0.0,0,1,0.0,0
0.5833333333333334,0.5,3,0.6666666666666666,7,0.9393939390909091,10.33333333,0.75,12.0,1.0140521739130435,140.0,1,4,1.1803307676305388,140.0,-1.6666666699999997,1.1051039697542533,0.7234823625922888,35,1.0986103210077205,1.1281060708036075,1.8333333333333333,2.6666666666666665,37.0,16,11,12,0.79,-12.809999999999999,13.9,-0.3,1.1758672525439406,0,6,37,6,0,0,1,0,0,0,0,1,1,0.0,1,0,0.0,1
0.9166666666666666,0.8333333333333334,5,1.0,11,1.28,12.8,2.2222222216666667,13.33333333,1.2768658451522903,118.9,1,6,1.1933908806863316,121.0,-0.5333333299999996,1.3083536883243772,1.4404225006140996,20,1.2643147284489245,1.2742242031788749,1.6666666666666667,1.0,10.0,6,10,12,2.02,-9.68,11.1,0.6,1.1743905726499018,18,6,19,6,0,0,2,0,1,0,0,0,0,0.0,0,1,0.0,0
0.8571428571428571,0.8571428571428571,6,0.8571428571428571,12,1.8238095242857142,12.76666667,1.8238095242857142,12.76666667,1.5717231848623365,138.8,1,6,1.1990645264164983,140.0,0.0,1.318361688720857,1.4304347826086956,19,1.3338955940090156,1.339986123959297,1.0,1.0,38.0,7,7,14,0.32,-9.879999999999999,7.6,2.6,1.1819062506030606,0,7,38,7,0,0,2,0,1,0,0,0,0,0.0,0,1,0.0,0
0.9130434782608695,0.8181818181818182,9,1.0,21,0.7098765433333333,12.77777778,0.8639053253846154,11.23076923,0.9622563718140928,128.2,1,12,1.1081088290210723,133.1,1.5470085499999993,1.123776517538332,1.4102055872516233,20,1.1436586685910157,1.2179619565217392,1.6363636363636365,1.0833333333333333,2.0,13,18,23,2.02,-9.68,11.1,0.6,1.1584500394906667,2,11,3,12,0,0,1,0,1,0,0,0,0,0.2727272727272727,0,1,0.4166666666666667,1
1.0,1.0,6,1.0,12,2.0,14.0,2.2222222216666667,13.33333333,1.545408163265306,146.7,1,6,1.2388505747126437,139.0,0.6666666699999997,1.148233215547703,1.225164113785558,20,1.2662162162162163,1.3434108527131783,1.1666666666666667,1.0,28.5,6,7,12,-4.06,-22.36,15.5,2.8,1.1876220053238686,19,6,38,6,1,1,1,0,1,0,0,0,0,0.0,0,1,0.0,1
0.75,0.7777777777777778,7,0.7142857142857143,12,1.214285714,12.14285714,1.525,12.2,1.3541407867494824,120.0,1,5,1.1973403408186016,120.0,-0.05714285999999902,1.3025204788909892,1.2388849929873773,23,1.233967927278964,1.2179619565217392,1.1111111111111112,1.1428571428571428,10.0,8,10,16,-0.92,-17.42,16.2,0.3,1.1584500394906667,18,9,19,7,0,0,1,0,0,0,0,0,1,0.5555555555555556,0,1,0.2857142857142857,1
0.3,0.4,2,0.2,3,2.8,14.0,1.8571428571428572,13.0,0.683695652173913,120.0,0,1,1.106153846153846,120.0,1.0,1.1960526315789475,0.7888888888888889,40,1.2662162162162163,1.3042389210019267,1.0,1.4,19.0,7,5,10,-1.7,-18.099999999999998,12.7,3.7,1.1876220053238686,0,5,19,5,0,0,1,0,0,0,1,1,1,0.4,1,0,0.2,1
1.0,1.0,8,1.0,15,1.6808641977777778,15.12777778,2.0297959185714283,14.20857143,1.5568619113426172,128.0,1,7,1.251728743136964,138.0,0.9192063500000014,1.197718162195498,1.4334342940889107,19,1.2576025080438908,1.1916457060725836,1.125,1.0,10.0,7,9,15,2.02,-9.68,11.1,0.6,1.1758672525439406,18,8,19,7,0,0,2,0,1,0,1,0,0,0.0,0,1,0.0,0
0.1,0.0,0,0.2,1,0.0,0.0,1.1,11.0,1.0296727924697446,138.6,1,1,1.2127443159154367,162.0,-11.0,1.197718162195498,1.2294441386901487,19,1.2647449755785092,1.3335857352222766,2.6,2.0,19.5,10,13,10,-1.7,-18.099999999999998,12.7,3.7,1.1758672525439406,37,5,38,5,0,0,1,0,1,0,0,0,0,0.0,0,1,0.0,1
1.0,1.0,6,1.0,12,0.8733333333333333,13.1,1.7321428575,13.85714286,1.2021517302573204,132.4,1,6,1.2013971665852468,142.0,-0.7571428600000001,1.245065950170982,1.184466819221968,18,1.1436586685910157,1.0880586922712827,2.5,1.3333333333333333,20.0,8,15,12,1.79,-11.11,12.4,0.5,1.1584500394906667,34,6,37,6,0,0,1,0,1,0,0,0,0,0.0,0,1,0.0,1
0.9166666666666666,0.8333333333333334,5,1.0,11,1.3599999999999999,13.6,1.5079365077777778,13.57142857,1.1542253521126762,125.7,1,6,1.2145569620253165,126.0,0.02857142999999951,1.2994236311239193,1.4512849162011174,20,1.0831439393939393,1.3042389210019267,1.6666666666666667,1.5,28.0,9,10,12,-4.06,-22.36,15.5,2.8,1.1876220053238686,18,6,37,6,0,0,1,0,1,0,1,0,0,0.0,0,0,0.0,1
0.8333333333333334,0.6666666666666666,4,1.0,10,1.6785714285714286,11.75,1.52083333375,12.16666667,1.2768658451522903,100.0,1,6,1.1933908806863316,133.1,-0.4166666699999997,1.1968670076726344,1.3798036465638148,59,1.0901394585726005,1.1019750589821369,1.1666666666666667,1.3333333333333333,37.0,8,7,12,2.02,-9.68,11.1,0.6,1.2709565217391303,0,6,37,6,0,0,1,0,0,0,0,1,0,0.0,1,0,0.0,1
0.9166666666666666,0.8333333333333334,5,1.0,11,1.45,14.5,1.765625,14.125,1.1065804935370154,120.0,1,6,1.1933908806863316,128.0,0.375,1.3083536883243772,1.1509476031215162,19,1.2693138979643126,1.0992070002734482,1.6666666666666667,1.3333333333333333,11.0,8,10,12,2.02,-9.68,11.1,0.6,1.1743905726499018,16,6,19,6,0,0,1,0,1,0,0,0,0,0.0,0,1,0.0,1
1.0,1.0,6,1.0,12,2.25,13.5,2.444444445,14.66666667,1.2768658451522903,140.0,1,6,1.225732834939996,140.0,-1.1666666699999997,1.2021125030704987,0.7131609870740305,25,1.2693138979643126,1.2414858951680476,1.0,1.0,10.0,6,6,12,2.02,-9.68,11.1,0.6,1.1743905726499018,18,6,19,6,0,0,1,0,0,0,0,0,1,0.0,1,0,0.0,1
1.0,1.0,8,1.0,15,1.919375,15.355,1.86484375,14.91875,1.547589908749329,125.8,1,7,1.1933908806863316,134.0,0.43625000000000114,1.1782208343342142,1.4404225006140996,18,1.2693138979643126,1.2742242031788749,1.0,1.1428571428571428,19.0,8,8,15,-4.06,-22.36,15.5,2.8,1.1743905726499018,0,8,19,7,0,0,2,0,1,0,1,0,0,0.0,0,1,0.0,0
0.9166666666666666,0.8333333333333334,5,1.0,11,2.085714285714286,14.6,2.1111111116666668,12.66666667,1.0189981096408318,129.1,1,6,1.1973403408186016,128.0,1.93333333,1.1624045504129656,1.184466819221968,18,1.2919274890242176,1.2767270531400965,1.1666666666666667,1.0,38.0,6,7,12,2.02,-9.68,11.1,0.6,1.1584500394906667,0,6,38,6,0,0,2,0,1,0,1,0,0,0.0,0,1,0.0,0
0.8571428571428571,0.8571428571428571,6,0.8571428571428571,12,1.8952380957142856,13.26666667,1.8952380957142856,13.26666667,1.5796068796068796,132.3,1,6,1.2388505747126437,156.0,0.0,1.148233215547703,1.225164113785558,18,1.2662162162162163,1.0974803149606298,1.0,1.0,28.0,7,7,14,0.32,-9.879999999999999,7.6,2.6,1.1876220053238686,18,7,37,7,1,1,3,0,1,0,0,0,1,0.0,0,1,0.0,0
0.0,0.0,0,0.0,0,0.0,0.0,0.0,0.0,0.9622563718140928,150.0,1,0,1.1081088290210723,150.0,0.0,0.9459469417833456,1.2388849929873773,25,1.394429347826087,1.0794466403162055,0.0,0.0,4.0,0,0,0,-4.06,-22.36,15.5,2.8,1.1584500394906667,0,0,4,0,0,0,1,0,0,0,1,0,1,0.0,1,0,0.0,1
0.9166666666666666,0.8333333333333334,5,1.0,11,0.6974789917647058,11.85714286,1.0757575754545454,11.83333333,1.2130202278539874,140.0,1,6,1.2542082169924211,140.0,0.023809529999999413,1.264619822790027,1.1124779073877695,20,1.100568702990277,1.2050514162006132,2.8333333333333335,1.8333333333333333,2.0,11,17,12,1.79,-11.11,12.4,0.5,1.1819062506030606,2,6,3,6,1,1,1,0,1,0,0,0,0,0.16666666666666666,0,1,0.3333333333333333,1
1.0,1.0,5,1.0,10,1.1666666663636365,12.83333333,1.9428571428571428,13.6,1.0296727924697446,151.1,1,5,1.2821204371076491,156.0,-0.7666666699999993,1.271562304971916,1.4334342940889107,19,1.1213355347642635,1.277410022972858,2.2,1.4,11.0,7,11,10,-0.92,-17.42,16.2,0.3,1.1758672525439406,16,5,19,5,0,0,1,0,1,1,1,0,1,0.0,0,0,0.0,1
0.875,0.875,7,0.875,14,1.0595238091666668,12.71428571,1.0595238091666668,12.71428571,1.543190537084399,130.0,1,7,1.1081088290210723,148.0,0.0,1.1622608695652175,0.7491078753076292,24,1.1436586685910157,1.2799644037630307,1.5,1.5,11.0,12,12,16,-1.7,-18.099999999999998,12.7,3.7,1.1584500394906667,16,8,19,8,0,0,1,0,0,0,0,0,0,0.0,1,0,0.0,1
1.0,1.0,6,1.0,12,2.020408162857143,14.14285714,1.918367347142857,13.42857143,1.3096192836224372,138.4,1,6,1.0702608695652174,144.0,0.7142857100000004,1.225328614762386,1.4334342940889107,18,1.0986103210077205,1.1281060708036075,1.1666666666666667,1.1666666666666667,37.0,7,7,12,0.79,-12.809999999999999,13.9,-0.3,1.1758672525439406,0,6,37,6,0,0,1,0,1,0,1,0,0,0.0,0,0,0.0,1
1.0,1.0,8,1.0,15,1.8096875,14.4775,1.83828125,14.70625,1.543190537084399,128.3,1,7,1.1973403408186016,132.0,-0.22875000000000156,1.2639209009952854,1.184466819221968,19,1.0449937888198757,1.0880586922712827,1.0,1.1428571428571428,37.0,8,8,15,-4.06,-22.36,15.5,2.8,1.1584500394906667,0,8,37,7,1,1,3,0,1,0,0,0,0,0.0,0,1,0.0,0
0.9166666666666666,1.0,6,0.8333333333333334,11,1.5952380957142858,11.16666667,1.1400000000000001,11.4,1.2531772575250835,112.5,1,5,0.6219486642221058,150.0,-0.23333333000000067,0.772524154589372,0.7491078753076292,33,0.5682898550724638,0.6546057479734708,1.1666666666666667,1.6666666666666667,34.0,10,7,12,0.32,-9.879999999999999,7.6,2.6,1.1584500394906667,0,6,34,6,0,0,1,0,0,0,1,1,0,0.16666666666666666,1,0,0.0,1
0.9333333333333333,0.875,7,1.0,14,1.0315584418181818,11.34714286,1.7777551014285715,12.44428571,1.5717231848623365,125.6,1,7,1.2542082169924211,128.0,-1.097142850000001,1.318361688720857,1.4304347826086956,18,1.2470369797307752,1.2921636019934695,1.375,1.0,10.0,7,11,15,1.79,-11.11,12.4,0.5,1.1819062506030606,18,8,19,7,0,0,1,0,1,0,0,0,1,0.0,0,1,0.0,1
1.0,1.0,5,1.0,10,3.5200000000000005,17.6,2.96,14.8,0.6712665406427221,119.5,1,5,1.0813995369179317,124.0,2.8000000000000007,1.151400966183575,1.2294441386901487,20,1.2585507246376813,1.1698757763975156,1.0,1.0,8.0,5,5,10,3.51,-6.790000000000001,8.9,1.4,1.3130434782608695,8,5,12,5,0,0,5,0,1,0,0,0,1,0.0,0,1,0.0,0
0.9,1.0,5,0.8,9,2.4,12.0,1.8928571428571428,13.25,1.1621118012422362,137.1,1,4,1.2125797101449276,149.0,-1.25,1.1803969095591578,1.4404225006140996,18,1.2357226792009401,1.1019750589821369,1.0,1.4,37.5,7,5,10,1.74,-10.46,10.8,1.4,1.1743905726499018,1,5,38,5,1,1,1,0,1,0,1,0,0,0.0,0,1,0.0,1
0.0,0.0,0,0.0,0,0.0,0.0,0.0,0.0,0.9622563718140928,144.2,1,0,1.0242050616482803,155.0,0.0,1.0402415458937198,1.4102055872516233,19,1.394429347826087,1.0820586694604504,0.0,0.0,3.5,0,0,0,-1.7,-18.099999999999998,12.7,3.7,1.1584500394906667,1,0,4,0,0,0,3,0,1,0,1,0,1,0.0,0,1,0.0,0
0.9333333333333333,0.875,7,1.0,14,1.1657954545454545,12.82375,1.5290123455555555,13.76111111,1.5796068796068796,126.2,1,7,1.106153846153846,133.0,-0.9373611099999994,1.1960526315789475,1.4512849162011174,19,1.1182648401826485,1.124342105263158,1.375,1.2857142857142858,3.0,9,11,15,-4.06,-22.36,15.5,2.8,1.1876220053238686,0,8,3,7,0,0,6,0,1,0,1,0,0,0.0,0,1,0.0,0
0.9333333333333333,0.875,7,1.0,14,1.4492063488888889,13.04285714,1.5625,12.5,1.5717231848623365,133.4,1,7,1.2099177438307875,146.0,0.5428571400000006,1.183961352657005,1.2130434782608694,18,1.100568702990277,1.052902889872429,1.125,1.1428571428571428,3.0,8,9,15,0.79,-12.809999999999999,13.9,-0.3,1.1819062506030606,0,8,3,7,0,0,2,0,1,0,0,0,0,0.0,0,1,0.0,0
0.8571428571428571,0.8571428571428571,6,0.8571428571428571,12,2.05,14.35,2.05,14.35,1.547589908749329,127.8,1,6,1.0673369565217392,133.0,0.0,1.1782208343342142,1.1110212335692617,18,1.2643147284489245,1.2742242031788749,1.0,1.0,10.0,7,7,14,0.32,-9.879999999999999,7.6,2.6,1.1743905726499018,18,7,19,7,1,1,4,0,1,0,0,0,0,0.0,0,1,0.0,0
1.0,1.0,5,1.0,10,1.87755102,13.14285714,1.959183672857143,13.71428571,0.7911983032873808,133.9,1,5,1.0813995369179317,130.0,-0.5714285700000001,1.271562304971916,0.7327294685990338,28,1.1213355347642635,1.277410022972858,1.4,1.4,11.0,7,7,10,-0.92,-17.42,16.2,0.3,1.1758672525439406,16,5,19,5,0,0,1,0,0,0,0,1,0,0.0,1,0,0.0,1
0.29411764705882354,0.14285714285714285,1,0.4,5,1.5,12.0,1.15,11.5,1.0067868504772004,100.0,0,4,1.1990645264164983,133.1,0.5,1.204451156505842,0.73904412557989,44,1.117896865520728,1.1229617418778761,1.1428571428571428,1.0,37.0,10,8,17,-4.06,-22.36,15.5,2.8,1.1819062506030606,0,7,37,10,0,0,1,0,0,0,1,1,1,0.14285714285714285,1,0,0.4,1
1.0,1.0,5,1.0,10,1.45,11.6,2.56,12.8,1.0288695652173914,120.6,1,5,1.1933908806863316,122.0,-1.200000000000001,1.3083536883243772,1.4404225006140996,19,1.0901394585726005,1.1019750589821369,1.6,1.0,37.0,5,8,10,-3.12,-11.719999999999999,9.4,-0.8,1.1743905726499018,0,5,37,5,1,1,1,0,1,0,0,0,0,0.0,0,1,0.0,1
0.4666666666666667,0.0,0,1.0,7,0.0,0.0,2.3061224485714287,16.14285714,1.5796068796068796,161.0,1,7,1.2783606557377047,168.0,-16.14285714,1.196590909090909,1.4512849162011174,18,1.2868092691622104,1.2365750528541226,1.125,1.0,1.0,7,9,15,-0.92,-17.42,16.2,0.3,1.1876220053238686,0,8,1,7,0,0,1,0,1,0,1,0,1,0.0,0,1,0.0,1
0.875,0.875,7,0.875,14,1.54053571375,12.32428571,1.54053571375,12.32428571,1.543190537084399,129.5,1,7,1.154390451832907,140.0,0.0,1.2639209009952854,1.4102055872516233,18,1.233967927278964,1.2799644037630307,1.0,1.0,19.0,8,8,16,1.74,-10.46,10.8,1.4,1.1584500394906667,0,8,19,8,0,0,4,0,1,0,1,0,0,0.0,0,1,0.0,0
0.9166666666666666,0.8333333333333334,5,1.0,11,1.4666666666666666,13.2,2.25,13.5,0.8011627906976745,130.4,1,6,1.1939285714285715,132.0,-0.3000000000000007,1.148233215547703,1.4512849162011174,18,1.2662162162162163,1.3434108527131783,1.5,1.0,28.5,6,9,12,3.51,-6.790000000000001,8.9,1.4,1.1876220053238686,19,6,38,6,0,0,1,0,1,0,1,0,1,0.0,0,1,0.0,1
0.6,0.6,3,0.6,6,1.2,12.0,1.0,12.0,0.683695652173913,122.5,1,3,1.2388505747126437,126.0,0.0,1.196590909090909,1.4512849162011174,19,0.94,1.3042389210019267,2.0,2.4,15.5,12,10,10,1.79,-11.11,12.4,0.5,1.1876220053238686,7,5,19,5,0,0,5,0,1,0,0,0,1,0.0,0,1,0.0,0
0.5,0.42857142857142855,3,0.5714285714285714,7,0.8375,11.725,1.0681818181818181,11.75,1.5717231848623365,115.2,1,4,1.3841209829867676,133.1,-0.025000000000000355,1.1834782608695653,0.73904412557989,48,1.117896865520728,1.1229617418778761,2.0,1.5714285714285714,37.0,11,14,14,2.02,-9.68,11.1,0.6,1.1819062506030606,0,7,37,7,0,0,1,0,0,0,0,1,0,0.0,1,0,0.0,1
0.0,0.0,0,0.0,0,0.0,0.0,0.0,0.0,0.6712665406427221,147.6,1,0,1.2821204371076491,130.0,0.0,1.1672994488671158,0.7234823625922888,31,1.1213355347642635,1.146645195920558,0.0,0.0,3.0,0,0,10,1.74,-10.46,10.8,1.4,1.1758672525439406,0,5,3,5,0,0,1,0,0,0,0,1,1,0.0,1,0,0.0,1
1.0,1.0,5,1.0,10,2.84,14.2,2.84,14.2,1.1065804935370154,124.4,1,5,1.2125797101449276,124.0,0.0,1.1697181559973782,1.2069998195922786,19,1.2643147284489245,1.2742242031788749,1.0,1.0,10.0,5,5,10,0.32,-9.879999999999999,7.6,2.6,1.1743905726499018,18,5,19,5,0,0,2,0,1,0,0,0,0,0.0,0,0,0.0,0
0.6666666666666666,0.5,3,0.8333333333333334,8,1.2962962966666667,11.66666667,1.4,12.6,0.8792181890706022,110.4,1,5,1.2099177438307875,116.0,-0.93333333,1.2806596701649176,1.096567505720824,21,1.100568702990277,1.339986123959297,1.5,1.5,20.5,9,9,12,-3.12,-11.719999999999999,9.4,-0.8,1.1819062506030606,35,6,38,6,0,0,4,0,0,0,0,0,0,0.0,0,1,0.0,0
0.9166666666666666,0.8333333333333334,5,1.0,11,0.9814814816666666,11.77777778,1.0259740263636363,11.28571429,1.0663865546218485,140.0,1,6,1.2388505747126437,140.0,0.4920634899999996,1.196590909090909,1.2134920634920636,20,1.2868092691622104,1.2365750528541226,2.0,1.8333333333333333,1.0,11,12,12,-0.92,-17.42,16.2,0.3,1.1876220053238686,0,6,1,6,0,0,1,0,1,0,0,0,1,0.0,0,0,0.0,1
0.8571428571428571,0.8571428571428571,6,0.8571428571428571,12,2.0214285714285714,14.15,2.0214285714285714,14.15,1.5717231848623365,120.5,1,6,1.056521739130435,131.0,0.0,1.1004459308807135,1.4304347826086956,19,1.4363171355498723,1.1278260869565218,1.0,1.0,4.0,7,7,14,0.32,-9.879999999999999,7.6,2.6,1.1819062506030606,0,7,4,7,0,0,1,0,1,0,0,0,0,0.0,0,0,0.0,1
0.16666666666666666,0.0,0,0.3333333333333333,2,0.0,0.0,2.1666666666666665,13.0,1.3761848805327068,121.7,1,2,1.3066447908121412,136.0,-13.0,1.355244411692459,1.2294441386901487,18,1.302210510906163,1.277410022972858,1.0,1.0,28.5,6,6,12,1.79,-11.11,12.4,0.5,1.1758672525439406,19,6,38,6,0,0,1,0,1,0,1,0,0,0.0,0,1,0.0,1
0.75,0.6666666666666666,4,0.8333333333333334,9,1.8125,14.5,2.5,15.0,1.0663865546218485,143.5,1,5,1.1933333333333331,148.0,-0.5,1.19,1.4512849162011174,18,1.2868092691622104,1.3042389210019267,1.3333333333333333,1.0,10.0,6,8,12,3.51,-6.790000000000001,8.9,1.4,1.1876220053238686,18,6,19,6,0,0,1,0,1,1,1,0,1,0.0,0,0,0.0,1
1.0,1.0,8,1.0,16,1.63875,13.11,1.63875,13.11,1.543190537084399,127.5,1,8,1.2013971665852468,145.0,0.0,1.123776517538332,1.3193236714975844,18,1.25372234935164,1.2179619565217392,1.0,1.0,1.0,8,8,16,-3.12,-11.719999999999999,9.4,-0.8,1.1584500394906667,0,8,1,8,0,0,4,0,1,0,1,0,0,0.0,0,1,0.0,0
0.7857142857142857,1.0,7,0.5714285714285714,11,1.8030612242857145,12.62142857,1.0708333333333333,12.85,1.5717231848623365,110.0,1,4,1.2099177438307875,118.0,-0.2285714299999988,1.264619822790027,1.4304347826086956,19,1.2275607958732497,1.2921636019934695,1.0,1.7142857142857142,19.0,12,7,14,2.02,-9.68,11.1,0.6,1.1819062506030606,0,7,19,7,0,0,4,0,1,0,1,0,0,0.0,0,1,0.0,0
0.6666666666666666,0.8333333333333334,5,0.5,8,0.9500000000000001,11.4,0.8717948715384616,11.33333333,1.1065804935370154,162.3,1,3,1.1933908806863316,130.0,0.06666667000000004,1.1782208343342142,0.7313379542113002,36,1.2693138979643126,1.3033971014492753,2.0,2.1666666666666665,28.5,13,12,12,0.79,-12.809999999999999,13.9,-0.3,1.1743905726499018,19,6,38,6,0,0,1,0,0,0,1,1,1,0.0,1,0,0.0,1
0.875,0.875,7,0.875,14,1.49857142875,11.98857143,1.49857142875,11.98857143,1.547589908749329,119.3,1,7,1.1933908806863316,132.0,0.0,1.1782208343342142,1.4404225006140996,19,1.2357226792009401,1.3033971014492753,1.0,1.0,38.0,8,8,16,1.74,-10.46,10.8,1.4,1.1743905726499018,0,8,38,8,0,0,3,0,1,0,1,0,0,0.0,0,1,0.0,0
0.14285714285714285,0.2857142857142857,2,0.0,2,0.9722222225,11.66666667,0.0,0.0,1.1362068965517242,114.0,1,0,1.19,114.0,11.66666667,1.2785714285714285,1.43,20,1.1182648401826485,1.3042389210019267,1.7142857142857142,2.0,11.0,14,12,14,3.51,-6.790000000000001,8.9,1.4,1.395,16,7,19,7,0,0,1,0,1,0,0,0,0,0.0,0,0,0.0,1
0.9166666666666666,0.8333333333333334,5,1.0,11,1.1818181818181819,13.0,1.37037037,12.33333333,1.3309782608695653,127.1,1,6,0.6161764705882353,132.0,0.6666666699999997,0.744776119402985,0.9358381502890174,23,1.2662162162162163,1.3042389210019267,1.8333333333333333,1.5,19.0,9,11,12,0.32,-9.879999999999999,7.6,2.6,1.1876220053238686,0,6,19,6,0,0,2,0,0,0,1,0,1,0.0,0,0,0.0,0
1.0,1.0,6,1.0,12,1.466666667,14.66666667,1.4814814811111112,13.33333333,1.3541407867494824,126.7,1,6,1.1973403408186016,141.0,1.3333333399999994,1.1624045504129656,1.4102055872516233,20,1.0449937888198757,1.0880586922712827,1.6666666666666667,1.5,37.0,9,10,12,-1.7,-18.099999999999998,12.7,3.7,1.1584500394906667,0,6,37,6,1,0,1,0,1,1,1,0,0,0.0,0,1,0.0,1
0.0,0.0,0,0.0,0,0.0,0.0,0.0,0.0,1.0972332015810278,113.9,1,0,1.2362318840579711,124.0,0.0,1.257707509881423,1.4304347826086956,19,1.2470369797307752,1.2921636019934695,0.0,0.0,10.0,0,0,0,0.79,-12.809999999999999,13.9,-0.3,1.1819062506030606,18,0,19,0,0,0,1,0,1,0,0,0,0,0.0,0,1,0.0,1
0.6,0.6,3,0.6,6,1.2962962966666667,11.66666667,1.875,15.0,1.2130202278539874,132.0,1,3,1.1990645264164983,126.0,-3.3333333300000003,1.204451156505842,1.4304347826086956,18,1.3338955940090156,1.2050514162006132,1.8,1.6,19.5,8,9,10,-3.12,-11.719999999999999,9.4,-0.8,1.1819062506030606,37,5,38,5,1,1,3,0,1,0,1,0,0,0.0,0,1,0.0,0
1.0,1.0,6,1.0,12,1.1527777775,13.83333333,2.0952380957142855,14.66666667,1.2130202278539874,128.7,1,6,1.2542082169924211,138.0,-0.8333333399999994,1.2806596701649176,1.4304347826086956,18,1.2470369797307752,1.2050514162006132,2.0,1.1666666666666667,1.0,7,12,12,3.51,-6.790000000000001,8.9,1.4,1.1819062506030606,0,6,1,6,0,0,3,0,1,0,0,0,0,0.0,0,1,0.0,0
0.0,0.0,0,0.0,0,0.0,0.0,0.0,0.0,1.0635714285714286,114.8,0,0,1.2388505747126437,110.0,0.0,1.2770334928229667,1.4512849162011174,18,1.3909090909090909,1.3042389210019267,1.0,1.2,11.5,6,5,10,-1.7,-18.099999999999998,12.7,3.7,1.1876220053238686,15,5,19,5,0,0,2,0,1,0,0,0,1,0.0,0,1,0.0,0
0.7857142857142857,0.8571428571428571,6,0.7142857142857143,11,1.3009259255555556,11.70833333,0.9833333333333334,11.8,1.543190537084399,117.4,1,5,1.1872670807453416,117.0,-0.0916666700000004,1.163858695652174,1.4102055872516233,19,1.233967927278964,1.2799644037630307,1.2857142857142858,1.7142857142857142,19.0,12,9,14,2.02,-9.68,11.1,0.6,1.1584500394906667,0,7,19,7,0,0,1,0,1,0,0,0,0,0.0,0,1,0.0,1
1.0,1.0,5,1.0,10,2.2666666666666666,13.6,2.8,14.0,0.9895400126023945,138.5,1,5,1.1990645264164983,150.0,-0.40000000000000036,1.183961352657005,1.4304347826086956,18,1.117896865520728,1.1229617418778761,1.2,1.0,37.0,5,6,10,1.79,-11.11,12.4,0.5,1.1819062506030606,0,5,37,5,1,1,1,0,1,0,0,0,0,0.0,0,0,0.0,1
0.7142857142857143,0.7142857142857143,5,0.7142857142857143,10,1.26,12.6,1.0999999999999999,12.1,1.5796068796068796,120.0,1,5,1.2783606557377047,130.0,0.5,1.196590909090909,1.0463414634146342,44,1.0831439393939393,1.0974803149606298,1.4285714285714286,1.5714285714285714,37.0,11,10,14,2.02,-9.68,11.1,0.6,1.1876220053238686,0,7,37,7,0,0,1,0,0,0,1,1,1,0.0,1,0,0.0,1
0.5833333333333334,0.5,3,0.6666666666666666,7,0.7857142857142857,11.0,0.8214285714285714,11.5,1.2021517302573204,120.0,1,4,1.1973403408186016,120.0,-0.5,1.1624045504129656,1.2388849929873773,32,1.0449937888198757,1.0880586922712827,2.3333333333333335,2.3333333333333335,37.0,14,14,12,-0.92,-17.42,16.2,0.3,1.1584500394906667,0,6,37,6,0,0,1,0,0,1,1,1,0,0.0,1,1,0.0,1
0.7142857142857143,0.8571428571428571,6,0.5714285714285714,10,1.51458333375,12.11666667,1.1145833333333333,13.375,1.543190537084399,120.1,1,4,1.1621739130434783,126.0,-1.2583333299999993,1.2383399209486166,1.4102055872516233,19,1.25372234935164,1.2799644037630307,1.1428571428571428,1.7142857142857142,10.0,12,8,14,1.79,-11.11,12.4,0.5,1.1584500394906667,18,7,19,7,0,0,3,0,1,0,0,0,0,0.0,0,1,0.0,0
1.0,1.0,5,1.0,10,2.68,13.4,2.2,11.0,0.8455652173913043,160.0,1,5,1.3844319775596072,120.0,2.4000000000000004,1.2806596701649176,0.73904412557989,40,1.2275607958732497,1.1229617418778761,1.0,1.0,28.0,5,5,10,-4.06,-22.36,15.5,2.8,1.1819062506030606,18,5,37,5,0,0,1,0,0,0,0,1,1,0.0,1,0,0.0,1
0.0,0.0,0,0.0,0,0.0,0.0,0.0,0.0,0.8011627906976745,120.0,0,0,0.8071428571428572,133.1,0.0,1.1960526315789475,0.748,41,1.2868092691622104,1.2365750528541226,1.0,1.0,1.0,5,5,10,-1.7,-18.099999999999998,12.7,3.7,1.1876220053238686,0,5,1,5,0,0,1,1,0,1,0,1,1,0.0,1,1,0.0,1
0.4,0.4,2,0.4,4,1.1,11.0,1.1111111111111112,10.0,0.9177633108579399,120.2,1,2,1.1973403408186016,117.0,1.0,1.1624045504129656,1.4102055872516233,20,1.0449937888198757,1.0880586922712827,2.0,1.8,37.0,9,10,10,0.32,-9.879999999999999,7.6,2.6,1.1584500394906667,0,5,37,5,0,0,1,0,1,0,1,0,0,0.0,0,1,0.0,1
0.875,0.875,7,0.875,14,1.66642857125,13.33142857,1.66642857125,13.33142857,1.5568619113426172,124.0,1,7,1.1803307676305388,139.0,0.0,1.151400966183575,1.4334342940889107,18,1.0986103210077205,1.3335857352222766,1.0,1.0,37.5,8,8,16,1.74,-10.46,10.8,1.4,1.1758672525439406,1,8,38,8,1,1,4,0,1,0,1,0,1,0.0,0,1,0.0,0
0.5238095238095238,0.3,3,0.7272727272727273,11,1.1,11.0,0.7013888888888888,12.625,1.433108695652174,112.6,1,8,1.2239130434782608,122.0,-1.625,0.9459469417833456,1.1100414078674947,20,1.233967927278964,1.0820586694604504,1.0,1.6363636363636365,11.0,18,10,21,2.02,-9.68,11.1,0.6,1.1584500394906667,16,10,19,11,0,0,1,0,1,1,0,0,0,0.4,0,0,0.45454545454545453,1
0.0,0.0,0,0.0,0,0.0,0.0,0.0,0.0,1.0411544227886058,170.0,1,0,1.442391304347826,170.0,0.0,1.1968670076726344,0.7313379542113002,47,1.2643147284489245,1.1019750589821369,0.0,1.0,19.0,1,0,7,3.51,-6.790000000000001,8.9,1.4,1.1743905726499018,36,6,37,1,0,0,1,0,0,1,1,1,0,0.0,1,0,0.0,1
0.0,0.0,0,0.0,0,0.0,0.0,0.0,0.0,0.9622563718140928,152.9,1,0,1.2013971665852468,162.0,0.0,1.2639209009952854,1.4102055872516233,18,1.233967927278964,1.2799644037630307,0.0,0.0,19.0,0,0,0,1.79,-11.11,12.4,0.5,1.1584500394906667,0,0,19,0,1,1,1,0,1,0,0,0,0,0.0,0,1,0.0,1
0.8333333333333334,0.8333333333333334,5,0.8333333333333334,10,1.8571428571428572,13.0,1.6857142857142857,11.8,1.3746562616127835,124.8,0,5,1.1990645264164983,123.0,1.1999999999999993,1.1306197964847364,1.4304347826086956,18,1.3338955940090156,1.339986123959297,1.1666666666666667,1.1666666666666667,38.0,7,7,12,3.51,-6.790000000000001,8.9,1.4,1.1819062506030606,0,6,38,6,1,0,1,0,1,0,0,0,0,0.0,0,0,0.0,1
0.9333333333333333,0.875,7,1.0,14,1.108080808181818,12.18888889,1.4913580244444444,13.42222222,1.543190537084399,136.4,1,7,1.1081088290210723,139.0,-1.2333333300000007,1.1663749294184076,1.4102055872516233,19,1.394429347826087,1.2179619565217392,1.375,1.2857142857142858,2.5,9,11,15,-4.06,-22.36,15.5,2.8,1.1584500394906667,3,8,4,7,0,0,2,0,1,0,0,0,0,0.0,0,1,0.0,0
0.0,0.0,0,0.0,0,0.0,0.0,0.0,0.0,0.8265111346765641,105.5,0,0,1.0673369565217392,110.0,0.0,1.1782208343342142,1.4404225006140996,19,1.1418478260869565,1.2742242031788749,0.0,0.0,11.0,0,0,12,2.02,-9.68,11.1,0.6,1.1743905726499018,16,6,19,6,0,0,1,1,1,1,0,0,0,0.0,0,1,0.0,1
0.08333333333333333,0.0,0,0.16666666666666666,1,0.0,0.0,0.7142857142857143,10.0,1.0605978260869566,137.7,0,1,0.5853708439897698,137.0,-10.0,1.355244411692459,1.2294441386901487,19,0.4900869565217391,1.3335857352222766,2.1666666666666665,2.3333333333333335,36.0,14,13,12,0.32,-9.879999999999999,7.6,2.6,1.1758672525439406,4,6,38,6,0,0,1,1,1,1,0,0,0,0.0,0,1,0.0,1
0.0,0.0,0,0.0,0,0.0,0.0,0.0,0.0,1.2413610586011343,96.0,0,0,1.1803307676305388,133.1,0.0,1.355244411692459,0.7234823625922888,50,1.0986103210077205,1.2683229813664596,1.2,1.0,24.0,6,6,11,1.79,-11.11,12.4,0.5,1.1758672525439406,26,5,37,6,0,0,1,1,0,1,0,1,1,0.0,1,0,0.0,1
0.7,0.6,3,0.8,7,1.375,11.0,1.40625,11.25,0.8409172126265634,125.3,1,4,1.1933908806863316,100.0,-0.25,1.1782208343342142,0.7313379542113002,41,1.0901394585726005,1.1019750589821369,1.6,1.6,37.0,8,8,10,0.32,-9.879999999999999,7.6,2.6,1.1743905726499018,0,5,37,5,0,0,1,0,0,0,1,1,1,0.0,1,1,0.0,1
0.75,0.6666666666666666,4,0.8333333333333334,9,1.4,11.2,1.2888888888888888,11.6,1.3761848805327068,128.9,1,5,1.2821204371076491,125.0,-0.40000000000000036,1.271562304971916,1.2294441386901487,18,1.2647449755785092,1.146645195920558,1.3333333333333333,1.5,2.0,9,8,12,3.51,-6.790000000000001,8.9,1.4,1.1758672525439406,2,6,3,6,1,1,4,0,1,0,1,0,0,0.0,0,0,0.0,0
0.8571428571428571,0.7142857142857143,5,1.0,12,1.1439393936363638,12.58333333,1.546875,12.375,1.1606324110671935,106.0,1,7,1.056521739130435,133.1,0.20833333000000032,1.2806596701649176,1.1833540372670808,21,1.100568702990277,1.2921636019934695,1.5714285714285714,1.1428571428571428,11.0,8,11,14,3.51,-6.790000000000001,8.9,1.4,1.1819062506030606,16,7,19,7,0,0,1,0,0,0,0,0,1,0.0,0,1,0.0,1
0.2857142857142857,0.0,0,0.5714285714285714,4,0.0,0.0,1.1416666666666666,13.7,1.547589908749329,130.0,0,4,1.1933908806863316,110.0,-13.7,1.1782208343342142,0.7313379542113002,32,1.0901394585726005,1.1019750589821369,1.0,1.7142857142857142,37.0,12,7,14,-0.92,-17.42,16.2,0.3,1.1743905726499018,0,7,37,7,0,0,1,1,0,1,1,1,0,0.0,1,0,0.0,1
0.0,0.0,0,0.0,0,0.0,0.0,0.0,0.0,1.0632,124.2,0,0,1.1939285714285715,127.0,0.0,1.196590909090909,1.4512849162011174,19,1.2868092691622104,1.2365750528541226,0.0,0.0,1.0,0,0,0,-3.12,-11.719999999999999,9.4,-0.8,1.1876220053238686,0,0,1,0,0,0,4,0,1,0,0,0,0,0.0,0,1,0.0,0
1.0,1.0,5,1.0,10,2.2777777783333333,13.66666667,2.7600000000000002,13.8,0.8409172126265634,138.7,1,5,1.1126654064272212,120.0,-0.13333333000000103,1.1697181559973782,0.7313379542113002,43,1.2357226792009401,1.3033971014492753,1.2,1.0,38.0,5,6,10,1.74,-10.46,10.8,1.4,1.1743905726499018,0,5,38,5,0,0,1,0,0,0,0,1,1,0.0,1,0,0.0,1
0.0,0.0,0,0.0,0,0.0,0.0,0.0,0.0,0.810230179028133,153.8,1,0,1.1933908806863316,120.0,0.0,1.1803969095591578,0.7313379542113002,35,1.2357226792009401,1.2414858951680476,1.1428571428571428,1.2857142857142858,19.5,9,8,14,2.02,-9.68,11.1,0.6,1.1743905726499018,37,7,38,7,0,0,1,0,0,1,0,1,1,0.0,1,0,0.0,1
0.7586206896551724,0.7857142857142857,11,0.7333333333333333,22,0.7757575760000001,11.63636364,0.7212121213333333,10.81818182,0.9177633108579399,125.3,1,11,0.6219486642221058,133.1,0.8181818200000013,0.772524154589372,1.4102055872516233,26,0.5682898550724638,0.6546057479734708,1.0714285714285714,1.0,34.0,15,15,29,0.32,-9.879999999999999,7.6,2.6,1.1584500394906667,0,14,34,15,0,0,1,0,0,0,1,1,1,0.8571428571428571,1,0,0.7333333333333333,1
0.8,0.6,3,1.0,8,1.2045454545454546,13.25,1.5555555555555556,14.0,0.6398191993112355,137.0,1,5,1.1973403408186016,130.0,-0.75,0.9459469417833456,1.4009057971014494,19,1.2919274890242176,1.0820586694604504,2.2,1.8,20.5,9,11,10,0.79,-12.809999999999999,13.9,-0.3,1.3678743961352657,35,5,38,5,0,0,1,0,1,0,0,0,1,0.0,0,1,0.0,1
0.07142857142857142,0.0,0,0.14285714285714285,1,0.0,0.0,0.9285714285714286,13.0,1.547589908749329,115.0,1,1,1.225732834939996,119.0,-13.0,1.1697181559973782,1.4404225006140996,20,1.2643147284489245,1.2414858951680476,2.142857142857143,2.0,1.0,14,15,14,2.02,-9.68,11.1,0.6,1.1743905726499018,0,7,1,7,1,1,6,0,1,0,1,0,1,0.0,0,1,0.0,0
1.0,1.0,8,1.0,15,1.3528925618181817,14.88181818,2.07755102,14.54285714,1.543190537084399,124.3,1,7,1.2011857707509879,140.0,0.33896103999999916,1.1663210702341136,1.4102055872516233,18,1.233967927278964,1.2799644037630307,1.375,1.0,19.0,7,11,15,-0.92,-17.42,16.2,0.3,1.1584500394906667,0,8,19,7,1,1,1,0,1,0,0,0,0,0.0,0,1,0.0,1
1.0,1.0,6,1.0,12,1.7380952385714286,12.16666667,1.9523809528571427,13.66666667,1.3761848805327068,134.9,1,6,1.2821204371076491,139.0,-1.5,1.151400966183575,1.4334342940889107,20,1.2647449755785092,1.277410022972858,1.1666666666666667,1.1666666666666667,10.0,7,7,12,-0.92,-17.42,16.2,0.3,1.1758672525439406,18,6,19,6,0,0,1,0,1,0,0,0,1,0.0,0,1,0.0,1
0.0,0.0,0,0.0,0,0.0,0.0,0.0,0.0,0.9622563718140928,178.3,1,0,1.1081088290210723,188.0,0.0,0.9459469417833456,1.4102055872516233,18,1.1436586685910157,1.0820586694604504,0.0,0.0,3.0,0,0,0,-4.06,-22.36,15.5,2.8,1.1584500394906667,0,0,3,0,0,0,1,0,1,0,1,0,0,0.0,0,1,0.0,1
1.0,1.0,6,1.0,12,1.9523809528571427,13.66666667,2.055555555,12.33333333,1.545408163265306,117.1,1,6,1.1939285714285715,129.0,1.3333333399999994,1.3345945945945945,1.225164113785558,21,1.0831439393939393,1.0974803149606298,1.1666666666666667,1.0,37.0,6,7,12,3.51,-6.790000000000001,8.9,1.4,1.1876220053238686,0,6,37,6,0,0,4,0,0,0,0,0,1,0.0,0,1,0.0,0
1.0,1.0,6,1.0,12,1.9285714285714286,13.5,2.2040816328571426,15.42857143,1.1776659038901602,122.2,1,6,1.2127443159154367,118.0,-1.9285714299999999,1.355244411692459,1.2294441386901487,20,1.2647449755785092,1.3335857352222766,1.1666666666666667,1.1666666666666667,19.5,7,7,12,0.79,-12.809999999999999,13.9,-0.3,1.1758672525439406,37,6,38,6,1,1,5,0,1,0,0,0,0,0.0,0,1,0.0,0
1.0,1.0,8,1.0,16,1.478888888888889,13.31,1.478888888888889,13.31,1.543190537084399,141.3,1,8,1.2013971665852468,144.0,0.0,1.245065950170982,1.4102055872516233,18,1.233967927278964,1.2767270531400965,1.125,1.125,28.5,9,9,16,-3.12,-11.719999999999999,9.4,-0.8,1.1584500394906667,19,8,38,8,1,1,5,0,1,0,0,0,0,0.0,0,1,0.0,0
1.0,1.0,5,1.0,10,0.6764705882352942,11.5,1.185714286,11.85714286,0.8455652173913043,114.8,1,5,1.1990645264164983,133.1,-0.35714285999999973,1.318361688720857,0.73904412557989,50,1.117896865520728,1.1229617418778761,3.4,2.0,37.0,10,17,10,-0.92,-17.42,16.2,0.3,1.1819062506030606,0,5,37,5,0,0,1,0,0,1,0,1,1,0.0,1,0,0.0,1
0.9166666666666666,0.8333333333333334,5,1.0,11,1.6,12.8,2.2222222216666667,13.33333333,1.1065804935370154,122.5,1,6,1.225732834939996,126.0,-0.5333333299999996,1.2816864295125163,1.4404225006140996,19,1.2643147284489245,1.0992070002734482,1.3333333333333333,1.0,2.0,6,8,12,3.51,-6.790000000000001,8.9,1.4,1.1743905726499018,2,6,3,6,0,0,1,0,1,0,0,0,0,0.0,0,1,0.0,1
0.6666666666666666,0.6666666666666666,4,0.6666666666666666,8,0.8541666666666666,10.25,1.0416666666666667,12.5,1.0605978260869566,120.5,1,4,1.251728743136964,118.0,-2.25,1.197718162195498,1.2294441386901487,19,1.2576025080438908,1.1281060708036075,2.0,2.0,28.0,12,12,12,0.32,-9.879999999999999,7.6,2.6,1.1758672525439406,18,6,37,6,0,0,5,0,1,0,1,0,1,0.0,0,1,0.0,0
0.9166666666666666,1.0,6,0.8333333333333334,11,2.1666666666666665,13.0,1.47916666625,11.83333333,1.2531772575250835,134.5,1,5,1.2011857707509879,150.0,1.1666666699999997,1.2639209009952854,0.7491078753076292,28,1.0449937888198757,1.2767270531400965,1.0,1.3333333333333333,37.5,8,6,12,-0.92,-17.42,16.2,0.3,1.1584500394906667,1,6,38,6,0,0,1,0,0,0,0,1,0,0.0,1,0,0.0,1
1.0,1.0,5,1.0,10,1.9722222216666667,11.83333333,1.609375,12.875,0.9177633108579399,119.9,1,5,1.1973403408186016,130.0,-1.0416666699999997,1.2639209009952854,1.184466819221968,19,1.0449937888198757,1.0880586922712827,1.2,1.6,37.0,8,6,10,0.79,-12.809999999999999,13.9,-0.3,1.1584500394906667,0,5,37,5,1,1,1,0,1,0,0,0,0,0.0,0,0,0.0,1
1.0,1.0,6,1.0,12,2.2222222216666667,13.33333333,2.1388888883333332,12.83333333,1.2768658451522903,141.1,1,6,1.2125797101449276,140.0,0.5,1.1559857057772485,1.4404225006140996,18,1.2643147284489245,1.2742242031788749,1.0,1.0,10.0,6,6,12,-3.12,-11.719999999999999,9.4,-0.8,1.1743905726499018,18,6,19,6,0,0,1,0,1,0,0,0,0,0.0,0,1,0.0,1
0.9444444444444444,1.0,7,0.9090909090909091,17,1.8979591842857142,13.28571429,0.7375,11.8,1.2292035398230086,130.0,1,10,0.8071428571428572,133.1,1.4857142899999989,0.8348837209302326,0.9358381502890174,26,1.1583333333333332,1.325,1.0,1.4545454545454546,9.0,16,7,18,0.32,-9.879999999999999,7.6,2.6,1.1876220053238686,0,7,9,11,0,0,1,0,0,0,1,1,0,0.42857142857142855,1,0,0.7272727272727273,1
1.0,1.0,8,1.0,15,1.6328125,13.0625,1.64982142875,13.19857143,1.543190537084399,132.5,1,7,1.1081088290210723,136.0,-0.13607142999999944,0.9459469417833456,1.184466819221968,19,1.1436586685910157,1.0820586694604504,1.0,1.1428571428571428,3.0,8,8,15,2.02,-9.68,11.1,0.6,1.1584500394906667,0,8,3,7,0,0,4,0,1,0,1,0,0,0.0,0,1,0.0,0
1.0,1.0,6,1.0,12,1.93877551,13.57142857,2.5833333333333335,15.5,1.545408163265306,145.9,1,6,1.2388505747126437,150.0,-1.9285714299999999,1.148233215547703,1.2134920634920636,19,1.2868092691622104,1.3434108527131783,1.1666666666666667,1.0,19.5,6,7,12,0.79,-12.809999999999999,13.9,-0.3,1.1876220053238686,37,6,38,6,1,1,1,0,1,0,0,0,0,0.3333333333333333,0,0,0.5,1
0.9166666666666666,0.8333333333333334,5,1.0,11,1.2727272727272727,14.0,1.2777777777777777,11.5,1.545408163265306,124.8,1,6,1.2388505747126437,130.0,2.5,1.155188679245283,1.4512849162011174,18,1.2868092691622104,1.2365750528541226,1.8333333333333333,1.5,1.0,9,11,12,2.02,-9.68,11.1,0.6,1.1876220053238686,0,6,1,6,1,1,1,0,1,0,1,0,0,0.0,0,0,0.0,1
1.0,1.0,6,1.0,12,1.8979591842857142,13.28571429,2.0833333333333335,12.5,1.2830584707646178,121.8,1,6,1.2550901378579005,120.0,0.7857142899999996,1.183961352657005,1.1124779073877695,22,1.2275607958732497,1.1229617418778761,1.1666666666666667,1.0,28.0,6,7,12,1.79,-11.11,12.4,0.5,1.1819062506030606,18,6,37,6,0,0,1,0,0,0,0,0,0,0.3333333333333333,0,1,0.5,1
1.0,1.0,6,1.0,12,1.7857142857142858,12.5,1.7857142857142858,12.5,1.2768658451522903,132.5,1,6,1.0673369565217392,136.0,0.0,1.2816864295125163,1.2069998195922786,19,1.1418478260869565,1.2414858951680476,1.1666666666666667,1.1666666666666667,2.0,7,7,12,1.74,-10.46,10.8,1.4,1.1743905726499018,2,6,3,6,0,0,1,0,1,0,0,0,0,0.0,0,1,0.0,1
0.8571428571428571,0.8571428571428571,6,0.8571428571428571,12,1.80952381,12.66666667,1.80952381,12.66666667,1.5796068796068796,128.8,1,6,1.1939285714285715,129.0,0.0,1.148233215547703,1.4512849162011174,19,1.0831439393939393,1.0974803149606298,1.0,1.0,37.0,7,7,14,0.32,-9.879999999999999,7.6,2.6,1.1876220053238686,0,7,37,7,0,0,5,0,1,0,1,0,0,0.0,0,1,0.0,0
0.0,0.0,0,0.0,0,0.0,0.0,0.0,0.0,1.2359420289855074,115.0,0,0,1.2125797101449276,115.0,0.0,0.8041407867494824,1.2069998195922786,24,1.2693138979643126,1.2414858951680476,2.0,1.0,10.0,5,10,10,1.74,-10.46,10.8,1.4,1.1743905726499018,18,5,19,5,0,0,3,0,0,0,0,0,0,0.0,1,0,0.0,0
0.0,0.0,0,0.0,0,0.0,0.0,0.0,0.0,1.0663372859025033,139.4,1,0,1.0813995369179317,142.0,0.0,1.201176855181432,1.2294441386901487,18,1.1213355347642635,1.1916457060725836,0.0,0.0,2.0,0,0,0,-4.06,-22.36,15.5,2.8,1.1758672525439406,2,0,3,0,1,1,2,0,1,0,0,0,0,0.0,0,1,0.0,0
0.8666666666666667,0.875,7,0.8571428571428571,13,1.275714286,12.75714286,1.67375,13.39,1.547589908749329,128.8,1,6,1.1933908806863316,130.0,-0.6328571400000005,1.1697181559973782,1.2069998195922786,18,1.2693138979643126,1.2414858951680476,1.25,1.1428571428571428,10.0,8,10,15,2.02,-9.68,11.1,0.6,1.1743905726499018,18,8,19,7,0,0,5,0,1,0,0,0,0,0.0,0,1,0.0,0
0.5714285714285714,0.5714285714285714,4,0.5714285714285714,8,0.965,11.58,1.0783333333333334,12.94,1.5796068796068796,127.0,0,4,1.1939285714285715,142.0,-1.3599999999999994,1.148233215547703,1.4512849162011174,21,1.2868092691622104,1.3434108527131783,1.7142857142857142,1.7142857142857142,19.5,12,12,14,1.79,-11.11,12.4,0.5,1.1876220053238686,37,7,38,7,0,0,1,1,0,1,1,0,1,0.0,0,0,0.0,1
1.0,1.0,5,1.0,10,3.3200000000000003,16.6,3.28,16.4,1.0288695652173914,142.8,1,5,1.1933908806863316,140.0,0.20000000000000284,1.1782208343342142,0.7313379542113002,43,1.0901394585726005,1.1019750589821369,1.0,1.0,37.0,5,5,10,0.32,-9.879999999999999,7.6,2.6,1.1743905726499018,0,5,37,5,0,0,1,0,0,0,1,1,0,0.0,1,0,0.0,1
0.0,0.0,0,0.0,0,0.0,0.0,0.0,0.0,1.0140521739130435,119.0,1,0,1.1803307676305388,119.0,0.0,1.201176855181432,0.9819806763285025,23,1.0986103210077205,1.1281060708036075,1.3333333333333333,1.0,37.0,6,8,12,-4.06,-22.36,15.5,2.8,1.1758672525439406,0,6,37,6,0,0,1,0,0,1,0,0,1,0.0,0,0,0.0,1
0.7333333333333333,0.75,6,0.7142857142857143,11,0.9148809525,10.97857143,0.98,12.74,1.5717231848623365,140.0,1,5,1.194817160955946,133.1,-1.7614285699999996,1.318361688720857,0.73904412557989,26,1.3338955940090156,1.2921636019934695,1.5,1.8571428571428572,28.5,13,12,15,-0.92,-17.42,16.2,0.3,1.1819062506030606,19,8,38,7,1,1,1,0,0,0,0,1,0,0.0,1,0,0.0,1
0.0,0.0,0,0.0,0,0.0,0.0,0.0,0.0,1.0808549506759224,120.0,1,0,1.1973403408186016,133.1,0.0,1.1663749294184076,0.7491078753076292,58,1.0449937888198757,1.2799644037630307,1.0,1.5,28.0,9,6,12,0.79,-12.809999999999999,13.9,-0.3,1.1584500394906667,18,6,37,6,0,0,1,0,0,0,0,1,1,0.0,1,0,0.0,1
0.9166666666666666,0.8333333333333334,5,1.0,11,1.8666666666666665,11.2,1.1851851855555555,10.66666667,1.3541407867494824,117.6,1,6,1.2013971665852468,124.0,0.5333333299999996,0.772524154589372,1.184466819221968,20,1.233967927278964,1.2767270531400965,1.0,1.5,28.5,9,6,12,0.32,-9.879999999999999,7.6,2.6,1.1584500394906667,19,6,38,6,0,0,1,0,1,0,0,0,1,0.0,0,1,0.0,1
1.0,1.0,6,1.0,12,2.4722222216666667,14.83333333,2.1190476185714284,14.83333333,1.1767016491754123,139.5,1,6,1.2013971665852468,150.0,0.0,1.2639209009952854,1.4102055872516233,20,1.1436586685910157,1.0880586922712827,1.0,1.1666666666666667,20.0,7,6,12,-1.7,-18.099999999999998,12.7,3.7,1.1584500394906667,34,6,37,6,1,1,1,0,1,0,0,0,1,0.0,0,0,0.0,1
0.8571428571428571,0.8571428571428571,6,0.8571428571428571,12,1.9880952385714286,13.91666667,1.9880952385714286,13.91666667,1.5796068796068796,150.5,1,6,1.1939285714285715,144.0,0.0,1.2770334928229667,1.4512849162011174,20,1.0831439393939393,1.0974803149606298,1.0,1.0,37.0,7,7,14,0.32,-9.879999999999999,7.6,2.6,1.1876220053238686,0,7,37,7,0,0,1,0,1,0,0,0,0,0.0,0,0,0.0,1
0.0,0.0,0,0.0,0,0.0,0.0,0.0,0.0,1.1621118012422362,125.2,1,0,0.7514066496163683,133.1,0.0,0.8828375286041189,1.0102538326212618,21,0.5295313382269904,0.5608695652173913,0.0,0.0,34.0,0,0,12,0.32,-9.879999999999999,7.6,2.6,1.1743905726499018,0,6,34,6,0,0,4,0,0,0,1,0,0,0.0,0,0,0.0,0
0.0,0.0,0,0.0,0,0.0,0.0,0.0,0.0,0.6201419698314108,128.8,1,0,0.5651100375738056,133.1,0.0,0.701041028781384,0.7313379542113002,43,0.5295313382269904,1.1019750589821369,0.0,0.0,35.5,0,0,10,0.32,-9.879999999999999,7.6,2.6,1.1743905726499018,3,5,37,5,0,0,1,0,0,0,1,1,1,0.0,1,1,0.0,1
0.0,0.0,0,0.0,0,0.0,0.0,0.0,0.0,1.5717231848623365,129.9,1,0,1.2550901378579005,140.0,0.0,1.2806596701649176,1.4304347826086956,19,1.2275607958732497,1.339986123959297,0.0,0.0,28.5,0,0,15,-0.92,-17.42,16.2,0.3,1.1819062506030606,19,8,38,7,0,0,1,0,1,0,0,0,0,0.0,0,0,0.0,1
0.8,1.0,5,0.6,8,1.525,12.2,1.41666666625,11.33333333,0.9177633108579399,113.8,1,3,1.2013971665852468,119.0,0.866666669999999,1.1622608695652175,1.4102055872516233,20,1.233967927278964,1.0880586922712827,1.6,1.6,28.0,8,8,10,0.32,-9.879999999999999,7.6,2.6,1.1584500394906667,18,5,37,5,0,0,2,0,1,0,0,0,0,0.0,0,1,0.0,0
0.0,0.0,0,0.0,0,0.0,0.0,0.0,0.0,1.0632,133.9,1,0,1.2783606557377047,137.0,0.0,0.9646551724137932,1.4512849162011174,19,1.2868092691622104,1.124342105263158,0.0,0.0,2.0,0,0,0,-1.7,-18.099999999999998,12.7,3.7,1.1876220053238686,2,0,3,0,0,0,3,0,1,0,0,0,1,0.0,0,1,0.0,0
0.0,0.0,0,0.0,0,0.0,0.0,0.0,0.0,1.5717231848623365,114.3,1,0,1.1990645264164983,110.0,0.0,1.183961352657005,0.73904412557989,41,1.117896865520728,1.1229617418778761,0.0,0.0,37.0,0,0,15,1.74,-10.46,10.8,1.4,1.1819062506030606,0,8,37,7,0,0,1,0,0,0,0,1,0,0.0,1,0,0.0,1
1.0,1.0,8,1.0,15,1.3868055555555554,12.48125,1.4796875,11.8375,1.5717231848623365,128.8,1,7,1.1990645264164983,133.0,0.6437499999999989,1.2806596701649176,1.2130434782608694,18,1.3338955940090156,1.2921636019934695,1.125,1.1428571428571428,28.5,8,9,15,0.79,-12.809999999999999,13.9,-0.3,1.1819062506030606,19,8,38,7,0,0,3,0,1,0,0,0,1,0.0,0,1,0.0,0
0.6,0.6,3,0.6,6,1.8333333333333333,11.0,1.1,11.0,0.6398191993112355,127.3,1,3,1.1973403408186016,142.0,0.0,1.2639209009952854,1.184466819221968,18,1.233967927278964,1.2767270531400965,1.2,2.0,28.5,10,6,10,-0.92,-17.42,16.2,0.3,1.1584500394906667,19,5,38,5,0,0,1,0,1,0,0,0,1,0.0,0,0,0.0,1
0.6666666666666666,1.0,5,0.42857142857142855,8,1.1071428575,13.28571429,0.8666666666666667,13.0,1.2067357512953367,150.0,1,3,1.3634920634920635,150.0,0.2857142899999996,1.2795454545454545,0.9358381502890174,21,1.2932721712538227,1.0974803149606298,2.4,2.142857142857143,37.5,15,12,12,1.74,-10.46,10.8,1.4,1.1876220053238686,1,5,38,7,1,1,1,0,0,0,1,0,0,0.2,0,1,0.2857142857142857,1
0.7,0.6,3,0.8,7,1.033333333,10.33333333,1.125,11.25,1.2067357512953367,129.3,1,4,1.2388505747126437,131.0,-0.9166666699999997,1.1960526315789475,1.225164113785558,19,1.2868092691622104,1.124342105263158,2.0,2.0,2.0,10,10,10,-1.7,-18.099999999999998,12.7,3.7,1.1876220053238686,2,5,3,5,0,0,1,0,1,0,0,0,0,0.0,0,1,0.0,1
1.0,1.0,6,1.0,12,0.8166666666666667,12.25,1.0,13.0,1.2067357512953367,101.3,1,6,1.2388505747126437,133.1,-0.75,0.9646551724137932,1.43,18,1.1182648401826485,1.124342105263158,2.5,2.1666666666666665,3.0,13,15,12,2.02,-9.68,11.1,0.6,1.3535714285714284,0,6,3,6,0,0,1,0,1,0,0,0,0,0.0,0,0,0.0,1
0.2,0.4,2,0.0,2,2.5,12.5,0.0,0.0,0.7367809883877936,118.1,1,0,0.848136645962733,133.1,12.5,0.8200424178154825,0.7491078753076292,39,1.0449937888198757,0.6546057479734708,1.0,1.8,35.5,9,5,10,0.32,-9.879999999999999,7.6,2.6,1.1584500394906667,3,5,37,5,0,0,1,0,0,0,1,1,0,0.0,1,1,0.0,1
0.8333333333333334,0.8333333333333334,5,0.8333333333333334,10,2.1666666666666665,13.0,1.4814814811111112,13.33333333,1.168944099378882,110.1,1,5,1.2099177438307875,116.0,-0.3333333300000003,1.264619822790027,1.4304347826086956,19,1.100568702990277,1.052902889872429,1.0,1.5,3.0,9,6,12,1.79,-11.11,12.4,0.5,1.1819062506030606,0,6,3,6,0,0,1,0,1,0,1,0,1,0.0,0,1,0.0,1
0.8333333333333334,0.6666666666666666,4,1.0,10,1.34375,10.75,1.9722222216666667,11.83333333,1.3541407867494824,118.4,1,6,1.2011857707509879,117.0,-1.0833333300000003,1.1624045504129656,1.4102055872516233,19,1.25372234935164,1.2179619565217392,1.3333333333333333,1.0,1.0,6,8,12,-0.92,-17.42,16.2,0.3,1.1584500394906667,0,6,1,6,0,0,1,0,1,0,0,0,1,0.0,0,0,0.0,1
0.875,0.875,7,0.875,14,1.7891071425,14.31285714,1.7891071425,14.31285714,1.5796068796068796,124.0,1,7,1.2783606557377047,129.0,0.0,1.2994236311239193,1.225164113785558,18,1.2932721712538227,1.3042389210019267,1.0,1.0,28.5,8,8,16,1.74,-10.46,10.8,1.4,1.1876220053238686,19,8,38,8,1,1,2,0,1,0,0,0,0,0.0,0,1,0.0,0
1.0,1.0,8,1.0,15,1.6421875,13.1375,1.7857142857142858,12.5,1.129933110367893,107.1,1,7,1.2127443159154367,112.0,0.6374999999999993,1.1672994488671158,1.2294441386901487,20,1.2647449755785092,1.1916457060725836,1.0,1.0,1.0,7,8,15,1.79,-11.11,12.4,0.5,1.1758672525439406,0,8,1,7,0,0,4,0,1,0,0,0,0,0.0,0,1,0.0,0
0.0,0.0,0,0.0,0,0.0,0.0,0.0,0.0,1.1621118012422362,120.0,0,0,1.225732834939996,133.1,0.0,1.1697181559973782,0.7313379542113002,29,1.2643147284489245,1.2414858951680476,1.6,2.4,1.0,12,8,10,-3.12,-11.719999999999999,9.4,-0.8,1.1743905726499018,0,5,1,5,0,0,1,0,0,0,1,1,1,0.0,1,1,0.0,1
0.7,0.8,4,0.6,7,2.5,12.5,1.80952381,12.66666667,1.1542253521126762,127.2,1,3,1.1939285714285715,131.0,-0.16666666999999968,1.2795454545454545,1.4512849162011174,18,1.0831439393939393,1.0974803149606298,1.0,1.4,37.0,7,5,10,-3.12,-11.719999999999999,9.4,-0.8,1.1876220053238686,0,5,37,5,1,1,1,0,1,0,0,0,0,0.0,0,0,0.0,1
1.0,1.0,6,1.0,12,2.3333333333333335,14.0,2.5833333333333335,15.5,1.331363224637681,128.4,1,6,1.1973403408186016,141.0,-1.5,1.1624045504129656,1.4102055872516233,18,1.2919274890242176,1.2767270531400965,1.0,1.0,38.0,6,6,12,2.02,-9.68,11.1,0.6,1.1584500394906667,0,6,38,6,0,0,1,0,1,0,1,0,0,0.0,0,1,0.0,1
0.75,0.8333333333333334,5,0.6666666666666666,9,1.8333333333333333,11.0,1.9166666666666667,11.5,1.545408163265306,122.1,0,4,1.2388505747126437,135.0,-0.5,1.2795454545454545,1.4512849162011174,19,1.2868092691622104,1.3434108527131783,1.0,1.0,19.5,6,6,12,3.51,-6.790000000000001,8.9,1.4,1.1876220053238686,37,6,38,6,0,0,1,1,1,1,0,0,1,0.0,0,0,0.0,1
1.0,1.0,5,1.0,10,2.48,12.4,2.2333333333333334,13.4,1.0288695652173914,114.5,1,5,1.442391304347826,125.0,-1.0,1.2021125030704987,1.2069998195922786,19,1.2357226792009401,1.3033971014492753,1.0,1.2,38.0,6,5,10,1.79,-11.11,12.4,0.5,1.1743905726499018,0,5,38,5,1,1,2,0,1,0,0,0,0,0.0,0,1,0.0,0
0.5,0.4,2,0.6,5,1.2272727272727273,13.5,1.2222222222222223,11.0,0.8409172126265634,135.8,1,3,1.0673369565217392,150.0,2.5,1.039782608695652,0.7313379542113002,29,1.1418478260869565,0.7983695652173913,2.2,1.8,4.0,9,11,10,-1.7,-18.099999999999998,12.7,3.7,1.1743905726499018,2,5,5,5,0,0,1,0,0,1,1,1,1,0.0,1,0,0.2,1
1.0,1.0,6,1.0,12,1.075,12.9,1.2875,12.875,1.0140521739130435,120.0,1,6,1.1803307676305388,133.1,0.025000000000000355,1.1672994488671158,0.7234823625922888,37,1.2576025080438908,1.1281060708036075,2.0,1.6666666666666667,28.0,10,12,12,-0.92,-17.42,16.2,0.3,1.1758672525439406,18,6,37,6,0,0,1,0,0,1,0,1,0,0.0,1,0,0.0,1
1.0,1.0,6,1.0,12,1.66666666625,13.33333333,1.60416666625,12.83333333,1.2768658451522903,126.3,1,6,1.1933908806863316,127.0,0.5,1.1782208343342142,1.4404225006140996,19,1.2693138979643126,1.1019750589821369,1.3333333333333333,1.3333333333333333,28.0,8,8,12,-4.06,-22.36,15.5,2.8,1.1743905726499018,18,6,37,6,0,0,1,0,1,0,1,0,1,0.0,0,0,0.0,1
0.0,0.0,0,0.0,0,0.0,0.0,0.0,0.0,1.1776659038901602,138.3,0,0,1.1803307676305388,133.1,0.0,1.225328614762386,0.7234823625922888,25,1.302210510906163,1.277410022972858,1.0,1.0,28.5,6,6,12,3.51,-6.790000000000001,8.9,1.4,1.1758672525439406,19,6,38,6,0,0,1,1,0,1,0,0,1,0.0,1,1,0.0,1
0.9166666666666666,0.8333333333333334,5,1.0,11,1.2,12.0,1.58333333375,12.66666667,1.2768658451522903,110.1,1,6,1.225732834939996,116.0,-0.6666666699999997,1.1697181559973782,1.4404225006140996,19,1.2693138979643126,1.2414858951680476,1.6666666666666667,1.3333333333333333,10.0,8,10,12,1.79,-11.11,12.4,0.5,1.1743905726499018,18,6,19,6,1,1,6,0,1,0,1,0,0,0.0,0,1,0.0,0
1.0,1.0,6,1.0,12,1.41666666625,11.33333333,2.055555555,12.33333333,1.4912388027091983,121.0,1,6,1.192080745341615,120.0,-1.0,1.151400966183575,1.156304347826087,21,1.0986103210077205,1.1281060708036075,1.3333333333333333,1.0,37.0,6,8,12,0.79,-12.809999999999999,13.9,-0.3,1.1758672525439406,0,6,37,6,1,1,1,0,0,0,0,0,0,0.3333333333333333,0,0,0.5,1
0.0,0.0,0,0.0,0,0.0,0.0,0.0,0.0,1.433108695652174,125.0,1,0,1.2239130434782608,141.0,0.0,1.1624045504129656,1.1100414078674947,22,1.25372234935164,1.2179619565217392,1.1666666666666667,1.0,1.0,6,7,12,2.02,-9.68,11.1,0.6,1.1584500394906667,0,6,1,6,0,0,1,0,0,0,0,0,1,0.0,0,0,0.0,1
1.0,1.0,6,1.0,12,2.5,15.0,2.1020408157142856,14.71428571,1.3309782608695653,133.2,1,6,1.2145569620253165,137.0,0.2857142899999996,1.2994236311239193,1.4512849162011174,19,1.2868092691622104,1.3042389210019267,1.0,1.1666666666666667,10.0,7,6,12,0.79,-12.809999999999999,13.9,-0.3,1.1876220053238686,18,6,19,6,1,1,2,0,1,0,1,0,0,0.0,0,1,0.0,0
0.875,0.875,7,0.875,14,1.70178571375,13.61428571,1.70178571375,13.61428571,1.543190537084399,127.0,1,7,1.2013971665852468,146.0,0.0,1.1624045504129656,1.0364130434782608,19,1.233967927278964,1.0820586694604504,1.0,1.0,11.0,8,8,16,-1.7,-18.099999999999998,12.7,3.7,1.1584500394906667,16,8,19,8,0,0,1,0,1,0,0,0,1,0.0,0,0,0.0,1
1.0,1.0,6,1.0,12,2.3333333333333335,14.0,1.87755102,13.14285714,1.433108695652174,137.5,1,6,1.2013971665852468,140.0,0.8571428599999997,1.1663210702341136,1.2388849929873773,23,1.25372234935164,1.2179619565217392,1.0,1.1666666666666667,1.0,7,6,12,1.79,-11.11,12.4,0.5,1.2759057971014494,0,6,1,6,1,0,1,0,0,1,0,0,0,0.3333333333333333,0,0,0.5,1
0.75,0.6666666666666666,4,0.8333333333333334,9,1.25,11.25,1.26,12.6,0.901159420289855,112.6,1,5,1.2013971665852468,122.0,-1.3499999999999996,1.1622608695652175,1.2130434782608697,22,1.233967927278964,1.2799644037630307,1.5,1.6666666666666667,19.0,10,9,12,-1.7,-18.099999999999998,12.7,3.7,1.1584500394906667,0,6,19,6,0,0,2,0,0,0,0,0,0,0.0,0,1,0.0,0
0.875,0.875,7,0.875,14,1.80357142875,14.42857143,1.80357142875,14.42857143,1.5568619113426172,130.8,1,7,1.1803307676305388,150.0,0.0,1.151400966183575,0.9819806763285025,21,1.0986103210077205,1.1281060708036075,1.0,1.0,37.0,8,8,16,-1.7,-18.099999999999998,12.7,3.7,1.1758672525439406,0,8,37,8,1,1,1,0,0,0,1,0,0,0.0,0,1,0.0,1
1.0,1.0,7,1.0,16,1.9795918371428571,13.85714286,1.5925925922222222,14.33333333,1.2830584707646178,162.5,1,9,1.1990645264164983,133.1,-0.4761904700000006,1.318361688720857,0.73904412557989,54,1.117896865520728,1.1229617418778761,1.0,1.0,37.0,9,7,16,3.51,-6.790000000000001,8.9,1.4,1.1819062506030606,0,7,37,9,0,0,1,0,0,0,0,1,1,0.2857142857142857,1,0,0.4444444444444444,1
1.0,1.0,8,1.0,16,1.65953125,13.27625,1.65953125,13.27625,1.5717231848623365,135.3,1,8,1.2542082169924211,143.0,0.0,1.189437963944857,1.4304347826086956,18,1.2275607958732497,1.2921636019934695,1.0,1.0,19.0,8,8,16,-3.12,-11.719999999999999,9.4,-0.8,1.1819062506030606,0,8,19,8,0,0,6,0,1,0,1,0,0,0.0,0,1,0.0,0
1.0,1.0,10,1.0,20,1.123076923076923,14.6,1.0454545457142859,14.63636364,0.8455652173913043,130.0,1,10,1.1224184782608695,130.0,-0.03636364000000114,1.1004459308807135,1.0228260869565218,41,1.100568702990277,1.052902889872429,1.3,1.4,3.0,14,13,20,-0.92,-17.42,16.2,0.3,1.1819062506030606,0,10,3,10,0,0,1,0,0,0,1,1,0,0.5,1,0,0.5,1
0.75,0.6666666666666666,4,0.8333333333333334,9,0.618421052631579,11.75,1.266666667,12.66666667,1.2067357512953367,140.0,1,5,1.0786585365853658,140.0,-0.9166666699999997,1.2770334928229667,1.2134920634920636,19,1.1182648401826485,1.2365750528541226,3.1666666666666665,1.6666666666666667,2.0,10,19,12,1.79,-11.11,12.4,0.5,1.1876220053238686,2,6,3,6,0,0,1,0,1,0,0,0,0,0.0,0,1,0.0,1
0.875,0.875,7,0.875,14,1.6621428575,13.29714286,1.6621428575,13.29714286,1.547589908749329,126.3,1,7,1.3003910743041178,141.0,0.0,1.2816864295125163,1.2069998195922786,18,1.2357226792009401,1.1019750589821369,1.0,1.0,37.5,8,8,16,1.74,-10.46,10.8,1.4,1.1743905726499018,1,8,38,8,0,0,4,0,1,0,1,0,0,0.0,0,1,0.0,0
0.5833333333333334,0.5,6,0.6666666666666666,14,0.640350877368421,12.16666667,0.6911764705882353,11.75,0.683695652173913,120.0,0,8,1.1939285714285715,130.0,0.4166666699999997,1.148233215547703,0.9358381502890174,30,1.0831439393939393,1.3434108527131783,1.5833333333333333,1.4166666666666667,37.5,17,19,24,0.32,-9.879999999999999,7.6,2.6,1.1876220053238686,1,12,38,12,0,0,1,1,0,1,1,1,0,0.5,1,0,0.6666666666666666,1
0.0,0.0,0,0.0,0,0.0,0.0,0.0,0.0,1.5796068796068796,135.5,1,0,1.1939285714285715,140.0,0.0,1.2795454545454545,0.748,32,1.0831439393939393,1.0974803149606298,0.0,0.0,37.0,0,0,15,0.79,-12.809999999999999,13.9,-0.3,1.1876220053238686,0,8,37,7,0,0,1,0,0,0,0,1,0,0.0,1,0,0.0,1
1.0,1.0,8,1.0,15,1.818125,14.545,1.66328125,13.30625,1.543190537084399,127.3,1,7,1.2239130434782608,135.0,1.2387499999999996,1.123776517538332,1.184466819221968,18,1.233967927278964,1.2179619565217392,1.0,1.1428571428571428,10.0,8,8,15,-4.06,-22.36,15.5,2.8,1.1584500394906667,18,8,19,7,0,0,2,0,1,0,0,0,0,0.0,0,1,0.0,0
0.8333333333333334,0.8333333333333334,5,0.8333333333333334,10,1.0694444441666666,12.83333333,1.3199999999999998,13.2,0.8792181890706022,128.4,1,5,1.1990645264164983,128.0,-0.366666669999999,1.318361688720857,1.2130434782608694,20,1.3338955940090156,1.339986123959297,2.0,1.6666666666666667,38.0,10,12,12,-3.12,-11.719999999999999,9.4,-0.8,1.1819062506030606,0,6,38,6,1,1,1,0,1,0,0,0,0,0.0,0,1,0.0,1
0.75,0.75,6,0.75,12,1.4175925922222221,12.75833333,1.4175925922222221,12.75833333,1.5717231848623365,130.8,0,6,1.1224184782608695,139.0,0.0,1.1004459308807135,1.4304347826086956,18,1.1834782608695653,1.1834782608695653,1.125,1.125,18.0,9,9,16,-3.12,-11.719999999999999,9.4,-0.8,1.1819062506030606,0,8,18,8,0,0,3,0,1,0,1,0,0,0.0,0,1,0.0,0
0.0,0.0,0,0.0,0,0.0,0.0,0.0,0.0,0.9622563718140928,149.9,0,0,1.2013971665852468,145.0,0.0,1.3025204788909892,1.4102055872516233,19,1.1436586685910157,1.2179619565217392,0.0,0.0,2.0,0,0,0,-0.92,-17.42,16.2,0.3,1.1584500394906667,2,0,3,0,0,0,1,0,1,0,0,0,0,0.0,0,1,0.0,1
1.0,1.0,6,1.0,12,1.4545454545454546,16.0,1.7,17.0,1.49416149068323,149.5,1,6,1.1933908806863316,168.0,-1.0,1.1782208343342142,1.4404225006140996,18,1.0901394585726005,1.1019750589821369,1.8333333333333333,1.6666666666666667,37.0,10,11,12,1.79,-11.11,12.4,0.5,1.1743905726499018,0,6,37,6,0,0,1,0,1,0,1,0,0,0.0,0,0,0.0,1
0.875,0.875,7,0.875,14,1.6858928575,13.48714286,1.6858928575,13.48714286,1.543190537084399,126.5,1,7,1.1973403408186016,144.0,0.0,1.1624045504129656,1.184466819221968,20,1.25372234935164,1.0880586922712827,1.0,1.0,19.0,8,8,16,1.74,-10.46,10.8,1.4,1.1584500394906667,36,8,37,8,1,1,3,0,1,0,1,0,0,0.0,0,1,0.0,0
0.0,0.0,0,0.0,0,0.0,0.0,0.0,0.0,1.0632,122.0,0,0,1.1939285714285715,129.0,0.0,1.148233215547703,1.4512849162011174,22,1.0831439393939393,1.0974803149606298,0.0,0.0,37.0,0,0,0,0.32,-9.879999999999999,7.6,2.6,1.1876220053238686,0,0,37,0,0,0,2,0,0,0,1,0,1,0.0,0,1,0.0,0
0.1,0.0,0,0.2,1,0.0,0.0,2.0,10.0,1.0288695652173914,123.0,1,1,1.2242311770943797,133.1,-10.0,1.2816864295125163,1.1110212335692617,33,1.0901394585726005,1.3033971014492753,1.0,1.0,37.5,5,5,10,0.32,-9.879999999999999,7.6,2.6,1.1743905726499018,1,5,38,5,0,0,1,0,0,0,0,1,1,0.0,1,1,0.0,1
0.8571428571428571,0.8571428571428571,6,0.8571428571428571,12,1.85952381,13.01666667,1.85952381,13.01666667,1.543190537084399,121.5,1,6,1.154390451832907,127.0,0.0,1.2639209009952854,1.4102055872516233,20,1.233967927278964,1.0880586922712827,1.0,1.0,28.0,7,7,14,0.32,-9.879999999999999,7.6,2.6,1.1584500394906667,18,7,37,7,0,0,4,0,1,0,1,0,1,0.0,0,1,0.0,0
0.25,0.0,0,0.5,3,0.0,0.0,1.266666667,12.66666667,0.7799621928166351,150.0,0,3,1.2127443159154367,150.0,-12.66666667,1.225328614762386,1.156304347826087,22,1.2647449755785092,1.1281060708036075,1.1666666666666667,1.6666666666666667,19.0,10,7,12,-4.06,-22.36,15.5,2.8,1.1758672525439406,36,6,37,6,0,0,1,0,0,0,0,0,0,0.0,0,1,0.16666666666666666,1
1.0,1.0,19,1.0,40,0.6731301936842106,12.78947368,0.6009070295238095,12.61904762,0.880909090909091,128.3,1,21,1.2521505376344086,140.0,0.1704260600000005,1.2770334928229667,0.9358381502890174,35,1.1182648401826485,1.2365750528541226,1.0,1.0,2.0,21,19,40,1.79,-11.11,12.4,0.5,1.1876220053238686,2,19,3,21,0,0,1,0,0,0,1,1,0,0.6842105263157895,1,1,0.9047619047619048,1
0.7,0.8,4,0.6,7,1.7142857142857142,12.0,1.54166666625,12.33333333,0.9177633108579399,125.0,1,3,1.2013971665852468,139.0,-0.3333333300000003,1.123776517538332,1.4102055872516233,18,1.233967927278964,1.2915678524374177,1.4,1.6,15.5,8,7,10,0.32,-9.879999999999999,7.6,2.6,1.1584500394906667,7,5,19,5,0,0,6,0,1,0,1,0,0,0.0,0,1,0.0,0
1.0,1.0,8,1.0,15,1.61875,12.95,1.6358928575,13.08714286,1.5796068796068796,133.6,1,7,1.2388505747126437,145.0,-0.13714286000000087,1.3345945945945945,1.214864864864865,18,1.2868092691622104,1.2365750528541226,1.0,1.1428571428571428,1.0,8,8,15,2.02,-9.68,11.1,0.6,1.1876220053238686,0,8,1,7,0,0,3,0,1,0,0,0,0,0.0,0,1,0.0,0
0.8,1.0,5,0.6,8,1.380952381111111,12.42857143,0.895833333125,14.33333333,0.6201419698314108,123.0,1,3,1.1933908806863316,133.1,-1.9047619000000005,1.2816864295125163,0.7313379542113002,28,1.0901394585726005,1.2742242031788749,1.8,3.2,28.0,16,9,10,-3.12,-11.719999999999999,9.4,-0.8,1.1743905726499018,18,5,37,5,1,1,1,0,0,0,0,1,1,0.0,1,0,0.0,1
1.0,1.0,6,1.0,12,2.0833333333333335,12.5,2.1020408157142856,14.71428571,1.0588932806324112,122.3,1,6,1.0673369565217392,137.0,-2.2142857100000004,1.2021125030704987,1.4404225006140996,20,1.2643147284489245,1.3033971014492753,1.0,1.1666666666666667,19.5,7,6,12,3.51,-6.790000000000001,8.9,1.4,1.1743905726499018,37,6,38,6,1,1,2,0,1,0,0,0,1,0.0,0,1,0.0,0
0.4166666666666667,0.3333333333333333,2,0.5,5,1.0,11.0,1.0909090909090908,12.0,0.8011627906976745,140.0,0,3,1.2783606557377047,140.0,-1.0,1.196590909090909,1.2134920634920636,20,1.2662162162162163,1.3042389210019267,1.8333333333333333,1.8333333333333333,19.0,11,11,12,1.79,-11.11,12.4,0.5,1.1876220053238686,0,6,19,6,0,0,1,1,1,1,1,0,0,0.0,0,1,0.16666666666666666,1
0.9166666666666666,1.0,6,0.8333333333333334,11,2.3333333333333335,14.0,1.5,13.5,1.1065804935370154,113.5,1,5,1.2242311770943797,118.0,0.5,1.1782208343342142,1.2069998195922786,19,1.2693138979643126,1.3033971014492753,1.0,1.5,28.5,9,6,12,1.79,-11.11,12.4,0.5,1.1743905726499018,19,6,38,6,1,1,1,0,1,0,0,0,0,0.0,0,1,0.0,1
0.0,0.0,0,0.0,0,0.0,0.0,0.0,0.0,1.0663372859025033,143.8,1,0,1.1803307676305388,135.0,0.0,1.0307911617961512,1.4334342940889107,19,1.2576025080438908,1.0501863354037266,0.0,0.0,11.5,0,0,0,-1.7,-18.099999999999998,12.7,3.7,1.1758672525439406,15,0,19,0,0,0,1,0,1,1,0,0,0,0.0,0,1,0.0,1
0.75,0.8,8,0.7,15,1.2,12.0,0.9285714283333334,11.14285714,0.7509316770186336,113.5,1,7,1.1939285714285715,133.1,0.8571428599999997,1.2994236311239193,0.9358381502890174,32,1.0831439393939393,1.0974803149606298,1.0,1.2,37.0,12,10,20,1.74,-10.46,10.8,1.4,1.1876220053238686,0,10,37,10,1,1,1,0,0,0,0,1,0,0.4,1,0,0.3,1
0.8,0.875,7,0.7142857142857143,12,1.3547619044444443,12.19285714,1.5388888888888888,13.85,1.5796068796068796,150.0,1,5,1.2783606557377047,127.0,-1.6571428600000004,1.148233215547703,1.0463414634146342,19,1.2662162162162163,1.2365750528541226,1.125,1.2857142857142858,10.0,9,9,15,2.02,-9.68,11.1,0.6,1.1876220053238686,18,8,19,7,1,1,1,0,1,0,0,0,0,0.0,0,0,0.0,1
0.0,0.0,0,0.0,0,0.0,0.0,0.0,0.0,0.7911983032873808,111.7,1,0,0.8501863354037267,147.0,0.0,0.8821256038647343,0.7234823625922888,28,0.4900869565217391,0.5699488491048593,1.0,2.0,34.0,10,5,10,0.32,-9.879999999999999,7.6,2.6,1.1758672525439406,0,5,34,5,0,0,1,0,0,0,1,1,0,0.0,1,1,0.0,1
1.0,1.0,6,1.0,12,1.4375,11.5,2.0833333333333335,12.5,1.3541407867494824,130.8,1,6,1.2013971665852468,136.0,-1.0,1.1622608695652175,1.184466819221968,20,1.25372234935164,1.0880586922712827,1.3333333333333333,1.0,19.0,6,8,12,1.74,-10.46,10.8,1.4,1.1584500394906667,36,6,37,6,0,0,1,0,1,0,0,0,0,0.0,0,0,0.0,1
1.0,1.0,6,1.0,12,2.055555555,12.33333333,2.0277777783333333,12.16666667,1.4912388027091983,129.4,1,6,1.1803307676305388,135.0,0.16666666000000063,1.271562304971916,1.4334342940889107,18,1.2647449755785092,1.3335857352222766,1.0,1.0,19.5,6,6,12,1.74,-10.46,10.8,1.4,1.1758672525439406,37,6,38,6,0,0,5,0,1,1,0,0,0,0.0,0,0,0.0,0
1.0,1.0,5,1.0,12,2.68,13.4,1.625,13.0,1.0138095238095237,130.0,1,7,1.1939285714285715,130.0,0.40000000000000036,1.2770334928229667,1.2134920634920636,20,1.2662162162162163,1.2365750528541226,1.0,1.1428571428571428,10.0,8,5,12,2.02,-9.68,11.1,0.6,1.1876220053238686,18,5,19,7,1,1,1,0,1,0,0,0,0,0.4,0,0,0.5714285714285714,1
0.0,0.0,0,0.0,0,0.0,0.0,0.0,0.0,0.8409172126265634,140.0,0,0,1.1933908806863316,140.0,0.0,1.1803969095591578,0.7313379542113002,37,1.0901394585726005,1.1019750589821369,1.0,1.0,37.0,5,5,10,-4.06,-22.36,15.5,2.8,1.1743905726499018,0,5,37,5,0,0,1,0,0,0,0,1,0,0.0,1,0,0.0,1
0.8666666666666667,0.875,7,0.8571428571428571,13,1.13012987,12.43142857,1.0904040400000001,11.99444444,1.5568619113426172,128.8,1,6,1.1803307676305388,133.0,0.436984129999999,1.151400966183575,1.4334342940889107,18,1.302210510906163,1.3335857352222766,1.375,1.5714285714285714,38.0,11,11,15,-4.06,-22.36,15.5,2.8,1.1758672525439406,0,8,38,7,1,1,6,0,1,0,1,0,0,0.0,0,1,0.0,0
0.75,0.5,3,1.0,9,1.0606060609090908,11.66666667,1.5102040814285715,10.57142857,1.0635714285714286,117.5,1,6,1.2783606557377047,121.0,1.0952380999999995,1.3345945945945945,1.4512849162011174,18,1.2662162162162163,1.3042389210019267,1.8333333333333333,1.1666666666666667,19.0,7,11,12,-0.92,-17.42,16.2,0.3,1.1876220053238686,0,6,19,6,0,0,1,0,1,0,0,0,0,0.0,0,1,0.0,1
1.0,1.0,6,1.0,12,1.9722222216666667,11.83333333,2.1111111116666668,12.66666667,1.3096192836224372,129.8,1,6,1.2821204371076491,135.0,-0.8333333399999994,1.271562304971916,1.152445652173913,18,1.2647449755785092,1.1916457060725836,1.0,1.0,1.0,6,6,12,-1.7,-18.099999999999998,12.7,3.7,1.1758672525439406,0,6,1,6,1,1,1,0,1,0,1,0,0,0.0,0,0,0.0,1
0.0,0.0,0,0.0,0,0.0,0.0,0.0,0.0,1.49416149068323,101.0,1,0,1.1126654064272212,133.1,0.0,1.2816864295125163,1.4404225006140996,21,1.2693138979643126,1.2414858951680476,0.0,0.0,10.0,0,0,12,-4.06,-22.36,15.5,2.8,1.1743905726499018,18,6,19,6,0,0,1,0,0,0,0,0,0,0.0,0,0,0.0,1
1.0,1.0,6,1.0,12,1.87755102,13.14285714,1.75,14.0,1.1065804935370154,132.6,1,6,1.225732834939996,141.0,-0.8571428599999997,1.1697181559973782,1.4404225006140996,18,1.2643147284489245,1.2742242031788749,1.1666666666666667,1.3333333333333333,10.0,8,7,12,2.02,-9.68,11.1,0.6,1.1743905726499018,18,6,19,6,1,1,1,0,1,0,1,0,0,0.0,0,0,0.0,1
0.0,0.0,0,0.0,0,0.0,0.0,0.0,0.0,0.8455652173913043,118.4,0,0,0.664626945786366,133.1,0.0,0.7802142407057341,0.73904412557989,39,0.584463768115942,0.6530292230933714,1.0,1.0,34.0,5,5,10,0.32,-9.879999999999999,7.6,2.6,1.1819062506030606,0,5,34,5,0,0,1,0,0,0,1,1,0,0.0,1,0,0.0,1
0.8666666666666667,0.875,7,0.8571428571428571,13,1.0184523808333334,12.22142857,1.64166666625,13.13333333,1.5796068796068796,114.9,1,6,1.1939285714285715,125.0,-0.9119047599999988,1.148233215547703,1.4512849162011174,18,1.2662162162162163,1.3042389210019267,1.5,1.1428571428571428,19.0,8,12,15,-0.92,-17.42,16.2,0.3,1.1876220053238686,0,8,19,7,0,0,2,0,1,0,1,0,0,0.0,0,0,0.0,0
0.8571428571428571,0.8571428571428571,6,0.8571428571428571,12,1.64583333375,13.16666667,1.15,11.5,0.8310789049919485,95.0,0,6,1.1803307676305388,133.1,1.6666666699999997,1.151400966183575,1.4334342940889107,22,1.2576025080438908,1.1281060708036075,1.1428571428571428,1.4285714285714286,28.0,10,8,14,2.02,-9.68,11.1,0.6,1.1758672525439406,18,7,37,7,0,0,1,1,0,1,1,0,0,0.0,0,1,0.0,1
0.4166666666666667,0.3333333333333333,2,0.5,5,1.5714285714285714,11.0,1.7142857142857142,12.0,0.6712665406427221,111.3,1,3,1.2127443159154367,138.7,-1.0,1.271562304971916,0.7234823625922888,27,1.2647449755785092,1.1698757763975156,1.1666666666666667,1.1666666666666667,6.5,7,7,12,0.79,-12.809999999999999,13.9,-0.3,1.1758672525439406,11,6,12,6,0,0,1,0,0,0,0,1,1,0.3333333333333333,1,0,0.16666666666666666,1
0.8333333333333334,1.0,6,0.6666666666666666,10,2.194444445,13.16666667,1.46875,11.75,1.0635714285714286,122.6,0,4,1.1939285714285715,125.0,1.4166666699999997,1.3345945945945945,1.225164113785558,20,1.0831439393939393,1.0974803149606298,1.0,1.3333333333333333,37.0,8,6,12,2.02,-9.68,11.1,0.6,1.1876220053238686,0,6,37,6,0,0,2,1,1,1,0,0,0,0.0,0,1,0.0,0
1.0,1.0,6,1.0,12,2.6111111116666668,15.66666667,2.3673469385714285,16.57142857,1.1776659038901602,153.9,1,6,1.251728743136964,157.0,-0.9047618999999987,1.0307911617961512,1.4334342940889107,18,1.1213355347642635,1.146645195920558,1.0,1.1666666666666667,3.0,7,6,12,0.79,-12.809999999999999,13.9,-0.3,1.1758672525439406,0,6,3,6,0,0,2,0,1,0,0,0,0,0.0,0,1,0.0,0
0.0,0.0,0,0.0,0,0.0,0.0,0.0,0.0,0.8310789049919485,117.1,1,0,0.5853708439897698,133.1,0.0,1.271562304971916,1.2294441386901487,21,0.4900869565217391,1.277410022972858,2.0,2.0,26.5,12,12,12,0.32,-9.879999999999999,7.6,2.6,1.1758672525439406,15,6,34,6,1,1,1,0,0,0,0,0,0,0.0,0,1,0.0,1
1.0,1.0,6,1.0,12,1.4259259255555556,12.83333333,1.6875,13.5,1.49416149068323,120.0,1,6,1.1933908806863316,128.0,-0.6666666699999997,1.1782208343342142,1.4404225006140996,18,1.2693138979643126,1.2742242031788749,1.5,1.3333333333333333,19.0,8,9,12,2.02,-9.68,11.1,0.6,1.1743905726499018,0,6,19,6,1,1,1,0,1,0,1,0,0,0.0,0,0,0.0,1
0.875,0.875,7,0.875,14,1.1735064936363637,12.90857143,1.1735064936363637,12.90857143,1.5568619113426172,128.0,1,7,1.251728743136964,144.0,0.0,1.355244411692459,1.4334342940889107,18,1.302210510906163,1.3335857352222766,1.375,1.375,38.0,11,11,16,1.74,-10.46,10.8,1.4,1.1758672525439406,0,8,38,8,1,1,3,0,1,0,0,0,0,0.0,0,1,0.0,0
0.5,0.2857142857142857,2,0.7142857142857143,7,1.9142857142857144,13.4,1.1054545454545455,12.16,1.5796068796068796,121.1,1,5,1.2388505747126437,127.0,1.2400000000000002,1.2994236311239193,0.9358381502890174,18,1.2662162162162163,1.3042389210019267,1.0,1.5714285714285714,19.0,11,7,14,-0.92,-17.42,16.2,0.3,1.1876220053238686,0,7,19,7,1,1,1,0,1,0,0,0,0,0.0,0,0,0.0,1
1.0,1.0,8,1.0,15,1.859375,14.875,1.646875,13.175,1.547589908749329,129.8,1,7,1.1933908806863316,135.0,1.6999999999999993,1.1697181559973782,1.2069998195922786,18,1.2693138979643126,1.2742242031788749,1.0,1.1428571428571428,19.0,8,8,15,0.79,-12.809999999999999,13.9,-0.3,1.1743905726499018,0,8,19,7,0,0,2,0,1,0,0,0,0,0.0,0,1,0.0,0
0.9166666666666666,0.8333333333333334,5,1.0,11,1.7,13.6,2.2777777783333333,13.66666667,1.1542253521126762,121.6,1,6,1.2783606557377047,130.0,-0.06666667000000004,1.196590909090909,1.225164113785558,18,1.1182648401826485,1.3042389210019267,1.3333333333333333,1.0,11.0,6,8,12,3.51,-6.790000000000001,8.9,1.4,1.1876220053238686,16,6,19,6,0,0,1,0,1,0,1,0,0,0.0,0,0,0.0,1
1.0,1.0,6,1.0,12,1.80952381,12.66666667,2.0833333333333335,12.5,1.331363224637681,134.1,1,6,1.1973403408186016,146.0,0.16666666999999968,1.2639209009952854,1.4102055872516233,18,1.2919274890242176,1.2767270531400965,1.1666666666666667,1.0,38.0,6,7,12,1.74,-10.46,10.8,1.4,1.1584500394906667,0,6,38,6,1,1,3,0,1,0,0,0,1,0.0,0,1,0.0,0
0.0,0.0,0,0.0,0,0.0,0.0,0.0,0.0,0.9982473879339401,126.0,1,0,1.2125797101449276,134.0,0.0,1.1803969095591578,1.4404225006140996,18,1.2693138979643126,1.1019750589821369,0.0,0.0,28.0,0,0,0,-3.12,-11.719999999999999,9.4,-0.8,1.1743905726499018,18,0,37,0,1,1,6,0,1,0,1,0,0,0.0,0,1,0.0,0
0.8333333333333334,0.8333333333333334,5,0.8333333333333334,10,2.3666666666666667,14.2,2.085714285714286,14.6,1.3746562616127835,168.5,1,5,1.1990645264164983,152.0,-0.40000000000000036,1.1004459308807135,1.4304347826086956,21,1.2366956521739132,1.2050514162006132,1.0,1.1666666666666667,1.5,7,6,12,-0.92,-17.42,16.2,0.3,1.0758893280632411,1,6,2,6,0,0,2,0,0,0,0,0,1,0.0,0,1,0.0,0
0.875,0.875,7,0.875,14,1.88875,15.11,1.88875,15.11,1.5796068796068796,126.0,1,7,1.2388505747126437,136.0,0.0,1.196590909090909,1.225164113785558,19,1.0831439393939393,1.3434108527131783,1.0,1.0,37.5,8,8,16,1.74,-10.46,10.8,1.4,1.1876220053238686,1,8,38,8,0,0,3,0,1,0,0,0,0,0.0,0,1,0.0,0
1.0,1.0,5,1.0,10,1.5873015877777776,14.28571429,2.02083333375,16.16666667,1.2130202278539874,162.1,1,5,1.056521739130435,160.0,-1.8809523800000019,1.1306197964847364,1.4304347826086956,18,1.4363171355498723,1.2921636019934695,1.8,1.6,11.5,8,9,10,-3.12,-11.719999999999999,9.4,-0.8,1.1819062506030606,15,5,19,5,0,0,2,0,1,0,0,0,0,0.0,0,1,0.0,0
0.0,0.0,0,0.0,0,0.0,0.0,0.0,0.0,1.4912388027091983,109.1,0,0,1.1803307676305388,115.0,0.0,1.1051039697542533,1.4334342940889107,22,1.2647449755785092,1.1916457060725836,0.0,0.0,1.0,0,0,12,1.79,-11.11,12.4,0.5,1.1758672525439406,0,6,1,6,1,0,1,1,0,1,0,0,0,0.0,0,1,0.0,1
1.0,1.0,6,1.0,12,1.8979591842857142,13.28571429,1.52083333375,12.16666667,1.433108695652174,115.7,1,6,1.1973403408186016,123.0,1.11904762,1.1624045504129656,1.184466819221968,21,1.25372234935164,1.2179619565217392,1.1666666666666667,1.3333333333333333,1.0,8,7,12,2.02,-9.68,11.1,0.6,1.1584500394906667,0,6,1,6,0,0,1,0,0,0,1,0,0,0.0,0,1,0.0,1
0.5,0.6,3,0.4,5,1.2121212118181819,13.33333333,1.3125,10.5,0.9177633108579399,131.8,1,2,1.1973403408186016,130.0,2.8333333300000003,1.1624045504129656,1.4102055872516233,19,1.233967927278964,1.0880586922712827,2.2,1.6,28.0,8,11,10,0.32,-9.879999999999999,7.6,2.6,1.1584500394906667,18,5,37,5,1,1,1,0,1,0,1,0,0,0.0,0,1,0.0,1
1.0,1.0,5,1.0,10,2.6399999999999997,13.2,2.3600000000000003,11.8,0.8092753623188406,129.3,1,5,1.1990645264164983,145.0,1.3999999999999986,1.318361688720857,1.2130434782608694,19,1.3338955940090156,1.1229617418778761,1.0,1.0,37.5,5,5,10,1.74,-10.46,10.8,1.4,1.1819062506030606,1,5,38,5,0,0,1,0,1,0,0,0,0,0.0,0,1,0.0,1
0.0,0.0,0,0.0,0,0.0,0.0,0.0,0.0,0.683695652173913,100.0,1,0,1.1939285714285715,133.1,0.0,1.148233215547703,0.748,36,1.0831439393939393,1.0974803149606298,0.0,0.0,37.0,0,0,10,-0.92,-17.42,16.2,0.3,1.1876220053238686,0,5,37,5,0,0,1,0,0,0,1,1,1,0.0,1,0,0.0,1
0.8571428571428571,0.8571428571428571,6,0.8571428571428571,12,1.9976190471428572,13.98333333,1.9976190471428572,13.98333333,1.547589908749329,135.8,1,6,1.2125797101449276,146.0,0.0,1.2021125030704987,1.2069998195922786,18,1.2693138979643126,1.1019750589821369,1.0,1.0,28.0,7,7,14,0.32,-9.879999999999999,7.6,2.6,1.1743905726499018,18,7,37,7,0,0,4,0,1,0,0,0,0,0.0,0,1,0.0,0
1.0,1.0,6,1.0,12,1.9285714285714286,13.5,2.4166666666666665,14.5,1.3723199468967806,123.7,1,6,1.1933908806863316,116.0,-1.0,1.1782208343342142,1.2069998195922786,20,1.2357226792009401,1.3033971014492753,1.1666666666666667,1.0,38.0,6,7,12,2.02,-9.68,11.1,0.6,1.1743905726499018,0,6,38,6,0,0,1,0,1,0,1,0,0,0.0,0,0,0.0,1
0.0,0.0,0,0.0,0,0.0,0.0,0.0,0.0,0.9177633108579399,140.0,1,0,1.1973403408186016,133.1,0.0,1.1624045504129656,0.7491078753076292,29,1.0449937888198757,1.0880586922712827,0.0,0.0,37.0,0,0,10,-3.12,-11.719999999999999,9.4,-0.8,1.1584500394906667,0,5,37,5,0,0,1,0,0,0,1,1,1,0.0,1,0,0.0,1
1.0,1.0,17,1.0,34,0.7134072021052632,13.55473684,0.6378446114285714,13.39473684,1.543190537084399,134.3,1,17,1.2239130434782608,100.0,0.16000000000000014,1.2639209009952854,0.973494983277592,28,1.233967927278964,1.0880586922712827,1.1176470588235294,1.2352941176470589,28.0,21,19,34,-0.92,-17.42,16.2,0.3,1.1584500394906667,18,17,37,17,0,0,1,0,0,0,0,1,0,0.6470588235294118,1,1,0.7058823529411765,1
0.875,0.875,7,0.875,14,1.85357142875,14.82857143,1.85357142875,14.82857143,1.543190537084399,140.0,1,7,1.1081088290210723,146.0,0.0,1.3025204788909892,1.184466819221968,18,1.394429347826087,1.2179619565217392,1.0,1.0,2.5,8,8,16,-1.7,-18.099999999999998,12.7,3.7,1.1584500394906667,3,8,4,8,0,0,4,0,1,0,0,0,0,0.0,0,1,0.0,0
0.7931034482758621,0.7857142857142857,11,0.8,23,0.541125540952381,11.36363636,0.4583333333333333,11.0,0.8409172126265634,126.5,0,12,1.1933908806863316,130.0,0.3636363599999992,1.1697181559973782,1.0102538326212618,23,1.0901394585726005,1.1505314009661836,1.5,1.6,19.5,24,21,29,0.32,-9.879999999999999,7.6,2.6,1.1743905726499018,35,14,37,15,0,0,1,0,0,0,0,0,1,0.7142857142857143,0,1,0.6666666666666666,1
1.0,1.0,6,1.0,12,2.5,15.0,2.305555555,13.83333333,1.0138998682476945,109.3,1,6,1.194817160955946,111.0,1.1666666699999997,1.318361688720857,1.4304347826086956,20,1.2470369797307752,1.2921636019934695,1.0,1.0,10.0,6,6,12,2.02,-9.68,11.1,0.6,1.1819062506030606,18,6,19,6,1,1,2,0,1,0,0,0,0,0.0,0,1,0.0,0
1.0,1.0,6,1.0,12,1.55357142875,12.42857143,2.194444445,13.16666667,1.1767016491754123,135.9,1,6,1.2013971665852468,131.0,-0.7380952399999998,1.2639209009952854,1.4102055872516233,18,1.25372234935164,1.2799644037630307,1.3333333333333333,1.0,10.0,6,8,12,3.51,-6.790000000000001,8.9,1.4,1.1584500394906667,18,6,19,6,1,1,2,0,1,0,0,0,0,0.0,0,1,0.0,0
0.0,0.0,0,0.0,0,0.0,0.0,0.0,0.0,0.6201419698314108,140.0,0,0,1.1933908806863316,140.0,0.0,1.1782208343342142,0.7313379542113002,34,0.5295313382269904,0.5608695652173913,1.0,1.0,34.0,5,5,10,-4.06,-22.36,15.5,2.8,1.1743905726499018,0,5,34,5,0,0,1,0,0,0,1,1,1,0.0,1,0,0.0,1
0.1111111111111111,0.0,0,0.2,1,0.0,0.0,1.3333333333333333,12.0,1.2067357512953367,130.0,0,1,1.106153846153846,130.0,-12.0,1.1960526315789475,0.7888888888888889,28,1.1182648401826485,1.124342105263158,2.5,1.8,3.0,9,10,9,1.74,-10.46,10.8,1.4,1.1876220053238686,0,4,3,5,0,0,2,0,0,0,1,1,0,0.0,1,0,0.0,0
0.4166666666666667,0.6666666666666666,4,0.16666666666666666,5,1.0,11.0,1.0,11.0,1.3761848805327068,122.5,1,1,1.2127443159154367,133.0,0.0,1.0307911617961512,1.4555900621118012,18,1.2647449755785092,1.146645195920558,1.8333333333333333,1.8333333333333333,2.0,11,11,12,0.32,-9.879999999999999,7.6,2.6,1.1758672525439406,2,6,3,6,0,0,2,0,1,0,0,0,0,0.0,0,1,0.0,0
1.0,1.0,6,1.0,12,2.4166666666666665,14.5,2.305555555,13.83333333,1.2840579710144928,121.5,1,6,1.2542082169924211,125.0,0.6666666699999997,1.318361688720857,1.1833540372670808,19,1.2470369797307752,1.2050514162006132,1.0,1.0,1.0,6,6,12,3.51,-6.790000000000001,8.9,1.4,1.1819062506030606,0,6,1,6,0,0,1,0,1,0,0,0,1,0.0,0,1,0.0,1
0.875,0.875,7,0.875,14,1.6658928575,13.32714286,1.6658928575,13.32714286,1.5717231848623365,141.5,0,7,1.1990645264164983,140.0,0.0,1.204451156505842,1.4304347826086956,19,1.117896865520728,1.1229617418778761,1.0,1.0,37.0,8,8,16,1.74,-10.46,10.8,1.4,1.1819062506030606,0,8,37,8,0,0,3,1,1,1,1,0,0,0.0,0,1,0.0,0
0.9166666666666666,0.8333333333333334,5,1.0,11,1.45,11.6,1.3333333333333333,12.0,1.0189981096408318,124.7,1,6,1.2397006414825373,132.0,-0.40000000000000036,1.1663210702341136,1.4102055872516233,21,1.25372234935164,1.2799644037630307,1.3333333333333333,1.5,10.0,9,8,12,0.79,-12.809999999999999,13.9,-0.3,1.1584500394906667,18,6,19,6,0,0,1,0,0,0,1,0,1,0.0,0,1,0.0,1
0.9166666666666666,1.0,6,0.8333333333333334,11,1.5,12.0,2.1,12.6,1.331363224637681,110.0,1,5,1.1973403408186016,111.0,-0.5999999999999996,1.1624045504129656,1.4102055872516233,18,1.233967927278964,1.2799644037630307,1.3333333333333333,1.0,19.0,6,8,12,2.02,-9.68,11.1,0.6,1.1584500394906667,0,6,19,6,0,0,1,0,1,0,1,0,0,0.0,0,1,0.0,1
0.9523809523809523,1.0,10,0.9090909090909091,20,0.9076923076923078,11.8,0.8857142857142858,12.4,1.4763186934451555,118.6,1,10,1.1224184782608695,120.0,-0.5999999999999996,0.9590062111801242,1.0228260869565218,21,1.2366956521739132,1.2050514162006132,1.3,1.2727272727272727,1.5,14,13,21,0.79,-12.809999999999999,13.9,-0.3,1.1819062506030606,1,10,2,11,0,0,1,0,0,0,0,0,1,0.6,0,0,0.8181818181818182,1
0.8571428571428571,0.8571428571428571,6,0.8571428571428571,12,2.0476190471428573,14.33333333,2.0476190471428573,14.33333333,1.543190537084399,139.0,1,6,1.1973403408186016,152.0,0.0,1.1624045504129656,1.4102055872516233,18,1.0449937888198757,1.0880586922712827,1.0,1.0,37.0,7,7,14,0.32,-9.879999999999999,7.6,2.6,1.1584500394906667,0,7,37,7,0,0,2,0,1,0,1,0,0,0.0,0,1,0.0,0
0.4,0.0,0,0.8,4,0.0,0.0,2.2916666666666665,13.75,1.0296727924697446,138.3,1,4,1.3066447908121412,148.0,-13.75,1.197718162195498,1.4334342940889107,19,1.2576025080438908,1.1916457060725836,1.0,1.2,10.0,6,5,10,1.79,-11.11,12.4,0.5,1.1758672525439406,18,5,19,5,0,0,1,0,1,0,0,0,1,0.0,0,1,0.0,1
0.8666666666666667,0.75,6,1.0,13,1.180833333,11.80833333,1.7716326528571429,12.40142857,1.543190537084399,102.2,1,7,1.3592391304347826,106.0,-0.5930952400000002,1.2016722408026757,1.4102055872516233,20,1.0449937888198757,1.2767270531400965,1.25,1.0,37.5,7,10,15,2.02,-9.68,11.1,0.6,1.1584500394906667,1,8,38,7,0,0,1,0,1,1,0,0,1,0.0,0,1,0.0,1
1.0,1.0,5,1.0,10,2.1,12.6,1.0649350645454545,11.71428571,1.1621118012422362,123.7,1,5,1.225732834939996,140.0,0.8857142899999992,1.3083536883243772,1.2069998195922786,19,1.2693138979643126,1.1019750589821369,1.2,2.2,28.0,11,6,10,-3.12,-11.719999999999999,9.4,-0.8,1.1743905726499018,18,5,37,5,0,0,4,0,1,0,0,0,0,0.0,0,0,0.0,0
0.9166666666666666,1.0,6,0.8333333333333334,11,2.055555555,12.33333333,1.7428571428571427,12.2,1.2531772575250835,130.0,1,5,1.1973403408186016,100.0,0.13333333000000103,1.1624045504129656,0.7491078753076292,43,1.0449937888198757,1.0880586922712827,1.0,1.1666666666666667,37.0,7,6,12,-3.12,-11.719999999999999,9.4,-0.8,1.1584500394906667,0,6,37,6,1,1,1,0,0,0,1,1,0,0.0,1,0,0.0,1
1.0,1.0,11,1.0,23,1.0238095235714286,14.33333333,1.2152777775,14.58333333,1.0663372859025033,142.2,1,12,1.1803307676305388,139.0,-0.25,1.225328614762386,1.4334342940889107,20,1.0986103210077205,1.277410022972858,1.2727272727272727,1.0,28.0,12,14,23,3.51,-6.790000000000001,8.9,1.4,1.1758672525439406,18,11,37,12,1,1,3,0,1,0,0,0,1,0.36363636363636365,0,1,0.5,0
0.9166666666666666,0.8333333333333334,5,1.0,11,2.3333333333333335,14.0,2.2777777783333333,13.66666667,1.3923076923076922,146.7,1,6,1.106153846153846,153.0,0.3333333300000003,0.9646551724137932,1.4512849162011174,18,1.1182648401826485,1.124342105263158,1.0,1.0,3.0,6,6,12,-1.7,-18.099999999999998,12.7,3.7,1.1876220053238686,0,6,3,6,0,0,1,0,1,0,0,0,0,0.0,0,1,0.0,1
0.8333333333333334,0.8333333333333334,5,0.8333333333333334,10,1.9142857142857144,13.4,1.6,12.8,0.901159420289855,145.3,1,5,1.1973403408186016,146.0,0.5999999999999996,1.3025204788909892,1.4102055872516233,18,1.233967927278964,1.2767270531400965,1.1666666666666667,1.3333333333333333,28.5,8,7,12,-3.12,-11.719999999999999,9.4,-0.8,1.1584500394906667,19,6,38,6,1,1,1,0,1,0,0,0,0,0.0,0,1,0.0,1
0.6666666666666666,0.5,3,0.8333333333333334,8,1.1,11.0,1.6285714285714286,11.4,1.3923076923076922,136.6,1,5,1.2388505747126437,132.0,-0.40000000000000036,1.148233215547703,1.4512849162011174,19,1.2868092691622104,1.2365750528541226,1.6666666666666667,1.1666666666666667,1.0,7,10,12,0.32,-9.879999999999999,7.6,2.6,1.1876220053238686,0,6,1,6,0,0,1,0,1,0,0,0,1,0.0,0,1,0.0,1
0.8571428571428571,0.8571428571428571,6,0.8571428571428571,12,2.0285714285714285,14.2,2.0285714285714285,14.2,1.543190537084399,134.5,1,6,1.1973403408186016,151.0,0.0,1.2639209009952854,1.4102055872516233,18,1.0449937888198757,1.2767270531400965,1.0,1.0,37.5,7,7,14,0.32,-9.879999999999999,7.6,2.6,1.1584500394906667,1,7,38,7,1,0,1,0,1,1,0,0,0,0.0,0,0,0.0,1
1.0,1.0,6,1.0,12,1.190909090909091,13.1,1.4,14.0,1.0663865546218485,150.0,1,6,1.106153846153846,130.0,-0.9000000000000004,0.9646551724137932,0.748,35,1.1182648401826485,1.124342105263158,1.8333333333333333,1.6666666666666667,3.0,10,11,12,-0.92,-17.42,16.2,0.3,1.1876220053238686,0,6,3,6,0,0,1,0,0,0,0,1,0,0.0,1,0,0.0,1
0.9166666666666666,0.8333333333333334,5,1.0,11,1.1818181818181819,13.0,1.625,13.0,1.0663865546218485,160.0,1,6,1.1939285714285715,160.0,0.0,1.148233215547703,1.2134920634920636,19,1.0831439393939393,1.3434108527131783,1.8333333333333333,1.3333333333333333,37.5,8,11,12,-4.06,-22.36,15.5,2.8,1.1876220053238686,1,6,38,6,1,0,1,0,1,1,1,0,0,0.0,0,0,0.0,1
0.0,0.0,0,0.0,0,0.0,0.0,0.0,0.0,1.4763186934451555,110.0,0,0,1.1990645264164983,117.0,0.0,1.2806596701649176,1.4304347826086956,18,1.2275607958732497,1.2050514162006132,0.0,0.0,10.0,0,0,12,2.02,-9.68,11.1,0.6,1.1819062506030606,18,6,19,6,0,0,2,1,1,1,0,0,0,0.0,0,1,0.0,0
0.0,0.0,0,0.0,0,0.0,0.0,0.0,0.0,1.3309782608695653,120.5,1,0,0.6161764705882353,117.0,0.0,1.155188679245283,1.225164113785558,19,1.0831439393939393,1.0974803149606298,0.0,2.0,37.0,12,0,12,-3.12,-11.719999999999999,9.4,-0.8,1.1876220053238686,0,6,37,6,0,0,1,0,1,0,0,0,1,0.0,0,1,0.0,1
1.0,1.0,6,1.0,12,2.2777777783333333,13.66666667,2.3611111116666668,14.16666667,1.2768658451522903,118.7,1,6,1.1933908806863316,126.0,-0.5,1.2021125030704987,1.2069998195922786,18,1.2693138979643126,1.3033971014492753,1.0,1.0,28.5,6,6,12,1.79,-11.11,12.4,0.5,1.1743905726499018,19,6,38,6,1,1,2,0,1,0,0,0,0,0.0,0,1,0.0,0
0.7,0.6,3,0.8,7,1.3333333333333333,12.0,1.0576923076923077,13.75,0.8011627906976745,160.0,1,4,1.1939285714285715,150.0,-1.75,1.196590909090909,0.748,24,1.2662162162162163,1.3042389210019267,1.8,2.6,19.0,13,9,10,-3.12,-11.719999999999999,9.4,-0.8,1.1876220053238686,0,5,19,5,0,0,1,0,0,0,0,0,1,0.0,1,1,0.0,1
1.0,1.0,5,1.0,10,2.6,13.0,2.0,12.0,1.2067357512953367,132.0,1,5,1.1939285714285715,150.0,1.0,1.148233215547703,0.748,24,1.2932721712538227,1.3434108527131783,1.0,1.2,38.0,6,5,10,1.74,-10.46,10.8,1.4,1.1876220053238686,0,5,38,5,0,0,1,0,0,0,1,0,0,0.0,1,1,0.0,1
0.9166666666666666,1.0,6,0.8333333333333334,11,1.8333333328571428,12.83333333,1.7619047614285714,12.33333333,1.49416149068323,126.1,1,5,1.1933908806863316,139.0,0.5,1.1782208343342142,1.4404225006140996,19,1.0901394585726005,1.3033971014492753,1.1666666666666667,1.1666666666666667,37.5,7,7,12,-1.7,-18.099999999999998,12.7,3.7,1.1743905726499018,1,6,38,6,1,1,1,0,1,0,1,0,0,0.0,0,0,0.0,1
0.8,1.0,5,0.6,8,1.6857142857142857,11.8,1.2962962966666667,11.66666667,0.8409172126265634,110.0,1,3,1.1933908806863316,140.0,0.13333333000000103,1.1803969095591578,0.7313379542113002,35,1.2357226792009401,1.2742242031788749,1.4,1.8,28.5,9,7,10,-1.7,-18.099999999999998,12.7,3.7,1.1743905726499018,19,5,38,5,1,1,1,0,0,0,0,1,0,0.0,1,0,0.0,1
1.0,1.0,6,1.0,12,1.9821428575,15.85714286,1.953125,15.625,0.8011627906976745,140.0,1,6,1.1939285714285715,140.0,0.23214285999999973,0.9646551724137932,0.9358381502890174,20,1.2868092691622104,1.124342105263158,1.3333333333333333,1.3333333333333333,2.0,8,8,12,0.79,-12.809999999999999,13.9,-0.3,1.1876220053238686,2,6,3,6,1,1,1,0,1,0,0,0,0,0.0,0,1,0.0,1
1.0,1.0,8,1.0,19,1.6875,13.5,1.1118881115384616,14.45454545,1.2413610586011343,147.5,1,11,1.251728743136964,130.0,-0.9545454499999995,1.355244411692459,0.7234823625922888,39,1.0986103210077205,1.1281060708036075,1.0,1.1818181818181819,37.0,13,8,19,-1.7,-18.099999999999998,12.7,3.7,1.1758672525439406,0,8,37,11,0,0,1,0,0,0,0,1,0,0.75,1,0,0.6363636363636364,1
0.7,0.6,3,0.8,7,2.0952380957142855,14.66666667,1.5625,12.5,0.6398191993112355,133.1,1,4,1.1973403408186016,139.0,2.1666666699999997,1.123776517538332,1.184466819221968,18,1.0449937888198757,1.2799644037630307,1.4,1.6,28.0,8,7,10,0.32,-9.879999999999999,7.6,2.6,1.1584500394906667,18,5,37,5,0,0,4,0,1,0,0,0,1,0.0,0,1,0.0,0
0.7857142857142857,0.8571428571428571,6,0.7142857142857143,11,1.5625,12.5,1.262,12.62,1.547589908749329,106.7,1,5,1.1933908806863316,113.0,-0.11999999999999922,1.3083536883243772,1.4404225006140996,20,1.2357226792009401,1.2742242031788749,1.1428571428571428,1.4285714285714286,28.5,10,8,14,2.02,-9.68,11.1,0.6,1.1743905726499018,19,7,38,7,1,1,2,0,1,0,0,0,0,0.0,0,1,0.0,0
1.0,1.0,6,1.0,12,2.305555555,13.83333333,1.625,13.0,1.545408163265306,116.0,1,6,1.1939285714285715,120.0,0.8333333300000003,1.148233215547703,0.748,44,1.0831439393939393,1.0974803149606298,1.0,1.3333333333333333,37.0,8,6,12,-1.7,-18.099999999999998,12.7,3.7,1.1876220053238686,0,6,37,6,0,0,1,0,0,0,1,1,0,0.0,1,0,0.0,1
0.8,0.6,3,1.0,8,1.4444444444444444,13.0,2.52,12.6,1.2067357512953367,122.3,1,5,0.6161764705882353,137.0,0.40000000000000036,0.8348837209302326,1.225164113785558,19,1.2932721712538227,1.3042389210019267,1.8,1.0,28.5,5,9,10,0.32,-9.879999999999999,7.6,2.6,1.1876220053238686,19,5,38,5,1,1,1,0,1,0,0,0,0,0.0,0,0,0.0,1
0.5,0.6,3,0.4,5,1.1212121209090908,12.33333333,1.2272727272727273,13.5,0.9895400126023945,126.3,1,2,1.1990645264164983,135.0,-1.1666666699999997,1.1306197964847364,1.4304347826086956,18,1.3338955940090156,1.2921636019934695,2.2,2.2,28.5,11,11,10,3.51,-6.790000000000001,8.9,1.4,1.1819062506030606,19,5,38,5,0,0,1,0,1,0,0,0,1,0.0,0,0,0.0,1
1.0,1.0,6,1.0,12,2.4722222216666667,14.83333333,2.5,15.0,0.8011627906976745,149.7,1,6,1.0786585365853658,157.0,-0.16666666999999968,0.9646551724137932,1.138095238095238,18,0.9521739130434782,1.19,1.0,1.0,24.0,6,6,12,3.51,-6.790000000000001,8.9,1.4,1.1876220053238686,38,6,43,6,0,0,1,0,1,0,1,0,0,0.0,0,1,0.0,1
0.0,0.0,0,0.0,0,0.0,0.0,0.0,0.0,1.0663865546218485,100.0,1,0,1.1939285714285715,133.1,0.0,1.148233215547703,0.748,30,1.2662162162162163,1.3042389210019267,1.0,1.0,19.0,6,6,12,2.02,-9.68,11.1,0.6,1.1876220053238686,0,6,19,6,0,0,1,0,0,0,1,1,0,0.0,1,0,0.0,1
0.25,0.0,0,0.5,3,0.0,0.0,1.1515151518181819,12.66666667,1.2130202278539874,140.0,1,3,1.2542082169924211,133.1,-12.66666667,1.2806596701649176,0.73904412557989,35,1.117896865520728,1.1229617418778761,1.1666666666666667,1.8333333333333333,37.0,11,7,12,2.02,-9.68,11.1,0.6,1.1819062506030606,0,6,37,6,0,0,1,0,0,0,0,1,0,0.0,1,0,0.0,1
1.0,1.0,8,1.0,15,1.8078125,14.4625,1.8546938771428572,12.98285714,1.547589908749329,115.2,1,7,1.3003910743041178,125.0,1.4796428600000002,1.1968670076726344,1.4404225006140996,20,1.2643147284489245,1.326482213438735,1.0,1.0,6.5,7,8,15,1.79,-11.11,12.4,0.5,1.1743905726499018,11,8,12,7,0,0,4,0,1,0,0,0,0,0.0,0,1,0.0,0
1.0,1.0,5,1.0,10,2.92,14.6,3.28,16.4,0.7812111801242235,155.1,1,5,1.2011857707509879,160.0,-1.799999999999999,0.9459469417833456,1.4102055872516233,20,1.1436586685910157,1.0820586694604504,1.0,1.0,3.0,5,5,10,-1.7,-18.099999999999998,12.7,3.7,1.1584500394906667,0,5,3,5,0,0,1,0,1,0,0,0,0,0.0,0,1,0.0,1
1.0,1.0,5,1.0,10,2.56,12.8,1.64583333375,13.16666667,1.2067357512953367,123.4,1,5,1.1939285714285715,136.0,-0.366666669999999,1.148233215547703,1.4037037037037037,19,1.0831439393939393,1.0974803149606298,1.0,1.6,37.0,8,5,10,-3.12,-11.719999999999999,9.4,-0.8,1.1876220053238686,0,5,37,5,1,1,2,0,1,0,1,0,0,0.0,0,1,0.0,0
1.0,1.0,6,1.0,12,1.7551020414285714,12.28571429,1.671875,13.375,1.140246768507638,114.9,1,6,1.2127443159154367,125.0,-1.0892857100000004,1.355244411692459,1.4334342940889107,19,1.2647449755785092,1.3335857352222766,1.1666666666666667,1.3333333333333333,19.5,8,7,12,2.02,-9.68,11.1,0.6,1.1758672525439406,37,6,38,6,1,1,4,0,1,0,0,0,0,0.0,0,1,0.0,0
0.8333333333333334,1.0,6,0.6666666666666666,10,1.8571428571428572,13.0,1.0909090909090908,12.0,1.2830584707646178,113.0,1,4,1.3844319775596072,120.0,1.0,1.183961352657005,1.2130434782608694,24,1.3338955940090156,1.1229617418778761,1.1666666666666667,1.8333333333333333,37.5,11,7,12,1.74,-10.46,10.8,1.4,1.1819062506030606,1,6,38,6,1,1,1,0,0,0,1,0,0,0.0,1,0,0.0,1
0.0,0.0,0,0.0,0,0.0,0.0,0.0,0.0,1.545408163265306,103.5,0,0,1.1939285714285715,133.1,0.0,1.2170068027210885,0.748,44,1.0831439393939393,1.0974803149606298,0.0,0.0,37.0,0,0,12,0.79,-12.809999999999999,13.9,-0.3,1.1876220053238686,0,6,37,6,0,0,1,0,0,0,0,1,0,0.0,1,0,0.0,1
0.0,0.0,0,0.0,0,0.0,0.0,0.0,0.0,0.9622563718140928,128.2,1,0,1.2239130434782608,139.0,0.0,1.3025204788909892,1.4102055872516233,19,1.233967927278964,1.2799644037630307,0.0,0.0,19.0,0,0,0,1.74,-10.46,10.8,1.4,1.1584500394906667,0,0,19,0,1,1,3,0,1,0,0,0,1,0.0,0,1,0.0,0
1.0,1.0,5,1.0,10,2.84,14.2,2.085714285714286,14.6,1.1621118012422362,117.2,1,5,0.9919254658385093,128.0,-0.40000000000000036,1.2021125030704987,1.2069998195922786,20,1.2357226792009401,1.2742242031788749,1.0,1.4,28.5,7,5,10,-1.7,-18.099999999999998,12.7,3.7,1.1743905726499018,19,5,38,5,0,0,1,0,1,0,1,0,1,0.0,0,0,0.0,1
0.8333333333333334,1.0,6,0.6666666666666666,10,2.0,12.0,1.40625,11.25,1.545408163265306,127.3,1,4,1.1939285714285715,122.0,0.75,1.2994236311239193,1.4037037037037037,19,1.2662162162162163,1.0974803149606298,1.0,1.3333333333333333,28.0,8,6,12,1.74,-10.46,10.8,1.4,1.1876220053238686,18,6,37,6,1,1,2,0,1,0,0,0,0,0.0,0,1,0.0,0
0.9565217391304348,0.9090909090909091,10,1.0,22,0.8545454546666666,12.81818182,1.1111111108333334,13.33333333,0.9982473879339401,128.2,1,12,1.1933908806863316,133.1,-0.5151515100000008,1.2021125030704987,1.4404225006140996,19,1.2693138979643126,1.3033971014492753,1.3636363636363635,1.0,28.5,12,15,23,3.51,-6.790000000000001,8.9,1.4,1.1743905726499018,19,11,38,12,1,1,1,0,1,0,0,0,1,0.36363636363636365,0,1,0.5,1
0.7857142857142857,0.8571428571428571,6,0.7142857142857143,11,1.3968253966666666,12.57142857,1.5622222222222222,14.06,1.5796068796068796,128.5,1,5,1.2783606557377047,140.0,-1.4885714300000004,1.2170068027210885,1.225164113785558,18,1.2868092691622104,1.2365750528541226,1.2857142857142858,1.2857142857142858,1.0,9,9,14,1.79,-11.11,12.4,0.5,1.1876220053238686,0,7,1,7,0,0,2,0,1,0,0,0,0,0.0,0,1,0.0,0
0.9166666666666666,1.0,6,0.8333333333333334,11,2.4166666666666665,14.5,1.6875,13.5,1.1542253521126762,119.2,1,5,1.1939285714285715,123.0,1.0,1.148233215547703,1.4512849162011174,18,0.94,1.2365750528541226,1.0,1.3333333333333333,6.5,8,6,12,1.79,-11.11,12.4,0.5,1.1876220053238686,11,6,12,6,1,1,1,0,1,0,1,0,0,0.0,0,1,0.0,1
0.0,0.0,0,0.0,0,0.0,0.0,0.0,0.0,0.6712665406427221,119.4,1,0,1.1803307676305388,132.0,0.0,1.201176855181432,1.2294441386901487,21,1.0986103210077205,1.1281060708036075,1.0,1.6,37.0,8,5,10,0.32,-9.879999999999999,7.6,2.6,1.1758672525439406,0,5,37,5,0,0,1,0,0,0,0,0,1,0.0,0,1,0.0,1
0.9,1.0,5,0.8,9,1.66666666625,13.33333333,2.0,12.0,1.1776659038901602,117.0,1,4,1.2127443159154367,125.0,1.3333333300000003,1.151400966183575,1.2294441386901487,19,1.2647449755785092,1.1281060708036075,1.6,1.2,19.0,6,8,10,1.74,-10.46,10.8,1.4,1.1758672525439406,36,5,37,5,1,1,1,0,1,0,0,0,0,0.0,0,1,0.0,1
1.0,1.0,17,1.0,43,0.8837370241176471,15.02352941,0.5584362140740741,15.07777778,1.5717231848623365,133.4,1,26,1.1990645264164983,168.0,-0.054248369999999824,1.189437963944857,1.08159111933395,23,1.117896865520728,1.2050514162006132,1.0,1.0384615384615385,19.0,27,17,43,-4.06,-22.36,15.5,2.8,1.1819062506030606,36,17,37,26,0,0,1,0,0,0,0,0,0,0.8235294117647058,0,1,0.7692307692307693,1
0.9166666666666666,0.8333333333333334,5,1.0,11,1.24,12.4,1.67857142875,13.42857143,1.3096192836224372,119.6,1,6,1.251728743136964,122.0,-1.0285714299999995,1.271562304971916,1.2294441386901487,20,1.302210510906163,1.1281060708036075,1.6666666666666667,1.3333333333333333,37.5,8,10,12,-3.12,-11.719999999999999,9.4,-0.8,1.1758672525439406,1,6,38,6,0,0,2,0,1,0,0,0,0,0.0,0,1,0.0,0
1.0,1.0,6,1.0,12,2.4166666666666665,14.5,1.9047619042857142,13.33333333,1.4763186934451555,138.9,1,6,1.2542082169924211,141.0,1.1666666699999997,1.189437963944857,1.4304347826086956,21,1.117896865520728,1.1229617418778761,1.0,1.1666666666666667,37.0,7,6,12,1.74,-10.46,10.8,1.4,1.1819062506030606,0,6,37,6,0,0,1,0,0,0,1,0,0,0.0,0,0,0.0,1
0.36363636363636365,0.4,2,0.3333333333333333,4,1.0,11.0,1.2272727272727273,13.5,0.6712665406427221,160.0,1,2,1.1596837944664031,160.0,-2.5,1.1596837944664031,1.348447204968944,19,1.2647449755785092,1.146645195920558,2.2,1.8333333333333333,2.0,11,11,11,3.51,-6.790000000000001,8.9,1.4,1.1756521739130434,2,5,3,6,0,0,1,0,1,1,0,0,0,0.0,0,0,0.0,1
0.7,0.8,4,0.6,7,1.1388888888888888,10.25,0.96969697,10.66666667,1.0288695652173914,122.2,1,3,1.1933908806863316,118.0,-0.4166666699999997,1.1782208343342142,1.2069998195922786,19,1.2693138979643126,1.2742242031788749,1.8,2.2,19.0,11,9,10,2.02,-9.68,11.1,0.6,1.1743905726499018,0,5,19,5,0,0,1,0,1,0,1,0,0,0.0,0,0,0.0,1
0.2857142857142857,0.0,0,0.5714285714285714,4,0.0,0.0,1.1960000000000002,11.96,1.543190537084399,111.5,0,4,1.1081088290210723,115.0,-11.96,0.9459469417833456,1.4102055872516233,19,1.1436586685910157,1.0820586694604504,1.0,1.4285714285714286,3.0,10,7,14,0.79,-12.809999999999999,13.9,-0.3,1.1584500394906667,0,7,3,7,0,0,4,1,1,1,1,0,0,0.0,0,1,0.0,0
0.0,0.0,0,0.0,0,0.0,0.0,0.0,0.0,1.0632,126.0,1,0,1.2388505747126437,133.0,0.0,1.2994236311239193,1.225164113785558,19,1.2868092691622104,1.0974803149606298,0.0,0.0,19.0,0,0,0,1.74,-10.46,10.8,1.4,1.1876220053238686,36,0,37,0,1,1,3,0,1,0,0,0,1,0.0,0,1,0.0,0
0.9,0.8,4,1.0,9,1.1944444444444444,10.75,1.5952380957142858,11.16666667,1.0296727924697446,125.7,1,5,1.3066447908121412,125.0,-0.4166666699999997,1.355244411692459,1.2294441386901487,20,1.302210510906163,1.277410022972858,1.8,1.4,28.5,7,9,10,-4.06,-22.36,15.5,2.8,1.1758672525439406,19,5,38,5,0,0,3,0,1,0,1,0,0,0.0,0,0,0.0,0
0.9166666666666666,1.0,6,0.8333333333333334,11,2.3611111116666668,14.16666667,2.0285714285714285,14.2,1.2768658451522903,154.0,1,5,1.1933908806863316,100.0,-0.033333329999999606,1.3083536883243772,0.7313379542113002,57,1.0901394585726005,1.1019750589821369,1.0,1.1666666666666667,37.0,7,6,12,-3.12,-11.719999999999999,9.4,-0.8,1.1743905726499018,0,6,37,6,0,0,1,0,0,0,0,1,1,0.0,1,1,0.0,1
0.9,1.0,5,0.8,9,2.68,13.4,1.6785714285714286,11.75,0.7812111801242235,132.4,1,4,1.1081088290210723,125.0,1.6500000000000004,0.9459469417833456,1.4102055872516233,20,1.1436586685910157,1.0820586694604504,1.0,1.4,3.0,7,5,10,0.32,-9.879999999999999,7.6,2.6,1.1584500394906667,0,5,3,5,0,0,1,0,1,0,1,0,1,0.0,0,0,0.0,1
1.0,1.0,6,1.0,12,2.0833333333333335,12.5,2.0277777783333333,12.16666667,1.433108695652174,110.5,1,6,1.1973403408186016,108.0,0.3333333300000003,1.2639209009952854,1.4102055872516233,22,1.233967927278964,1.2767270531400965,1.0,1.0,28.5,6,6,12,1.79,-11.11,12.4,0.5,1.1584500394906667,19,6,38,6,1,1,1,0,0,0,0,0,0,0.0,0,1,0.0,1
1.0,1.0,18,1.0,36,0.8055555555555556,14.5,0.8055555555555556,14.5,1.3541407867494824,140.0,1,18,1.2397006414825373,140.0,0.0,1.1663210702341136,0.9867874396135266,38,1.0449937888198757,1.0880586922712827,1.0,1.0,37.0,18,18,36,-0.92,-17.42,16.2,0.3,1.1584500394906667,0,18,37,18,0,0,1,0,0,0,1,1,1,0.7222222222222222,1,1,0.7777777777777778,1
0.875,0.875,7,0.875,14,1.68928571375,13.51428571,1.68928571375,13.51428571,1.5796068796068796,125.5,1,7,1.2783606557377047,139.0,0.0,1.196590909090909,1.4512849162011174,21,1.2662162162162163,1.0974803149606298,1.0,1.0,28.0,8,8,16,-1.7,-18.099999999999998,12.7,3.7,1.1876220053238686,18,8,37,8,1,1,1,0,0,0,1,0,0,0.0,0,0,0.0,1
0.9166666666666666,0.8333333333333334,5,1.0,11,1.1272727272727272,12.4,1.240740741111111,11.16666667,1.2840579710144928,126.4,1,6,1.1990645264164983,132.0,1.2333333300000007,1.204451156505842,1.4304347826086956,18,1.2366956521739132,1.2050514162006132,1.8333333333333333,1.5,1.5,9,11,12,1.74,-10.46,10.8,1.4,1.1819062506030606,1,6,2,6,1,1,1,0,1,0,1,0,0,0.0,0,1,0.0,1
0.7,0.8,4,0.6,7,1.3055555555555556,11.75,1.1,11.0,1.0138095238095237,128.3,1,3,1.0786585365853658,129.0,0.75,0.9646551724137932,1.225164113785558,19,1.2428571428571429,1.124342105263158,1.8,2.0,2.5,10,9,10,-1.7,-18.099999999999998,12.7,3.7,1.1876220053238686,1,5,3,5,0,0,2,0,1,0,1,0,0,0.0,0,1,0.0,0
0.875,0.875,7,0.875,14,1.87857142875,15.02857143,1.87857142875,15.02857143,1.543190537084399,120.0,1,7,1.1973403408186016,129.0,0.0,1.1624045504129656,1.4102055872516233,20,1.25372234935164,1.2179619565217392,1.0,1.0,1.0,8,8,16,-1.7,-18.099999999999998,12.7,3.7,1.1584500394906667,0,8,1,8,0,0,1,0,1,0,1,0,1,0.0,0,0,0.0,1
0.5,0.5,4,0.5,8,0.8089285714285713,11.325,0.8089285714285713,11.325,1.543190537084399,140.0,1,4,1.154390451832907,140.0,0.0,1.245065950170982,0.8167361524717094,29,1.2919274890242176,1.0880586922712827,1.75,1.75,37.5,14,14,16,-1.7,-18.099999999999998,12.7,3.7,1.1584500394906667,1,8,38,8,0,0,1,0,0,0,0,1,0,0.0,1,0,0.0,1
1.0,1.0,6,1.0,12,2.305555555,13.83333333,2.0833333333333335,12.5,1.3309782608695653,136.7,1,6,1.2145569620253165,143.0,1.3333333300000003,1.2994236311239193,1.225164113785558,18,1.2868092691622104,1.2365750528541226,1.0,1.0,1.0,6,6,12,3.51,-6.790000000000001,8.9,1.4,1.1876220053238686,0,6,1,6,0,0,5,0,1,0,1,0,0,0.0,0,1,0.0,0
0.0,0.0,0,0.0,0,0.0,0.0,0.0,0.0,1.218035426731079,101.5,1,0,1.2242311770943797,133.1,0.0,1.3083536883243772,0.7313379542113002,24,1.2357226792009401,1.1019750589821369,0.0,0.0,37.5,0,0,14,1.74,-10.46,10.8,1.4,1.1743905726499018,1,7,38,7,0,0,2,0,0,0,1,0,0,0.0,1,1,0.0,0
0.0,0.0,0,0.0,0,0.0,0.0,0.0,0.0,1.0663372859025033,117.7,1,0,1.251728743136964,110.0,0.0,1.197718162195498,1.152445652173913,20,1.2576025080438908,1.0399209486166008,0.0,0.0,10.5,0,0,0,1.79,-11.11,12.4,0.5,1.1758672525439406,17,0,19,0,1,0,1,0,1,1,1,0,1,0.0,0,1,0.0,1
1.0,1.0,8,1.0,15,1.2550000000000001,12.55,1.9012244900000002,13.30857143,1.5717231848623365,129.0,1,7,1.1990645264164983,136.0,-0.7585714299999999,1.204451156505842,1.2130434782608694,19,1.2275607958732497,1.2050514162006132,1.25,1.0,10.0,7,10,15,1.79,-11.11,12.4,0.5,1.1819062506030606,18,8,19,7,1,1,3,0,1,0,1,0,0,0.0,0,1,0.0,0
0.9166666666666666,0.8333333333333334,5,1.0,11,1.3777777777777778,12.4,1.6071428575,12.85714286,1.0605978260869566,118.3,1,6,1.1803307676305388,120.0,-0.4571428599999994,1.1672994488671158,1.4334342940889107,20,1.2647449755785092,1.1916457060725836,1.5,1.3333333333333333,1.0,8,9,12,3.51,-6.790000000000001,8.9,1.4,1.1758672525439406,0,6,1,6,0,0,1,0,1,0,0,0,1,0.0,0,0,0.0,1
1.0,1.0,8,1.0,16,1.6678125,13.3425,1.6678125,13.3425,1.543190537084399,133.5,1,8,1.2013971665852468,135.0,0.0,1.1663749294184076,1.184466819221968,19,1.25372234935164,1.2799644037630307,1.0,1.0,10.0,8,8,16,-3.12,-11.719999999999999,9.4,-0.8,1.1584500394906667,18,8,19,8,0,0,2,0,1,0,0,0,0,0.0,0,1,0.0,0
0.0,0.0,0,0.0,0,0.0,0.0,0.0,0.0,1.545408163265306,118.2,1,0,1.2388505747126437,122.0,0.0,1.2994236311239193,1.4512849162011174,19,1.0831439393939393,1.3434108527131783,0.0,0.0,37.5,0,0,12,-0.92,-17.42,16.2,0.3,1.1876220053238686,1,6,38,6,0,0,2,0,1,0,0,0,0,0.0,0,1,0.0,0
0.8333333333333334,0.8333333333333334,5,0.8333333333333334,10,1.7428571428571427,12.2,1.7428571428571427,12.2,0.901159420289855,127.4,1,5,1.2239130434782608,134.0,0.0,1.1624045504129656,1.4102055872516233,18,1.233967927278964,1.2179619565217392,1.1666666666666667,1.1666666666666667,10.0,7,7,12,1.74,-10.46,10.8,1.4,1.1584500394906667,18,6,19,6,0,0,4,0,1,0,0,0,0,0.0,0,1,0.0,0
1.0,1.0,8,1.0,16,1.630625,13.045,1.630625,13.045,1.5796068796068796,127.5,1,8,1.1939285714285715,137.0,0.0,1.148233215547703,1.4512849162011174,18,1.0831439393939393,1.0974803149606298,1.0,1.0,37.0,8,8,16,-3.12,-11.719999999999999,9.4,-0.8,1.1876220053238686,0,8,37,8,0,0,4,0,1,0,1,0,0,0.0,0,1,0.0,0
1.0,1.0,5,1.0,10,2.2333333333333334,13.4,2.066666666666667,12.4,1.2067357512953367,123.4,1,5,1.2388505747126437,129.0,1.0,1.2994236311239193,1.4512849162011174,19,1.2868092691622104,1.3434108527131783,1.2,1.2,19.5,6,6,10,0.32,-9.879999999999999,7.6,2.6,1.1876220053238686,37,5,38,5,0,0,1,0,1,0,0,0,0,0.0,0,0,0.0,1
0.4117647058823529,0.2857142857142857,2,0.5,7,1.25,10.0,1.1,11.0,0.9982473879339401,118.8,1,5,1.0673369565217392,123.0,-1.0,1.039782608695652,1.4404225006140996,19,1.2643147284489245,1.0992070002734482,1.1428571428571428,1.0,2.0,10,8,17,3.51,-6.790000000000001,8.9,1.4,1.1743905726499018,2,7,3,10,0,0,1,0,1,0,1,0,1,0.2857142857142857,0,0,0.4,1
0.8,0.8,4,0.8,8,2.125,12.75,1.8214285714285714,12.75,1.2021517302573204,142.3,1,4,1.2013971665852468,157.0,0.0,1.1663210702341136,1.4102055872516233,18,1.1436586685910157,1.2767270531400965,1.2,1.4,20.5,7,6,10,0.32,-9.879999999999999,7.6,2.6,1.1584500394906667,35,5,38,5,0,0,2,0,1,0,0,0,0,0.0,0,0,0.0,0
1.0,1.0,5,1.0,10,1.93877551,13.57142857,1.5625,12.5,0.683695652173913,116.1,0,5,1.2521505376344086,115.0,1.0714285700000001,1.2770334928229667,1.225164113785558,18,1.1182648401826485,1.2365750528541226,1.4,1.6,2.0,8,7,10,1.79,-11.11,12.4,0.5,1.1876220053238686,2,5,3,5,0,0,3,0,1,0,1,0,1,0.0,0,1,0.0,0
0.2,0.0,0,0.4,2,0.0,0.0,2.2,11.0,0.8455652173913043,120.5,1,2,0.664626945786366,120.0,-11.0,0.7802142407057341,0.73904412557989,30,0.584463768115942,0.6530292230933714,1.0,1.0,34.0,5,5,10,0.32,-9.879999999999999,7.6,2.6,1.1819062506030606,0,5,34,5,0,0,1,0,0,0,1,1,1,0.0,1,1,0.0,1
0.8333333333333334,0.6666666666666666,4,1.0,10,1.1388888891666666,13.66666667,1.257142857,12.57142857,1.0663865546218485,140.0,1,6,1.2783606557377047,140.0,1.0952380999999995,1.196590909090909,1.1977777777777778,22,1.2662162162162163,1.2365750528541226,2.0,1.6666666666666667,10.0,10,12,12,-4.06,-22.36,15.5,2.8,1.1876220053238686,18,6,19,6,0,0,1,0,0,0,1,0,0,0.0,0,0,0.0,1
0.9333333333333333,0.875,7,1.0,14,1.1038961036363637,12.14285714,1.66071428625,13.28571429,1.3746562616127835,126.4,1,7,1.2099177438307875,150.0,-1.1428571499999993,1.318361688720857,1.0228260869565218,26,1.100568702990277,0.9913043478260871,1.375,1.1428571428571428,21.0,8,11,15,1.79,-11.11,12.4,0.5,1.1819062506030606,36,8,39,7,0,0,1,0,0,0,0,1,1,0.375,1,0,0.7142857142857143,1
1.0,1.0,8,1.0,16,1.71640625,13.73125,1.71640625,13.73125,1.543190537084399,131.0,1,8,1.154390451832907,137.0,0.0,1.1622608695652175,1.184466819221968,18,1.2919274890242176,1.0880586922712827,1.0,1.0,37.5,8,8,16,-3.12,-11.719999999999999,9.4,-0.8,1.1584500394906667,1,8,38,8,1,1,1,0,1,0,0,0,0,0.0,0,1,0.0,1
0.47368421052631576,0.3333333333333333,3,0.6,9,1.0909090909090908,12.0,0.7037037038888889,12.66666667,0.8241545893719807,140.0,1,6,1.2542082169924211,133.1,-0.6666666699999997,1.189437963944857,1.0228260869565218,35,1.3338955940090156,1.339986123959297,1.2222222222222223,1.8,38.0,18,11,19,-0.92,-17.42,16.2,0.3,1.1819062506030606,0,9,38,10,0,0,1,0,0,1,1,1,1,0.1111111111111111,1,0,0.3,1
0.875,0.875,7,0.875,14,1.64428571375,13.15428571,1.64428571375,13.15428571,1.543190537084399,125.5,1,7,1.1081088290210723,132.0,0.0,1.2639209009952854,1.184466819221968,18,1.1436586685910157,1.2179619565217392,1.0,1.0,2.0,8,8,16,1.74,-10.46,10.8,1.4,1.1584500394906667,2,8,3,8,0,0,3,0,1,0,0,0,1,0.0,0,1,0.0,0
0.0,0.0,0,0.0,0,0.0,0.0,0.0,0.0,0.7367809883877936,140.0,0,0,0.8123188405797102,140.0,0.0,0.9310869565217391,0.8167361524717094,33,0.5682898550724638,0.6546057479734708,1.0,1.0,34.0,5,5,10,0.32,-9.879999999999999,7.6,2.6,1.1584500394906667,0,5,34,5,0,0,1,0,0,0,1,1,1,0.0,1,1,0.0,1
1.0,1.0,6,1.0,12,2.055555555,12.33333333,2.5277777783333333,15.16666667,1.3723199468967806,141.0,1,6,1.2125797101449276,127.0,-2.8333333399999994,1.3083536883243772,1.4404225006140996,19,1.2693138979643126,1.3033971014492753,1.0,1.0,28.5,6,6,12,1.79,-11.11,12.4,0.5,1.1743905726499018,19,6,38,6,1,1,3,0,1,0,0,0,1,0.0,0,1,0.0,0
1.0,1.0,6,1.0,12,1.53571428625,12.28571429,1.9166666666666667,11.5,1.3761848805327068,110.4,1,6,1.251728743136964,116.0,0.7857142899999996,1.225328614762386,1.4334342940889107,19,1.2647449755785092,1.1698757763975156,1.3333333333333333,1.0,6.5,6,8,12,3.51,-6.790000000000001,8.9,1.4,1.1758672525439406,11,6,12,6,0,0,1,0,1,0,0,0,1,0.0,0,1,0.0,1
0.0,0.0,0,0.0,0,0.0,0.0,0.0,0.0,0.640366132723112,160.0,0,0,1.1990645264164983,100.0,0.0,1.2806596701649176,0.73904412557989,45,1.117896865520728,1.1229617418778761,1.0,1.0,37.0,5,5,10,-4.06,-22.36,15.5,2.8,1.1819062506030606,0,5,37,5,0,0,1,1,0,1,0,1,1,0.0,1,0,0.0,1
0.0,0.0,0,0.0,0,0.0,0.0,0.0,0.0,0.880909090909091,111.4,0,0,1.1939285714285715,118.0,0.0,1.2795454545454545,1.214864864864865,20,1.2662162162162163,1.0974803149606298,1.0,1.2857142857142858,28.0,9,6,13,2.02,-9.68,11.1,0.6,1.1876220053238686,18,6,37,7,0,0,4,1,1,1,0,0,0,0.0,0,1,0.0,0
0.0,0.0,0,0.0,0,0.0,0.0,0.0,0.0,0.7812111801242235,140.0,1,0,1.2013971665852468,140.0,0.0,1.245065950170982,1.2388849929873773,19,1.25372234935164,1.2799644037630307,0.0,0.0,10.0,0,0,12,-1.7,-18.099999999999998,12.7,3.7,1.1584500394906667,18,6,19,6,0,0,1,0,1,0,0,0,0,0.0,0,0,0.0,1
0.6,0.6,3,0.6,6,1.066666667,10.66666667,1.233333333,12.33333333,0.8409172126265634,146.2,1,3,1.2125797101449276,120.0,-1.6666666600000006,1.3083536883243772,0.7313379542113002,27,1.2357226792009401,1.3033971014492753,2.0,2.0,38.0,10,10,10,2.02,-9.68,11.1,0.6,1.1743905726499018,0,5,38,5,0,0,1,0,0,0,0,1,0,0.0,1,0,0.0,1
0.0,0.0,0,0.0,0,0.0,0.0,0.0,0.0,1.2840579710144928,115.8,0,0,1.1990645264164983,127.0,0.0,1.204451156505842,1.2130434782608694,19,1.2366956521739132,1.1229617418778761,0.0,1.0,19.5,6,0,12,3.51,-6.790000000000001,8.9,1.4,1.1819062506030606,35,6,37,6,0,0,4,1,1,1,1,0,0,0.0,0,1,0.0,0
1.0,1.0,7,1.0,14,1.8979591842857142,13.28571429,1.9795918371428571,13.85714286,0.8927536231884058,122.9,1,7,1.3003910743041178,132.0,-0.5714285700000001,1.2816864295125163,1.4404225006140996,20,1.2643147284489245,1.2742242031788749,1.0,1.0,10.0,7,7,14,2.02,-9.68,11.1,0.6,1.1743905726499018,18,7,19,7,0,0,1,0,1,0,1,0,0,0.0,0,1,0.0,1
0.3,0.0,0,0.6,3,0.0,0.0,1.8333333333333333,11.0,0.6398191993112355,120.4,1,3,1.1973403408186016,120.0,-11.0,1.1624045504129656,1.184466819221968,20,1.2383399209486166,1.2915678524374177,1.2,1.2,11.0,6,6,10,1.74,-10.46,10.8,1.4,1.1584500394906667,2,5,12,5,0,0,2,0,1,0,1,0,1,0.0,0,1,0.0,0
0.9166666666666666,0.8333333333333334,5,1.0,11,0.8266666666666667,12.4,1.7857142857142858,12.5,1.0411544227886058,148.8,1,6,1.1933908806863316,120.0,-0.09999999999999964,1.1697181559973782,0.7313379542113002,50,1.0901394585726005,1.2742242031788749,2.5,1.1666666666666667,28.0,7,15,12,3.51,-6.790000000000001,8.9,1.4,1.1743905726499018,18,6,37,6,0,0,1,0,0,0,0,1,0,0.0,1,0,0.0,1
0.9333333333333333,1.0,8,0.8571428571428571,14,1.4098765433333333,12.68888889,1.349285714,13.49285714,1.547589908749329,137.8,1,6,1.0673369565217392,143.0,-0.8039682500000005,1.039782608695652,1.4404225006140996,19,0.9892339544513457,0.7983695652173913,1.125,1.4285714285714286,5.0,10,9,15,1.79,-11.11,12.4,0.5,1.1743905726499018,0,8,5,7,0,0,2,0,1,0,1,0,1,0.0,0,0,0.0,0
